Funds,Fund Manager,Category,RupeeVestRating,AUM(in Rs. cr),ExpenseRatio (%),Fund Type,Inception Date,Benchmark Index,NAV,52 WeekHigh (NAV),52 WeekLow (NAV),Return (%)1 mo,Return (%)3 mo,Return (%)6 mo,Return (%)1 yr,Return (%)2 yrs,Return (%)3 yrs,Return (%)5 yrs,Return (%)10 yrs,Turnover Ratio (%),No. ofStocks,Avg. Market Cap(in Rs. cr),Large Cap(%),Mid Cap(%),Small Cap(%),Highest Sector,Avg. Maturity(in yrs),Mod. Duration(in yrs),Yield To Maturity (%),Alpha,Sharpe,Sortino,Beta,Standard Deviation,classification,Exit_load_Remarks,Fund Age (Years)
360 ONE Balanced Hybrid Fund-Reg(G),Mayur Patel,HY-EQ,Unrated,860.1,1.94,Open Ended,2023-09-25,NIFTY 50 Hybrid Composite Debt 50:50 Index,12.45,12.57,10.62,0.09,-1.45,1.83,16.18,15.99,,,,53.0,53.0,104021.0,22.23,6.91,13.13,Financials,2.93,,7.39,8.27,1.58,2.28,1.2,7.5,Hybrid : Equity Oriented,Nil upto 10% of units and 1% for remaining units on or before 12M Nil after 12M,2.0
360 ONE Dynamic Bond Fund-Reg(G),Milan Mody,DT-DYN,2,737.5,0.52,Open Ended,2013-06-24,CRISIL Dynamic Bond Index,21.5,21.5,19.61,0.56,1.18,4.7,9.62,8.13,6.6,6.7,6.82,0.0,1.0,156243.5,55.18,14.37,15.24,Not Applicable,6.85,,7.35,3.5,3.72,6.7,0.64,1.45,Debt : Dynamic Bond,Nil,12.0
360 ONE ELSS Tax Saver Nifty 50 Index Fund-Reg(G),Parijat Garg,EQ-ELSS,Unrated,75.8,0.52,Open Ended,2022-12-28,NIFTY 50 - TRI,13.45,14.56,11.74,-1.64,-7.88,-1.39,9.91,15.78,,,,3.0,50.0,555860.0,97.98,1.24,15.24,Financials,,,,1.51,0.47,0.71,0.99,13.9,Equity : Tax Saving (ELSS),Nil,3.0
360 ONE Flexicap Fund-Reg(G),Mayur Patel,EQ-FLEX,Unrated,1254.2,2.08,Open Ended,2023-06-30,BSE 500 - TRI,15.33,16.1,11.82,-0.61,-5.71,0.43,27.02,15.99,,,,27.0,53.0,96024.0,48.74,17.75,28.15,Financials,,,,16.98,1.4,2.02,0.92,15.45,Equity : Flexi Cap,1% on or before 365D Nil after 365D,2.0
360 ONE Focused Equity Fund-Reg(G),Mayur Patel,EQ-MLC,4,7305.0,1.78,Open Ended,2014-10-30,BSE 500 - TRI,46.19,50.23,39.0,-2.79,-8.69,-4.21,14.9,22.71,14.5,20.21,15.71,43.0,31.0,179687.0,67.69,10.53,17.9,Financials,,,,6.25,0.71,1.0,1.02,16.03,Equity : Multi Cap,1% on or before 12M,11.0
360 ONE Liquid Fund-Reg(G),Milan Mody,DT-LIQ,1,772.9,0.25,Open Ended,2013-11-13,CRISIL Liquid Debt Index,1945.6,1945.6,1815.46,0.58,1.71,3.47,7.19,7.04,6.27,5.03,5.9,0.0,50.0,156243.5,55.18,14.37,15.24,Not Applicable,0.14,,6.99,1.61,10.39,12.82,0.88,0.16,Debt : Liquid,0.007% for Day 1 0.0065% on Day 2 0.0060% on Day 3 0.0055% on Day 4 0.0050% on Day 5 0.0045% on Day 6 NIL on or after 7D,12.0
360 ONE Quant Fund-Reg(G),Parijat Garg,EQ-THEM,Unrated,604.7,1.83,Open Ended,2021-11-29,BSE 200 - TRI,18.69,20.71,15.0,-1.03,-9.99,-2.28,21.82,33.9,22.83,,,94.0,35.0,123986.0,60.76,37.72,15.24,Financials,,,,12.78,0.96,1.37,1.1,19.17,Equity : Thematic,1% on or before 12M Nil after 12M,4.0
Aditya Birla SL Active Debt Multi-Mgr FoF(G),Kaustubh Gupta,FOF-DOM,Unrated,10.3,0.54,Open Ended,2006-12-28,CRISIL Composite Bond Index,35.85,35.94,33.24,0.43,1.13,3.91,7.84,7.32,5.87,6.21,6.77,18.0,50.0,156243.5,55.18,14.37,15.24,Not Applicable,,,,2.6,2.17,3.78,0.4,1.74,FoFs : Domestic,0.25% on or before 15D Nil after 15D,19.0
Aditya Birla SL Arbitrage Fund(G),Lovelish Solanki,HY-ARB,3,13843.7,1.01,Open Ended,2009-07-24,Nifty 50 Arbitrage - TRI,25.69,25.69,23.92,0.66,1.83,3.45,7.45,7.32,6.24,5.31,5.84,1402.0,191.0,205260.0,51.67,15.08,3.69,Financials,1.02,0.66,7.5,3.53,3.35,7.38,-0.08,0.99,Hybrid : Arbitrage,0.25% on or before 15D Nil after 15D,16.0
Aditya Birla SL Asset Allocator FoF(G),Vinod Narayan Bhat,FOF-DOM,Unrated,187.4,1.25,Open Ended,2006-08-17,CRISIL Hybrid 50+50 - Moderate Index,63.05,65.76,53.88,0.06,-3.86,1.62,16.57,19.86,13.36,16.02,11.93,18.0,50.0,156243.5,55.18,14.37,15.24,Not Applicable,,,,7.41,1.1,1.54,1.81,11.67,FoFs : Domestic,1% on or before 365D Nil after 365D,19.0
Aditya Birla SL Bal Bhavishya Yojna-Reg(G),Chanchal Khandelwal,HY-SOL,2,1087.2,2.15,Open Ended,2019-02-11,NIFTY 500 - TRI,19.68,20.94,16.55,-0.1,-6.77,-0.05,14.7,19.26,12.6,12.69,,58.0,63.0,121321.0,55.89,11.69,30.7,Financials,,,,4.89,0.72,1.01,2.23,15.85,Hybrid : Solution Oriented,Nil,6.0
Aditya Birla SL Balanced Advantage Fund(G),Harish krishnan,HY-DYN,4,7400.2,1.8,Open Ended,2000-04-25,CRISIL Hybrid 50+50 - Moderate Index,100.81,104.73,87.71,-0.53,-4.05,1.68,13.1,15.08,11.42,12.44,10.5,278.0,98.0,211944.0,51.92,11.13,3.84,Financials,3.73,2.87,7.41,5.17,1.12,1.66,1.23,7.84,Hybrid : Dynamic Asset Allocation,0.25% on or before 7D Nil after 7D,25.0
Aditya Birla SL Banking & Financial Services Fund-Reg(G),Dhaval Gala,EQ-FIN,4,3269.7,1.99,Open Ended,2013-12-14,Nifty Financial Services - TRI,56.09,60.25,48.89,-1.97,-6.47,-2.88,9.31,15.98,14.66,12.03,12.76,20.0,34.0,226190.0,65.94,11.52,19.26,Financials,,,,1.23,0.39,0.56,1.03,16.42,Equity : Sectoral - Financial Services,1% on or before 30D Nil after 30D,12.0
Aditya Birla SL Banking & PSU Debt(G),Kaustubh Gupta,DT-B&PSU,4,9482.9,0.73,Open Ended,2008-05-05,NIFTY Banking and PSU Debt Index,350.92,350.92,325.39,0.55,1.45,3.97,7.84,7.33,6.1,6.51,7.54,0.0,50.0,156243.5,55.18,14.37,15.24,Not Applicable,4.46,3.3,7.41,2.65,5.12,9.72,0.37,0.73,Debt : Banking & PSU,Nil,17.0
Aditya Birla SL BSE India Infrastructure Index Fund-Reg(G),Priya Sridhar,EQ-INFRA,Unrated,709.5,1.08,Open Ended,2024-12-04,BSE India Infrastructure Index - TRI,9.59,10.19,9.35,0.31,-2.11,3.25,11.97,15.99,,,,18.0,50.0,156243.5,55.18,14.37,15.24,,,,,4.33,1.34,2.01,0.88,12.37,Equity : Sectoral - Infrastructure,0.05% on or before 30D Nil after 30D,1.0
Aditya Birla SL BSE Sensex ETF,Priya Sridhar,EQ-ETF,Unrated,331.9,0.08,Open Ended,2016-07-18,BSE SENSEX - TRI,79.07,84.76,68.87,-1.64,-6.69,-0.82,9.8,15.66,12.43,15.19,,18.0,30.0,684548.0,99.14,0.72,15.24,Financials,,,,1.39,0.46,0.71,1.0,13.89,Equity : ETFs,,9.0
Aditya Birla SL Business Cycle Fund-Reg(G),Harish krishnan,EQ-THEM,Unrated,1823.2,2.1,Open Ended,2021-12-03,BSE 500 - TRI,14.97,15.99,12.45,0.2,-5.91,1.56,19.19,19.15,14.25,,,18.0,70.0,132232.0,55.93,17.75,23.6,Financials,,,,10.21,1.07,1.6,0.92,13.92,Equity : Thematic,1% on or before 30D Nil after 30D,4.0
Aditya Birla SL Conglomerate Fund-Reg(G),Harish krishnan,EQ-THEM,Unrated,709.5,1.08,Open Ended,2024-12-27,BSE Select Business Groups Index - TRI,10.05,10.05,10.0,0.31,-2.11,3.25,11.97,15.99,,,,18.0,50.0,156243.5,55.18,14.37,15.24,,,,,4.33,1.34,2.01,0.88,12.37,Equity : Thematic,0.50% on or before 90D Nil after 90D,1.0
Aditya Birla SL Corp Bond Fund(G),Kaustubh Gupta,DT-CORP,5,24978.5,0.52,Open Ended,1997-03-03,NIFTY Corporate Bond Index,108.03,108.04,99.52,0.53,1.5,4.27,8.53,7.86,6.6,7.09,7.77,0.0,50.0,156243.5,55.18,14.37,15.24,Not Applicable,5.37,3.74,7.51,2.97,4.9,9.41,0.47,0.89,Debt : Corporate Bond,Nil,28.0
Aditya Birla SL Credit Risk Fund-Reg(G),Sunaina da Cunha,DT-CR,3,917.8,1.54,Open Ended,2015-04-22,CRISIL Credit Risk Debt Index,20.57,20.57,18.35,0.47,4.19,7.18,11.98,9.43,8.65,8.32,,0.0,1.0,156243.5,55.18,14.37,15.24,Not Applicable,3.03,2.14,8.28,6.48,2.63,15.65,0.4,2.91,Debt : Credit Risk,Nil upto 15% of units For remaining units 3% on or before 1Y 2% after 1Y but on or before 2Y 1% after 2Y but on or before 3Y Nil after 3Y,10.0
Aditya Birla SL CRISIL 10 Year Gilt ETF,Bhupesh Bameta,DT-ETF,Unrated,17.8,0.1,Open Ended,2024-08-13,Crisil 10 Yr Gilt Index,102.98,103.22,100.0,0.32,1.05,3.25,11.97,15.99,,,,0.0,50.0,156243.5,55.18,14.37,15.24,Not Applicable,9.03,6.49,6.89,4.33,1.34,2.01,0.88,12.37,Debt : ETFs,,1.0
Aditya Birla SL CRISIL Broad Based Gilt ETF,Kaustubh Gupta,DT-ETF,Unrated,43.6,0.19,Open Ended,2024-07-05,CRISIL Broad Based Gilt Index,104.32,104.44,100.0,0.39,0.77,3.25,11.97,15.99,,,,0.0,50.0,156243.5,55.18,14.37,15.24,Not Applicable,12.06,6.91,6.94,4.33,1.34,2.01,0.88,12.37,Debt : ETFs,,1.0
Aditya Birla SL CRISIL IBX 50:50 Gilt Plus SDL Apr 2028 Index Fund-Reg(G),Mohit Sharma,DT-M&LD,Unrated,397.8,0.35,Open Ended,2022-10-13,CRISIL IBX 50:50 Gilt Plus SDL Index - April 2028,11.89,11.89,10.99,0.5,1.4,4.08,8.09,7.9,,,,0.0,50.0,156243.5,55.18,14.37,15.24,Not Applicable,3.22,2.79,6.96,2.72,4.47,9.85,0.4,0.87,Debt : Medium to Long Duration,Nil,3.0
Aditya Birla SL CRISIL IBX 60:40 SDL + AAA PSU - Apr 2025 Index Fund-Reg(G),Mohit Sharma,DT-MD,Unrated,168.1,0.35,Open Ended,2022-03-30,CRISIL IBX 60:40 SDL + AAA PSU Index - April 2025,11.63,11.63,10.84,0.57,1.63,3.48,7.29,7.1,,,,0.0,50.0,156243.5,55.18,14.37,15.24,Not Applicable,0.32,0.29,7.03,3.05,9.83,19.98,0.05,0.33,Debt : Medium Duration,Nil,3.0
Aditya Birla SL CRISIL IBX 60:40 SDL + AAA PSU - Apr 2027 Index Fund-Reg(G),Mohit Sharma,DT-M&LD,Unrated,1685.1,0.4,Open Ended,2022-03-29,CRISIL IBX 60:40 SDL + AAA PSU Index - April 2027,11.66,11.66,10.83,0.55,1.56,3.79,7.79,7.3,,,,0.0,50.0,156243.5,55.18,14.37,15.24,Not Applicable,2.03,1.8,7.2,2.97,6.56,14.95,0.23,0.55,Debt : Medium to Long Duration,Nil,3.0
Aditya Birla SL CRISIL IBX 60:40 SDL + AAA PSU Apr 2026 Index Fund-Reg(G),Bhupesh Bameta,DT-B&PSU,Unrated,52.8,0.45,Open Ended,2022-12-02,CRISIL IBX 60:40 SDL + AAA PSU Index - April 2026,11.51,11.51,10.72,0.56,1.6,3.63,7.41,7.11,,,,0.0,50.0,156243.5,55.18,14.37,15.24,Not Applicable,1.14,1.03,7.2,2.85,7.0,15.83,0.16,0.47,Debt : Banking & PSU,Nil,3.0
Aditya Birla SL CRISIL IBX Gilt - April 2026 Index Fund-Reg(G),Bhupesh Bameta,DT-MD,Unrated,294.3,0.36,Open Ended,2022-10-07,CRISIL IBX Gilt Index - April 2026,11.72,11.72,10.94,0.56,1.49,3.59,7.22,7.13,,,,0.0,50.0,156243.5,55.18,14.37,15.24,Not Applicable,1.3,1.21,6.82,2.57,5.79,13.38,0.19,0.54,Debt : Medium Duration,Nil,3.0
Aditya Birla SL CRISIL IBX Gilt Apr 2028 Index Fund-Reg(G),Bhupesh Bameta,DT-M&LD,Unrated,29.2,0.79,Open Ended,2023-03-15,CRISIL IBX Gilt Index - April 2028,11.34,11.34,10.56,0.53,1.28,3.73,7.38,15.99,,,,0.0,50.0,156243.5,55.18,14.37,15.24,Not Applicable,2.96,2.56,6.85,2.02,3.68,7.79,0.41,0.88,Debt : Medium to Long Duration,Nil,2.0
Aditya Birla SL CRISIL IBX Gilt Apr 2029 Index Fund-Reg(G),Harshil Suvarnkar,DT-GILT,Unrated,695.2,0.37,Open Ended,2022-10-19,CRISIL IBX Gilt Index - April 2029,11.95,11.96,11.03,0.43,1.27,4.3,8.37,8.17,,,,0.0,50.0,156243.5,55.18,14.37,15.24,Not Applicable,4.34,3.68,6.82,2.39,3.28,5.97,0.61,1.28,Debt : Gilt,Nil,3.0
Aditya Birla SL CRISIL IBX Gilt April 2033 Index Fund-Reg(G),Bhupesh Bameta,DT-LD,Unrated,87.2,0.47,Open Ended,2023-12-22,CRISIL IBX Gilt Index - April 2033,10.94,10.94,10.0,0.45,0.99,4.69,9.22,15.99,,,,0.0,50.0,156243.5,55.18,14.37,15.24,Not Applicable,7.66,5.65,6.92,1.94,2.71,4.96,0.99,1.8,Debt : Long Duration,Nil,2.0
Aditya Birla SL CRISIL IBX Gilt June 2027 Index Fund-Reg(G),Bhupesh Bameta,DT-GILT,Unrated,13.0,0.5,Open Ended,2024-06-05,CRISIL IBX Gilt Index - June 2027,10.45,10.45,10.0,0.5,1.42,3.8,11.97,15.99,,,,0.0,50.0,156243.5,55.18,14.37,15.24,Not Applicable,2.4,2.09,6.79,4.33,1.34,2.01,0.88,12.37,Debt : Gilt,Nil,1.0
Aditya Birla SL CRISIL IBX SDL Jun 2032 Index Fund-Reg(G),Bhupesh Bameta,DT-LD,Unrated,160.0,0.57,Open Ended,2023-02-14,CRISIL IBX SDL Index - June 2032,11.72,11.72,10.61,0.65,1.46,4.6,9.8,15.99,,,,0.0,50.0,156243.5,55.18,14.37,15.24,Not Applicable,7.12,5.35,7.19,3.12,3.04,6.2,0.76,1.77,Debt : Long Duration,Nil,2.0
Aditya Birla SL CRISIL Liquid Overnight ETF,Sanjay Pawar,DT-ON,Unrated,61.9,0.43,Open Ended,2023-03-13,CRISIL Liquid Overnight Index,1000.0,1000.55,1000.0,0.51,1.51,3.02,6.29,15.99,,,,18.0,50.0,156243.5,55.18,14.37,15.24,Not Applicable,,,,0.93,6.72,8.75,0.88,0.14,Debt : Overnight,,2.0
Aditya Birla SL CRISIL-IBX AAA Financial Services Index-Sep 2027 Fund-Reg(G),Harshil Suvarnkar,DT-M&LD,Unrated,100.9,1.08,Open Ended,2024-11-13,CRISIL IBX AAA Financial Services Index - Sep 2027,10.08,10.09,10.0,0.6,-2.11,3.25,11.97,15.99,,,,0.0,50.0,156243.5,55.18,14.37,15.24,Not Applicable,2.39,2.03,7.66,4.33,1.34,2.01,0.88,12.37,Debt : Medium to Long Duration,Nil,1.0
Aditya Birla SL CRISIL-IBX AAA NBFC-HFC Index-Dec 2025 Fund-Reg(G),Sanjay Godambe,DT-SD,Unrated,372.4,1.08,Open Ended,2024-10-15,CRISIL-IBX AAA NBFC-HFC Index - Dec 2025,10.15,10.15,10.0,0.63,-2.11,3.25,11.97,15.99,,,,0.0,50.0,156243.5,55.18,14.37,15.24,Not Applicable,0.94,0.87,7.84,4.33,1.34,2.01,0.88,12.37,Debt : Short Duration,Nil,1.0
Aditya Birla SL CRISIL-IBX AAA NBFC-HFC Index-Sep 2026 Fund-Reg(G),Harshil Suvarnkar,DT-SD,Unrated,274.9,1.08,Open Ended,2024-10-08,CRISIL-IBX AAA NBFC-HFC Index - Sep 2026,10.17,10.17,10.0,0.66,-2.11,3.25,11.97,15.99,,,,0.0,50.0,156243.5,55.18,14.37,15.24,Not Applicable,1.62,1.43,7.86,4.33,1.34,2.01,0.88,12.37,Debt : Short Duration,Nil,1.0
Aditya Birla SL CRISIL-IBX Financial Services 3 to 6 Months Debt Index Fund-Reg(G),Harshil Suvarnkar,DT-USD,Unrated,1118.5,1.08,Open Ended,2024-12-17,CRISIL-IBX Financial Services 3 to 6 Months Debt Index,10.04,10.04,10.0,0.31,-2.11,3.25,11.97,15.99,,,,18.0,50.0,156243.5,55.18,14.37,15.24,Not Applicable,,,,4.33,1.34,2.01,0.88,12.37,Debt : Ultra Short Duration,Nil,1.0
Aditya Birla SL Digital India Fund(G),Kunal Sangoi,EQ-TECH,Unrated,5332.7,1.87,Open Ended,2000-01-15,BSE TECk Index - TRI,186.86,197.62,146.0,0.03,-0.05,12.91,18.32,26.67,7.98,27.7,18.88,31.0,33.0,191813.0,64.97,7.44,20.23,Technology,,,,10.68,0.9,1.69,0.73,16.04,Equity : Sectoral - Technology,1% on or before 30D Nil after 30D,25.0
Aditya Birla SL Dividend Yield Fund(G),Dhaval Gala,EQ-DIV,Unrated,1536.5,2.21,Open Ended,2003-02-10,NIFTY 500 - TRI,452.51,497.49,379.09,-1.52,-8.76,0.55,18.18,28.94,20.52,22.45,12.14,33.0,67.0,114357.0,55.76,10.69,24.65,Technology,,,,9.83,0.88,1.27,0.98,16.7,Equity : Thematic - Dividend Yield,1% on or before 90D Nil after 90D,22.0
Aditya Birla SL Dynamic Bond Fund-Reg(G),Mohit Sharma,DT-DYN,1,1716.9,1.23,Open Ended,2004-09-27,NIFTY Composite Debt Index,44.23,44.27,40.6,0.45,0.6,4.27,8.8,7.76,7.16,7.19,6.4,0.0,50.0,156243.5,55.18,14.37,15.24,Not Applicable,15.02,8.15,7.24,1.18,2.14,3.62,1.13,2.11,Debt : Dynamic Bond,Nil upto 15% of units0.50% in excess of limit on or before 90D and Nil after 90D,21.0
Aditya Birla SL ELSS Tax Saver Fund(G),Dhaval Shah,EQ-ELSS,1,15745.8,1.68,Open Ended,2008-03-10,NIFTY 500 - TRI,57.89,62.96,48.77,-1.67,-8.66,-2.08,16.11,18.22,11.41,12.22,11.03,28.0,67.0,190619.0,64.01,17.53,15.24,Financials,,,,7.71,0.89,1.3,0.92,13.83,Equity : Tax Saving (ELSS),Nil,17.0
Aditya Birla SL Equity Advantage Fund(G),Vishal Gajwani,EQ-L&M,4,5869.5,1.9,Open Ended,1995-02-24,NIFTY LargeMidcap 250 - TRI,901.21,960.8,746.94,0.23,-6.92,-0.62,16.09,22.12,9.17,16.01,12.3,47.0,77.0,103434.0,45.23,36.14,17.16,Financials,,,,7.51,0.79,1.12,0.97,15.67,Equity : Large & Mid Cap,1% on or before 90D Nil after 90D,30.0
Aditya Birla SL Equity Hybrid 95 Fund(G),Chanchal Khandelwal,HY-EQ,4,7684.2,1.85,Open Ended,1995-02-10,CRISIL Hybrid 35+65 - Aggressive Index,1486.91,1557.86,1261.26,-0.72,-4.98,0.65,15.6,18.88,11.68,13.88,10.37,69.0,80.0,216645.0,55.66,9.09,11.79,Financials,5.45,3.63,7.43,5.95,1.06,1.59,1.79,10.52,Hybrid : Equity Oriented,1% on or before 90D Nil after 90D,30.0
Aditya Birla SL Equity Savings Fund-Reg(G),Lovelish Solanki,HY-EQ,2,624.3,1.12,Open Ended,2014-11-28,NIFTY 50 Equity Savings Index - TRI,21.07,21.07,19.38,0.38,-0.1,2.84,8.31,9.93,6.26,8.42,7.57,692.0,121.0,258243.0,48.73,16.8,3.32,Financials,3.53,2.78,6.92,2.7,1.5,2.45,0.46,2.68,Hybrid : Equity Oriented,0.25% on or before 7D Nil after 7D,11.0
Aditya Birla SL ESG Integration Strategy Fund-Reg(G),Chanchal Khandelwal,EQ-THEM,Unrated,686.8,2.41,Open Ended,2020-12-24,NIFTY100 ESG - TRI,18.1,18.95,14.38,-0.11,-5.57,5.7,22.15,23.04,9.46,,,18.0,49.0,188095.0,67.07,21.51,9.87,Financials,,,,12.78,1.29,2.12,0.85,13.25,Equity : Thematic,1% on or before 30D Nil after 30D,5.0
Aditya Birla SL Financial Planning FOF Aggressive Plan(G),Vinod Narayan Bhat,FOF-DOM,Unrated,216.0,1.19,Open Ended,2011-05-09,CRISIL Hybrid 35+65 - Aggressive Index,51.1,54.15,43.41,-0.26,-5.27,1.11,16.89,20.7,14.75,16.85,12.37,18.0,50.0,156243.5,55.18,14.37,15.24,Not Applicable,,,,7.79,1.09,1.58,1.79,11.99,FoFs : Domestic,1% on or before 365D Nil after 365D,14.0
Aditya Birla SL Financial Planning FOF Conservative Plan(G),Vinod Narayan Bhat,FOF-DOM,Unrated,19.1,1.06,Open Ended,2011-05-09,CRISIL Short Term Debt Hybrid 75+25 Index,32.42,33.22,28.97,0.19,-2.21,2.39,11.72,13.8,10.51,11.22,8.85,18.0,50.0,156243.5,55.18,14.37,15.24,Not Applicable,,,,4.69,1.27,1.85,1.03,6.08,FoFs : Domestic,1% on or before 1Y Nil after 1Y,14.0
Aditya Birla SL Financial Planning FOF Moderate Plan(G),Vinod Narayan Bhat,FOF-DOM,Unrated,36.3,1.18,Open Ended,2011-05-09,CRISIL Hybrid 50+50 - Moderate Index,40.08,41.8,34.91,-0.1,-3.85,1.72,14.29,17.23,12.6,14.02,10.51,18.0,50.0,156243.5,55.18,14.37,15.24,Not Applicable,,,,6.15,1.15,1.66,1.43,9.08,FoFs : Domestic,1% on or before 365D Nil after 365D,14.0
Aditya Birla SL Flexi Cap Fund(G),Harish krishnan,EQ-FLEX,3,22440.2,1.68,Open Ended,1998-08-27,NIFTY 500 - TRI,1734.39,1853.62,1425.06,-0.79,-7.15,1.95,18.66,22.91,14.53,17.63,13.92,44.0,81.0,188311.0,69.01,16.84,12.37,Financials,,,,9.83,1.05,1.59,0.92,13.73,Equity : Flexi Cap,1% on or before 90D Nil after 90D,27.0
Aditya Birla SL Floating Rate Fund(G),Kaustubh Gupta,DT-FL,3,13287.1,0.44,Open Ended,2009-03-25,NIFTY Low Duration Debt Index,333.94,333.94,309.53,0.62,1.85,3.85,7.9,7.68,6.72,6.46,7.37,0.0,50.0,156243.5,55.18,14.37,15.24,Not Applicable,1.89,1.02,7.64,3.6,10.34,19.98,0.07,0.37,Debt : Floater,Nil,16.0
Aditya Birla SL Focused Fund(G),Kunal Sangoi,EQ-LC,3,7706.3,1.82,Open Ended,2005-10-24,NIFTY 500 - TRI,138.24,148.29,112.95,-1.05,-7.02,1.6,19.31,21.7,14.34,16.83,12.38,27.0,29.0,327990.0,78.14,11.98,2.11,Financials,,,,9.9,1.08,1.66,0.94,13.58,Equity : Large Cap,1% on or before 90D Nil after 90D,20.0
Aditya Birla SL Frontline Equity Fund(G),Mahesh Patil,EQ-LC,4,29323.3,1.65,Open Ended,2002-08-30,NIFTY 100 - TRI,511.08,550.82,427.33,-1.27,-7.69,-0.12,16.0,20.12,14.5,16.79,12.3,40.0,79.0,308142.0,83.74,4.63,8.17,Financials,,,,7.13,0.87,1.31,0.95,13.68,Equity : Large Cap,1% on or before 90D Nil after 90D,23.0
Aditya Birla SL FTP-TI-1837D-Reg(G),Mohit Sharma,DT-FMP,Unrated,304.9,1.08,Closed Ended,2021-06-29,CRISIL Medium to Long Term Debt Index,12.25,12.25,11.34,0.57,1.59,3.89,8.02,7.57,5.83,,,18.0,50.0,156243.5,55.18,14.37,15.24,Not Applicable,,,,3.4,6.07,14.84,0.16,0.64,Debt : FTP/FMP,,4.0
Aditya Birla SL FTP-TJ-1838D-Reg(G),Mohit Sharma,DT-FMP,Unrated,25.1,1.08,Closed Ended,2021-07-16,CRISIL Medium to Long Term Debt Index,12.24,12.24,11.33,0.55,1.56,3.85,8.08,7.6,5.88,,,18.0,50.0,156243.5,55.18,14.37,15.24,Not Applicable,,,,3.4,6.1,14.1,0.18,0.64,Debt : FTP/FMP,,4.0
Aditya Birla SL FTP-TQ-1879D-Reg(G),Mohit Sharma,DT-FMP,Unrated,211.8,1.08,Closed Ended,2022-03-24,CRISIL Medium to Long Term Debt Index,11.82,11.83,10.95,0.5,1.51,3.99,8.06,7.78,,,,18.0,50.0,156243.5,55.18,14.37,15.24,Not Applicable,,,,3.02,5.66,13.27,0.29,0.69,Debt : FTP/FMP,,3.0
Aditya Birla SL FTP-UB-1224D-Reg(G),Mohit Sharma,DT-FMP,Unrated,24.5,1.08,Closed Ended,2022-12-16,CRISIL Medium Duration Debt Index,11.54,11.54,10.74,0.59,1.55,3.73,7.48,7.37,,,,18.0,50.0,156243.5,55.18,14.37,15.24,Not Applicable,,,,2.8,5.97,13.55,0.2,0.57,Debt : FTP/FMP,,3.0
Aditya Birla SL FTP-UJ-1110D-Reg(G),Mohit Sharma,DT-FMP,Unrated,73.3,1.08,Closed Ended,2023-03-27,CRISIL Medium Duration Debt Index,11.36,11.36,10.57,0.57,1.53,3.76,7.46,15.99,,,,18.0,50.0,156243.5,55.18,14.37,15.24,Not Applicable,,,,2.87,5.9,12.9,0.17,0.57,Debt : FTP/FMP,,2.0
Aditya Birla SL G-Sec Fund(G),Bhupesh Bameta,DT-GILT,3,2045.0,1.14,Open Ended,1999-10-11,Nifty All Duration G-Sec Index,78.26,78.55,71.6,0.22,0.03,3.63,9.03,7.96,5.85,6.51,7.73,0.0,50.0,156243.5,55.18,14.37,15.24,Not Applicable,20.87,9.38,7.04,0.66,1.84,3.21,1.36,2.55,Debt : Gilt,Nil,26.0
Aditya Birla SL Global Emerging Opp Fund(G),Dhaval Joshi,FOF-OVR,Unrated,248.2,1.16,Open Ended,2008-09-17,S&P Global 1200,25.21,26.2,20.57,-1.08,2.34,3.6,19.6,-2.14,4.68,12.29,7.51,0.2,1.0,156243.5,55.18,14.37,15.24,Not Applicable,,,,15.2,1.1,1.78,0.5,15.01,FoFs : Overseas,0.25% on or before 28D Nil after 28D,17.0
Aditya Birla SL Global Excellence Equity FoF(G),Dhaval Joshi,FOF-OVR,Unrated,201.4,1.28,Open Ended,2007-12-31,MSCI World,32.11,33.15,26.33,-0.93,-0.19,1.7,19.66,2.85,7.99,8.76,6.39,0.06,1.0,156243.5,55.18,14.37,15.24,Not Applicable,,,,15.3,1.1,1.8,0.48,14.91,FoFs : Overseas,0.25% on or before 28D Nil after 28D,18.0
Aditya Birla SL Gold ETF,Sachin Wankhede,GOLD-ETF,Unrated,946.5,0.54,Open Ended,2011-05-13,Gold-India,68.35,70.72,55.06,-0.17,1.3,6.3,19.85,16.77,15.79,13.5,9.93,18.0,50.0,156243.5,55.18,14.37,15.24,Not Applicable,,,,15.12,1.22,1.85,0.09,12.62,Gold : ETFs,Nil,14.0
Aditya Birla SL Gold Fund(G),Priya Sridhar,GOLD-MF,Unrated,434.7,0.52,Open Ended,2012-03-20,Gold-India,22.47,23.53,18.36,-0.66,0.74,6.25,18.87,16.41,15.05,12.71,9.36,18.0,50.0,156243.5,55.18,14.37,15.24,Not Applicable,,,,13.78,1.03,1.71,0.23,14.05,Gold : MFs,1% on or before 15D Nil after 15D,13.0
Aditya Birla SL Income Fund(G),Bhupesh Bameta,DT-M&LD,5,2185.1,1.16,Open Ended,1995-10-21,CRISIL Medium to Long Term Debt Index,120.55,120.72,110.98,0.46,0.75,3.96,8.39,7.45,5.72,6.69,6.97,0.0,50.0,156243.5,55.18,14.37,15.24,Not Applicable,15.12,6.65,7.34,1.23,2.3,4.06,0.97,1.8,Debt : Medium to Long Duration,Nil,30.0
Aditya Birla SL India GenNext Fund(G),Chanchal Khandelwal,EQ-CONS,3,5891.5,1.85,Open Ended,2005-08-05,Nifty India Consumption - TRI,215.03,236.16,174.57,-0.4,-9.18,2.08,17.92,22.44,16.41,18.44,15.32,18.0,80.0,144198.0,66.78,15.93,16.68,FMCG,,,,9.85,1.14,1.91,0.72,11.88,Equity : Thematic - Consumption,1% on or before 30D Nil after 30D,20.0
Aditya Birla SL Infrastructure Fund(G),Mahesh Patil,EQ-INFRA,4,1187.6,2.25,Open Ended,2006-03-17,Nifty Infrastructure - TRI,95.37,102.31,76.25,-1.13,-7.17,-3.88,24.07,33.59,25.39,25.62,13.73,49.0,64.0,61544.0,39.59,19.43,36.52,Capital Goods,,,,14.67,1.06,1.48,1.07,18.95,Equity : Sectoral - Infrastructure,1% on or before 30D Nil after 30D,19.0
Aditya Birla SL Intl. Equity Fund(G),Dhaval Joshi,EQ-INTL,Unrated,187.7,2.54,Open Ended,2007-10-31,S&P Global 1200,34.63,36.1,31.36,-2.59,-3.37,7.13,7.24,7.91,4.46,7.97,7.82,81.0,74.0,156243.5,55.18,14.37,15.24,,,,,2.92,0.37,0.61,0.12,9.45,Equity : International,1% on or before 30D Nil after 30D,18.0
Aditya Birla SL Inv Inc-QS I-Reg(G),Mohit Sharma,DT-FMP,Unrated,28.3,1.08,Interval,2007-08-30,CRISIL Liquid Debt Index,32.9,32.9,30.65,0.62,1.75,3.49,7.36,7.27,6.77,5.46,6.16,0.0,50.0,156243.5,55.18,14.37,15.24,Not Applicable,0.11,,,3.25,11.11,23.54,0.01,0.3,Debt : FTP/FMP,Nil,18.0
Aditya Birla SL Liquid Fund(G),Kaustubh Gupta,DT-LIQ,3,39882.7,0.34,Open Ended,2004-03-30,Nifty Liquid Fund Index,406.73,406.73,378.97,0.59,1.74,3.54,7.35,7.19,6.41,5.34,6.35,0.0,50.0,156243.5,55.18,14.37,15.24,Not Applicable,0.12,0.12,7.18,0.76,9.85,5.44,0.88,0.08,Debt : Liquid,0.007% for Day 1 0.0065% on Day 2 0.0060% on Day 3 0.0055% on Day 4 0.0050% on Day 5 0.0045% on Day 6 NIL after 7D,21.0
Aditya Birla SL Long Duration Fund-Reg(G),Harshil Suvarnkar,DT-LD,Unrated,154.9,1.09,Open Ended,2022-08-08,NIFTY Long Duration Debt Index,12.26,12.31,11.06,0.4,0.23,4.27,10.57,8.78,,,,0.0,50.0,156243.5,55.18,14.37,15.24,Not Applicable,28.36,10.8,7.2,1.79,2.33,4.19,1.44,2.6,Debt : Long Duration,Nil,3.0
Aditya Birla SL Low Duration Fund(G),Kaustubh Gupta,DT-LOWD,3,11710.6,1.23,Open Ended,1998-05-14,NIFTY Low Duration Debt Index,632.5,632.5,590.76,0.58,1.67,3.46,7.09,6.9,6.03,5.84,6.74,0.0,50.0,156243.5,55.18,14.37,15.24,Not Applicable,1.25,0.94,7.66,2.8,9.02,18.57,0.08,0.33,Debt : Low Duration,Nil,27.0
Aditya Birla SL Medium Term Plan-Reg(G),Sunaina da Cunha,DT-MD,2,2004.0,1.58,Open Ended,2009-03-25,CRISIL Medium Duration Debt Index,37.2,37.2,33.62,0.51,3.0,5.99,10.5,8.66,13.79,11.26,8.38,0.0,1.0,156243.5,55.18,14.37,15.24,Not Applicable,4.71,3.64,7.77,4.36,2.84,9.5,0.62,2.19,Debt : Medium Duration,Nil upto 15% of units For remaining units 2% on or before 1Y 1 % after 1Y but on or before 2Y Nil after 2Y,16.0
Aditya Birla SL Mfg. Equity Fund-Reg(G),Harish krishnan,EQ-CONS,4,1197.5,2.24,Open Ended,2015-02-03,BSE India Manufacturing Index - TRI,32.93,35.02,25.61,-0.03,-6.94,2.26,25.74,29.54,18.48,20.44,,32.0,67.0,65318.0,42.19,21.35,35.07,Automobile and Ancillaries,,,,16.18,1.28,1.88,0.94,16.29,Equity : Thematic - Consumption,1% on or before 90D Nil after 90D,10.0
Aditya Birla SL Midcap Fund(G),Vishal Gajwani,EQ-MID,2,5930.0,1.87,Open Ended,2002-10-03,Nifty Midcap 150 - TRI,783.11,842.23,609.63,-0.2,-8.34,1.24,21.79,31.3,17.91,22.8,14.35,31.0,83.0,45990.0,9.14,66.62,21.86,Financials,,,,13.26,1.12,1.66,0.86,15.71,Equity : Mid Cap,1% on or before 90D Nil after 90D,23.0
Aditya Birla SL MNC Fund-Reg(G),Chanchal Khandelwal,EQ-MNC,Unrated,3889.1,2.0,Open Ended,1999-12-27,NIFTY MNC - TRI,1353.05,1477.27,1104.76,-1.34,-8.41,-2.81,17.23,20.27,11.28,11.44,10.34,15.0,65.0,43510.0,24.66,30.82,43.18,Automobile and Ancillaries,,,,10.16,1.06,1.65,0.61,12.44,Equity : Thematic - MNC,1% on or before 90D Nil after 90D,26.0
Aditya Birla SL Money Manager Fund(G),Kaustubh Gupta,DT-MM,5,22772.2,0.35,Open Ended,2005-10-13,CRISIL Money Market Index,356.04,356.04,330.55,0.64,1.79,3.7,7.73,7.58,6.67,6.09,6.92,0.0,50.0,156243.5,55.18,14.37,15.24,Not Applicable,0.4,0.39,7.39,3.55,11.23,22.77,0.03,0.33,Debt : Money Market,Nil,20.0
Aditya Birla SL Multi Asset Allocation Fund-Reg(G),Dhaval Gala,HY-MULTI,Unrated,3695.4,1.85,Open Ended,2023-01-31,BSE 200,13.87,14.45,11.79,-0.08,-3.57,2.45,16.2,15.99,,,,0.0,53.0,156269.0,38.99,12.33,13.12,Financials,1.56,1.39,7.35,7.08,1.26,1.86,1.53,9.2,Hybrid : Multi Asset Allocation,1% on or before 365D Nil after 365D,2.0
Aditya Birla SL Multi-Cap Fund-Reg(G),Abhinav Khandelwal,EQ-MLC,Unrated,6297.6,1.83,Open Ended,2021-05-07,Nifty500 Multicap 50:25:25 - TRI,19.77,20.72,15.69,-0.05,-5.61,1.83,22.54,25.92,16.71,,,43.0,74.0,89092.0,43.7,24.39,28.81,Financials,,,,13.46,1.28,1.86,0.87,13.94,Equity : Multi Cap,1% on or before 90D Nil after 90D,4.0
Aditya Birla SL Multi-Index FoF-Reg(G),Vinod Narayan Bhat,FOF-DOM,Unrated,17.9,0.63,Open Ended,2022-10-17,NIFTY 500 - TRI,15.03,15.73,12.59,-0.24,-4.19,0.67,18.13,21.6,,,,18.0,50.0,156243.5,55.18,14.37,15.24,Not Applicable,,,,9.05,1.16,1.67,1.67,12.0,FoFs : Domestic,0.50% on or before 15D Nil after 15D,3.0
Aditya Birla SL NASDAQ 100 FOF-Reg(G),Dhaval Joshi,FOF-OVR,Unrated,406.5,0.62,Open Ended,2021-11-01,Nasdaq-100 - TRI,14.83,15.22,11.12,3.07,10.14,10.71,29.08,41.36,13.56,,,18.0,50.0,156243.5,55.18,14.37,15.24,Not Applicable,,,,20.19,1.4,2.27,1.14,16.88,FoFs : Overseas,Nil,4.0
Aditya Birla SL Nifty 200 Momentum 30 ETF,Priya Sridhar,EQ-ETF,Unrated,71.4,0.32,Open Ended,2022-08-12,Nifty200 Momentum 30 - TRI,33.87,38.55,27.64,-4.02,-12.83,-7.5,20.64,31.63,,,,18.0,30.0,199233.0,86.88,12.88,15.24,Automobile and Ancillaries,,,,11.49,0.8,1.18,1.24,22.12,Equity : ETFs,,3.0
Aditya Birla SL Nifty 200 Quality 30 ETF,Priya Sridhar,EQ-ETF,Unrated,54.8,0.3,Open Ended,2022-08-12,NIFTY200 Quality 30 - TRI,21.68,24.0,18.39,-2.1,-10.67,-0.02,14.05,23.52,,,,18.0,30.0,211030.0,75.14,23.7,0.94,Technology,,,,6.6,0.78,1.3,0.76,13.33,Equity : ETFs,,3.0
Aditya Birla SL Nifty 50 Equal Weight Index Fund-Reg(G),Priya Sridhar,EQ-INDX,Unrated,342.4,1.02,Open Ended,2021-06-08,NIFTY50 Equal Weight - TRI,16.9,18.92,14.8,-1.61,-11.73,-3.13,9.78,20.38,15.71,,,45.0,50.0,290187.0,95.9,3.65,15.24,Financials,,,,1.69,0.46,0.7,0.96,14.34,Equity : Index Funds,Nil,4.0
Aditya Birla SL Nifty 50 ETF,Priya Sridhar,EQ-ETF,Unrated,2795.2,0.06,Open Ended,2011-07-21,NIFTY 50 - TRI,27.79,30.07,24.15,-1.61,-7.82,-1.25,10.39,16.49,12.94,15.71,12.37,1.0,50.0,555831.0,98.61,1.24,15.24,Financials,,,,1.94,0.5,0.76,0.99,13.96,Equity : ETFs,Nil,14.0
Aditya Birla SL Nifty 50 Index Fund-Reg(G),Priya Sridhar,EQ-INDX,3,975.0,0.47,Open Ended,2002-09-18,NIFTY 50 - TRI,243.22,263.52,212.25,-1.65,-7.92,-1.46,9.9,15.9,12.3,15.04,11.42,12.0,50.0,555830.0,98.52,1.24,15.24,Financials,,,,1.49,0.47,0.71,0.99,13.96,Equity : Index Funds,Nil,23.0
Aditya Birla SL Nifty Bank ETF,Priya Sridhar,EQ-ETF,Unrated,2694.6,0.17,Open Ended,2019-10-23,NIFTY BANK - TRI,52.39,55.23,45.23,-1.94,-3.56,-2.71,6.58,10.04,14.01,10.09,,18.0,12.0,538944.0,86.41,13.57,15.24,Financials,,,,-1.69,0.22,0.32,1.08,17.36,Equity : ETFs,,6.0
Aditya Birla SL Nifty Healthcare ETF,Priya Sridhar,EQ-ETF,Unrated,42.0,0.22,Open Ended,2021-10-21,Nifty Healthcare Index - TRI,15.4,15.4,10.96,6.14,1.69,19.34,41.9,38.54,19.73,,,18.0,20.0,120198.0,54.9,39.52,5.38,Healthcare,,,,30.49,2.29,4.26,0.46,14.33,Equity : ETFs,,4.0
Aditya Birla SL Nifty India Defence Index Fund-Reg(G),Priya Sridhar,EQ-INDX,Unrated,408.7,1.06,Open Ended,2024-08-30,Nifty India Defence - TRI,9.39,10.17,8.57,-2.72,-1.66,3.25,11.97,15.99,,,,18.0,16.0,77293.0,41.41,35.51,22.76,Capital Goods,,,,4.33,1.34,2.01,0.88,12.37,Equity : Index Funds,0.05% on or before 30D Nil after 30D,1.0
Aditya Birla SL Nifty IT ETF,Priya Sridhar,EQ-ETF,Unrated,52.2,0.21,Open Ended,2021-10-29,NIFTY IT - TRI,46.51,48.24,33.71,0.5,2.72,18.31,23.3,26.07,6.36,,,18.0,10.0,429391.0,83.72,16.14,15.24,Technology,,,,15.88,1.01,1.83,0.75,19.5,Equity : ETFs,,4.0
Aditya Birla SL Nifty Midcap 150 Index Fund-Reg(G),Priya Sridhar,EQ-INDX,Unrated,298.1,1.01,Open Ended,2021-04-05,Nifty Midcap 150 - TRI,23.65,24.82,18.74,1.52,-5.21,0.81,23.62,33.63,22.67,,,18.0,151.0,58755.0,6.43,86.6,6.76,Financials,,,,14.79,1.12,1.61,0.96,17.51,Equity : Index Funds,0.25% on or before 15D Nil after 15D,4.0
Aditya Birla SL Nifty Next 50 ETF,Priya Sridhar,EQ-ETF,Unrated,63.2,0.17,Open Ended,2018-12-18,NIFTY NEXT 50 - TRI,71.77,80.59,54.94,-3.31,-11.43,-5.09,28.75,28.61,18.61,20.04,,18.0,50.0,143048.0,88.01,11.73,15.24,Financials,,,,18.07,1.18,1.71,1.14,20.17,Equity : ETFs,,7.0
Aditya Birla SL Nifty Next 50 Index Fund-Reg(G),Priya Sridhar,EQ-INDX,Unrated,167.1,0.88,Open Ended,2022-02-18,NIFTY NEXT 50 - TRI,16.72,18.87,12.97,-3.71,-11.9,-5.78,26.95,27.09,,,,18.0,50.0,143043.0,88.49,11.79,15.24,Financials,,,,16.63,1.11,1.61,1.14,20.15,Equity : Index Funds,Nil,3.0
Aditya Birla SL Nifty PSE ETF,Priya Sridhar,EQ-ETF,Unrated,32.1,0.2,Open Ended,2024-05-17,NIFTY PSE,9.79,11.73,9.47,-5.53,-14.62,-10.1,11.97,15.99,,,,18.0,20.0,195664.0,82.4,16.83,15.24,Energy,,,,4.33,1.34,2.01,0.88,12.37,Equity : ETFs,,1.0
Aditya Birla SL Nifty SDL Apr 2027 Index Fund-Reg(G),Bhupesh Bameta,DT-M&LD,Unrated,4168.0,0.5,Open Ended,2022-01-28,Nifty SDL Apr 2027 Index,11.8,11.8,10.94,0.54,1.46,3.78,7.92,7.3,,,,0.0,50.0,156243.5,55.18,14.37,15.24,Not Applicable,2.0,1.81,7.02,3.07,5.82,13.61,0.23,0.64,Debt : Medium to Long Duration,Nil,3.0
Aditya Birla SL Nifty SDL Plus PSU Bond Sep 2026 60:40 Index Fund-Reg(G),Mohit Sharma,DT-M&LD,Unrated,9654.4,0.36,Open Ended,2021-09-24,Nifty SDL Plus PSU Bond Sep 2026 60:40 Index,11.84,11.84,11.0,0.56,1.6,3.76,7.71,7.27,5.51,,,0.0,50.0,156243.5,55.18,14.37,15.24,Not Applicable,1.58,1.42,7.25,3.07,6.89,16.28,0.18,0.52,Debt : Medium to Long Duration,Nil,4.0
Aditya Birla SL Nifty SDL Sep 2025 Index Fund-Reg(G),Bhupesh Bameta,DT-MD,Unrated,66.9,0.35,Open Ended,2022-09-28,Nifty SDL Sep 2025 Index,11.71,11.71,10.91,0.55,1.53,3.51,7.39,7.11,,,,0.0,50.0,156243.5,55.18,14.37,15.24,Not Applicable,0.6,0.56,6.9,3.07,8.07,18.6,0.07,0.41,Debt : Medium Duration,Nil,3.0
Aditya Birla SL Nifty SDL Sep 2027 Index Fund-Reg(G),Harshil Suvarnkar,DT-MD,Unrated,40.5,0.5,Open Ended,2023-03-10,Nifty SDL Sep 2027 Index,11.5,11.5,10.63,0.56,1.45,3.9,8.22,15.99,,,,0.0,50.0,156243.5,55.18,14.37,15.24,Not Applicable,2.63,2.34,6.99,3.02,4.82,10.58,0.33,0.83,Debt : Medium Duration,Nil,2.0
Aditya Birla SL Nifty Smallcap 50 Index Fund-Reg(G),Priya Sridhar,EQ-INDX,Unrated,239.3,1.01,Open Ended,2021-04-05,Nifty Smallcap 50 - TRI,21.65,22.62,15.88,0.15,-3.06,3.27,24.67,42.36,18.51,,,18.0,50.0,24440.0,55.18,15.06,84.84,Financials,,,,15.9,1.0,1.47,1.04,21.08,Equity : Index Funds,0.25% on or before 15D Nil after 15D,4.0
Aditya Birla SL Overnight Fund-Reg(G),Kaustubh Gupta,DT-ON,4,8152.9,0.19,Open Ended,2018-11-01,CRISIL Liquid Overnight Index,1350.31,1350.31,1266.86,0.55,1.6,3.23,6.61,6.59,5.93,4.82,,0.0,50.0,156243.5,55.18,14.37,15.24,Not Applicable,0.01,0.01,6.66,0.25,30.11,1.94,0.88,0.01,Debt : Overnight,Nil,7.0
Aditya Birla SL Pharma & Healthcare Fund-Reg(G),Dhaval Shah,EQ-PHRM,Unrated,854.3,2.29,Open Ended,2019-07-10,BSE Health Care - TRI,32.34,32.74,24.14,4.38,-0.46,18.86,35.81,37.38,18.03,24.66,,21.0,27.0,59685.0,35.72,37.65,24.45,Healthcare,,,,26.26,2.29,4.19,0.41,12.36,Equity : Sectoral - Pharma,1% on or before 30D Nil after 30D,6.0
Aditya Birla SL PSU Equity Fund-Reg(G),Dhaval Gala,EQ-THEM,Unrated,5531.9,1.79,Open Ended,2019-12-30,BSE PSU - TRI,31.97,37.55,27.78,-5.14,-12.65,-11.0,13.52,35.18,33.35,25.91,,29.0,37.0,158503.0,65.15,21.23,8.79,Energy,,,,6.27,0.51,0.69,1.4,26.18,Equity : Thematic,1% on or before 30D Nil after 30D,6.0
Aditya Birla SL Pure Value Fund(G),Kunal Sangoi,EQ-VAL,3,6377.8,1.87,Open Ended,2008-03-27,NIFTY 500 - TRI,128.84,136.82,106.81,-0.39,-6.85,1.68,18.74,31.08,21.36,22.18,12.71,55.0,77.0,70642.0,43.85,14.49,40.59,Financials,,,,10.23,0.88,1.22,1.08,17.9,Equity : Value / Contra,1% on or before 90D Nil after 90D,17.0
Aditya Birla SL Quant Fund-Reg(G),Harish krishnan,EQ-THEM,Unrated,2593.9,1.95,Open Ended,2024-06-28,NIFTY 200 - TRI,9.73,10.71,9.19,0.95,-10.13,-4.3,11.97,15.99,,,,18.0,44.0,106093.0,48.02,51.3,15.24,Energy,,,,4.33,1.34,2.01,0.88,12.37,Equity : Thematic,0.50% on or before 90D Nil after 90D,1.0
Aditya Birla SL Regular Savings Fund(G),Mohit Sharma,HY-DT(CO),3,1410.6,1.91,Open Ended,2004-05-22,CRISIL Hybrid 85+15 - Conservative Index,64.11,64.43,57.58,0.15,0.21,4.14,10.51,10.1,8.55,9.55,8.44,140.0,38.0,205694.0,14.27,2.73,4.3,Financials,7.62,4.46,7.38,3.91,1.85,2.85,0.8,3.4,Hybrid : Debt Oriented (Conservative),1% on or before 90D Nil after 90D,21.0
Aditya Birla SL Retirement Fund-30-Reg(G),Jonas Bhutta,HY-SOL,3,401.3,2.41,Open Ended,2019-03-11,NIFTY 500 - TRI,19.43,20.52,15.95,-0.86,-6.13,2.16,17.79,20.23,13.33,13.26,,47.0,49.0,129674.0,53.46,18.44,24.97,Financials,,,,6.98,0.98,1.4,2.32,14.1,Hybrid : Solution Oriented,Nil,6.0
Aditya Birla SL Retirement Fund-40-Reg(G),Chanchal Khandelwal,HY-SOL,Unrated,113.0,2.38,Open Ended,2019-03-11,CRISIL Hybrid 35+65 - Aggressive Index,18.64,18.81,15.5,1.88,-1.48,5.31,17.51,18.83,12.36,12.31,,29.0,45.0,166023.0,44.86,13.81,15.7,Financials,8.78,4.41,6.89,7.64,1.22,1.8,1.86,10.72,Hybrid : Solution Oriented,Nil,6.0
Aditya Birla SL Retirement Fund-50 Plus-Debt Plan-Reg(G),Harshil Suvarnkar,HY-SOL,Unrated,15.7,2.07,Open Ended,2019-03-11,CRISIL Short Term Bond Index,12.75,12.76,12.02,0.38,0.93,3.03,6.08,5.59,4.04,4.05,,0.0,50.0,156243.5,55.18,14.37,15.24,,7.04,3.79,6.94,0.91,2.62,5.62,0.36,0.76,Hybrid : Solution Oriented,Nil,6.0
Aditya Birla SL Retirement Fund-50-Reg(G),Mohit Sharma,HY-SOL,Unrated,25.9,1.91,Open Ended,2019-03-11,CRISIL Short Term Debt Hybrid 75+25 Index,14.09,14.18,12.82,0.02,-0.64,3.32,9.17,9.65,6.91,6.03,,11.0,41.0,144731.0,14.85,4.05,5.65,Financials,3.69,2.77,6.88,2.44,1.4,2.07,0.87,3.61,Hybrid : Solution Oriented,Nil,6.0
Aditya Birla SL Savings Fund-Reg(G),Kaustubh Gupta,DT-USD,5,16348.8,0.55,Open Ended,2003-04-16,NIFTY Ultra Short Duration Debt Index,527.59,527.59,489.44,0.71,1.95,3.83,7.81,7.5,6.59,6.12,7.19,0.0,50.0,156243.5,55.18,14.37,15.24,Not Applicable,0.69,0.48,7.66,3.68,11.46,22.34,0.02,0.33,Debt : Ultra Short Duration,Nil,22.0
Aditya Birla SL Short Term Fund(G),Kaustubh Gupta,DT-SD,4,8598.7,1.01,Open Ended,2003-05-09,Nifty Short Duration Debt Index,45.53,45.53,42.18,0.59,1.58,4.04,7.92,7.37,6.3,6.71,7.38,0.0,50.0,156243.5,55.18,14.37,15.24,Not Applicable,3.72,2.84,7.65,2.6,5.09,10.33,0.39,0.74,Debt : Short Duration,Nil,22.0
Aditya Birla SL Silver ETF,Sachin Wankhede,GOLD-ETF,Unrated,485.1,0.35,Open Ended,2022-01-31,Silver,88.24,99.86,70.48,-3.79,-4.5,-2.11,16.03,10.03,,,,18.0,50.0,156243.5,55.18,14.37,15.24,Not Applicable,,,,12.22,0.62,1.07,0.71,22.99,Gold : ETFs,,3.0
Aditya Birla SL Silver ETF FOF-Reg(G),Priya Sridhar,FOF-DOM,Unrated,174.0,0.67,Open Ended,2022-02-03,Silver,13.61,15.52,11.1,-3.44,-4.2,-2.17,15.15,11.08,,,,18.0,50.0,156243.5,55.18,14.37,15.24,Not Applicable,,,,11.64,0.6,1.07,0.57,22.26,FoFs : Domestic,0.50% on or before 30D Nil after 30D,3.0
Aditya Birla SL Small Cap Fund(G),Abhinav Khandelwal,EQ-SML,1,5159.6,1.89,Open Ended,2007-05-31,BSE 250 Small Cap - TRI,89.33,94.03,68.55,-0.15,-5.34,0.74,21.83,30.5,17.09,23.3,14.37,34.0,99.0,13818.0,0.41,11.74,83.3,Capital Goods,,,,13.89,1.05,1.52,0.82,17.21,Equity : Small Cap,1% on or before 90D Nil after 90D,18.0
Aditya Birla SL Special Opp Fund-Reg(G),Dhaval Gala,EQ-THEM,Unrated,778.6,2.38,Open Ended,2020-10-23,BSE 500 - TRI,24.02,25.56,19.38,-0.59,-6.55,2.6,21.81,24.13,15.35,,,26.0,64.0,108535.0,50.79,18.37,26.35,Financials,,,,12.55,1.19,1.77,0.92,14.45,Equity : Thematic,1% on or before 30D Nil after 30D,5.0
Aditya Birla SL Transportation and Logistics Fund-Reg(G),Dhaval Gala,EQ-AUTO,Unrated,1567.7,2.07,Open Ended,2023-11-17,Nifty Transportation & Logistics - TRI,13.97,16.02,10.88,-1.73,-13.54,-6.18,24.95,15.99,,,,18.0,33.0,95148.0,65.99,9.56,21.39,Automobile and Ancillaries,,,,15.5,1.21,1.87,0.93,16.73,Equity : Sectoral - Auto,1% on or before 365D Nil after 365D,2.0
Aditya Birla SL US Treasury 1-3 year Bond ETFs FoF-Reg(G),Vighnesh Gupta,DT-ETF,Unrated,85.2,0.23,Open Ended,2023-10-31,Bloomberg US Treasury 1-3 Year Index,10.9,10.9,10.13,1.52,1.99,5.47,6.92,15.99,,,,0.0,50.0,156243.5,55.18,14.37,15.24,Not Applicable,1.94,1.85,4.24,2.39,1.14,2.17,0.14,2.48,Debt : ETFs,0.25% on or before 30D Nil after 30D,2.0
Aditya Birla SL US Treasury 3-10 year Bond ETFs FoF-Reg(G),Vighnesh Gupta,DT-ETF,Unrated,185.4,0.2,Open Ended,2023-10-31,Bloomberg US Treasury 3-10 Year Index,10.98,11.13,10.23,0.34,-0.9,4.94,4.22,15.99,,,,0.0,50.0,156243.5,55.18,14.37,15.24,Not Applicable,5.75,5.06,4.16,-2.04,0.06,0.11,0.8,5.15,Debt : ETFs,0.25% on or before 30D Nil after 30D,2.0
Axis Aggressive Hybrid Fund-Reg(G),Jayesh Sundar,HY-EQ,3,1615.7,2.14,Open Ended,2018-08-09,CRISIL Hybrid 35+65 - Aggressive Index,20.11,21.09,16.85,-1.05,-5.16,2.69,15.08,15.27,8.1,12.28,,0.0,78.0,229957.0,52.87,8.54,12.54,Financials,14.87,6.43,7.53,5.49,1.01,1.52,1.79,10.53,Hybrid : Equity Oriented,Nil for 10% of investments and 1% for remaining investments on or before 12M Nil after 12M,7.0
Axis All Seasons Debt FOFs-Reg(G),Devang Shah,FOF-DOM,Unrated,141.5,0.48,Open Ended,2020-01-28,NIFTY Composite Debt Index,13.74,13.78,12.62,0.33,0.28,3.98,8.8,7.64,6.25,,,18.0,50.0,156243.5,55.18,14.37,15.24,Not Applicable,,,,1.03,2.07,3.47,1.17,2.16,FoFs : Domestic,Nil for 10% of investment and 0.50% for remaining investment on or before 3M Nil after 3M,5.0
Axis Arbitrage Fund-Reg(G),Karthik Kumar,HY-ARB,3,5591.9,1.0,Open Ended,2014-08-14,Nifty 50 Arbitrage,18.09,18.09,16.83,0.64,1.8,3.41,7.52,7.22,6.21,5.29,5.79,0.0,146.0,186113.0,49.3,17.04,5.93,Financials,0.44,0.43,7.41,3.55,3.46,8.08,-0.09,0.95,Hybrid : Arbitrage,0.25% on or before 15D Nil after 15D,11.0
Axis Balanced Advantage Fund-Reg(G),Jayesh Sundar,HY-DYN,2,2599.2,1.99,Open Ended,2017-08-01,NIFTY 50 Hybrid Composite Debt 50:50 Index,20.51,20.97,17.11,-0.25,-2.59,3.78,18.0,19.27,12.4,12.49,,0.0,85.0,307216.0,54.72,7.13,4.7,Financials,16.32,6.49,7.5,7.99,1.45,2.17,1.69,8.88,Hybrid : Dynamic Asset Allocation,Nil for 10% of investments and 1% for remaining investments on or before 12M Nil after 12M,8.0
Axis Banking & PSU Debt Fund-Reg(G),Aditya Pagaria,DT-B&PSU,3,13044.5,0.63,Open Ended,2012-06-08,NIFTY Banking and PSU Debt Index,2521.38,2521.38,2345.55,0.53,1.52,3.9,7.49,7.02,5.92,6.11,7.27,0.0,50.0,156243.5,55.18,14.37,15.24,Not Applicable,3.59,2.76,7.35,2.67,5.9,12.28,0.24,0.57,Debt : Banking & PSU,Nil,13.0
Axis Bluechip Fund-Reg(G),Shreyash Devalkar,EQ-LC,3,33547.4,1.57,Open Ended,2010-01-05,BSE 100 - TRI,59.52,64.04,50.3,-0.41,-6.87,-0.36,14.29,16.59,8.72,13.1,11.72,51.0,54.0,444025.0,85.44,4.31,15.24,Financials,,,,5.64,0.78,1.23,0.89,12.95,Equity : Large Cap,Nil for 10% of investments and 1% for remaining investments on or before 12M Nil after 12M,15.0
Axis BSE Sensex ETF,Karthik Kumar,EQ-ETF,Unrated,128.9,0.07,Open Ended,2023-03-24,BSE SENSEX - TRI,81.39,87.24,70.92,-1.62,-6.67,-0.81,9.77,15.99,,,,18.0,30.0,684559.0,99.19,0.72,15.24,Financials,,,,1.71,0.45,0.7,0.99,13.77,Equity : ETFs,,2.0
Axis BSE Sensex Index Fund-Reg(G),Karthik Kumar,EQ-INDX,Unrated,46.8,0.7,Open Ended,2024-02-27,BSE SENSEX - TRI,10.98,11.8,9.86,-1.68,-6.85,-1.15,11.97,15.99,,,,18.0,30.0,684650.0,99.11,0.71,15.24,Financials,,,,4.33,1.34,2.01,0.88,12.37,Equity : Index Funds,0.25% on or before 7D Nil after 7D,1.0
Axis Business Cycles Fund-Reg(G),Ashish Naik,EQ-THEM,Unrated,2611.7,1.97,Open Ended,2023-02-22,NIFTY 500 - TRI,16.4,17.26,13.15,-0.31,-5.43,0.68,19.99,15.99,,,,110.0,87.0,141178.0,59.31,15.03,22.86,Financials,,,,10.81,1.01,1.45,0.96,15.38,Equity : Thematic,Nil for 10% of investment and 1% for remaining investments on or before 12M Nil after 12M,2.0
Axis Childrens Fund-Compulsory Lock in-Reg(G),Jayesh Sundar,HY-SOL,4,900.8,2.27,Open Ended,2015-12-08,NIFTY 50 Hybrid Composite Debt 65:35 Index,25.63,26.64,21.53,-0.62,-4.2,3.43,14.7,14.58,6.83,12.18,,0.0,71.0,193009.0,48.1,9.67,14.04,Financials,20.19,8.48,7.2,4.99,1.0,1.48,1.86,10.4,Hybrid : Solution Oriented,Nil,10.0
Axis Childrens Fund-No Lock in-Reg(G),Jayesh Sundar,HY-SOL,3,900.8,2.27,Open Ended,2015-12-08,NIFTY 50 Hybrid Composite Debt 65:35 Index,25.63,26.64,21.53,-0.62,-4.2,3.43,14.7,14.58,6.83,12.18,,0.0,71.0,193009.0,48.1,9.67,14.04,Financials,20.19,8.48,7.2,4.99,1.0,1.48,1.86,10.4,Hybrid : Solution Oriented,3% on or before 1Y 2% after 1Y but on or before 2Y 1% after 2Y but on or before 3Y Nil after 3Y,10.0
Axis Conservative Hybrid Fund-Reg(G),Devang Shah,HY-DT(CO),3,297.2,2.2,Open Ended,2010-07-16,NIFTY 50 Hybrid Composite Debt 15:85 Index,28.83,29.25,26.54,-0.17,-1.72,2.22,7.53,8.18,5.58,8.13,6.75,0.0,34.0,327266.0,19.38,0.91,1.88,Financials,11.55,6.12,7.33,0.43,0.94,1.51,1.02,3.62,Hybrid : Debt Oriented (Conservative),Nil upto 10% of investments and 1% for remaining investments on or before 1M Nil after 1M,15.0
Axis Consumption Fund-Reg(G),Shreyash Devalkar,EQ-CONS,Unrated,4381.2,1.85,Open Ended,2024-09-12,Nifty India Consumption - TRI,9.85,10.34,9.25,1.36,-5.0,3.25,11.97,15.99,,,,18.0,61.0,171211.0,62.52,14.35,8.76,Retail and Other Services,,,,4.33,1.34,2.01,0.88,12.37,Equity : Thematic - Consumption,Nil for 10% of investments and 1% for remaining on or before 12M Nil after 12M,1.0
Axis Corp Bond Fund-Reg(G),Devang Shah,DT-CORP,4,5999.8,0.91,Open Ended,2017-07-13,NIFTY Corporate Bond Index,16.29,16.29,15.08,0.52,1.46,4.08,8.02,7.38,6.14,6.68,,0.0,50.0,156243.5,55.18,14.37,15.24,Not Applicable,4.87,3.56,7.39,2.7,4.92,9.1,0.4,0.78,Debt : Corporate Bond,Nil,8.0
Axis Credit Risk Fund-Reg(G),Devang Shah,DT-CR,4,417.0,1.57,Open Ended,2014-07-15,CRISIL Credit Risk Debt Index,20.47,20.47,18.95,0.49,1.66,4.06,8.02,7.51,6.33,6.61,6.82,0.0,50.0,156243.5,55.18,14.37,15.24,Not Applicable,3.57,2.5,8.3,3.1,6.42,12.85,0.26,0.6,Debt : Credit Risk,Nil for 10% of investments and 1% for remaining investment on or before 12M Nil after 12M,11.0
Axis CRISIL IBX 50:50 Gilt Plus SDL June 2028 Index Fund-Reg(G),Hardik Shah,DT-M&LD,Unrated,71.8,0.42,Open Ended,2023-01-24,CRISIL IBX 50:50 Gilt Plus SDL Index - June 2028,11.52,11.52,10.65,0.49,1.38,4.07,8.15,15.99,,,,0.0,50.0,156243.5,55.18,14.37,15.24,Not Applicable,3.08,2.64,6.98,2.67,4.09,9.13,0.41,0.95,Debt : Medium to Long Duration,Nil,2.0
Axis CRISIL IBX 50:50 Gilt Plus SDL Sep 2027 Index Fund-Reg(G),Aditya Pagaria,DT-M&LD,Unrated,32.0,0.4,Open Ended,2023-02-27,CRISIL IBX 50:50 Gilt Plus SDL Index - September 2027,11.51,11.51,10.66,0.53,1.45,3.85,7.98,15.99,,,,0.0,50.0,156243.5,55.18,14.37,15.24,Not Applicable,2.51,2.2,6.92,2.82,5.1,10.99,0.32,0.74,Debt : Medium to Long Duration,Nil,2.0
Axis CRISIL IBX 70:30 CPSE Plus SDL April 2025 Index Fund-Reg(G),Devang Shah,DT-MD,Unrated,517.1,0.31,Open Ended,2022-01-28,CRISIL IBX 70:30 CPSE Plus SDL - April 2025,11.7,11.7,10.89,0.58,1.72,3.56,7.41,7.16,,,,0.0,50.0,156243.5,55.18,14.37,15.24,Not Applicable,0.32,0.3,7.25,3.15,9.48,20.27,0.05,0.35,Debt : Medium Duration,Nil,3.0
Axis CRISIL IBX SDL June 2034 Debt Index Fund-Reg(G),Hardik Shah,DT-LD,Unrated,26.9,0.45,Open Ended,2024-03-21,CRISIL IBX SDL Index - June 2034,10.73,10.75,10.0,0.61,1.2,4.64,11.97,15.99,,,,0.0,50.0,156243.5,55.18,14.37,15.24,Not Applicable,9.35,6.6,7.29,4.33,1.34,2.01,0.88,12.37,Debt : Long Duration,Nil,1.0
Axis CRISIL IBX SDL May 2027 Index Fund-Reg(G),Hardik Shah,DT-M&LD,Unrated,2219.8,0.31,Open Ended,2022-02-23,CRISIL IBX SDL Index - May 2027,11.73,11.74,10.84,0.54,1.5,3.94,8.38,7.58,,,,0.0,50.0,156243.5,55.18,14.37,15.24,Not Applicable,2.36,2.12,7.06,3.35,5.11,10.97,0.24,0.8,Debt : Medium to Long Duration,Nil,3.0
Axis CRISIL-IBX AAA Bond Financial Services - Sep 2027 Index Fund-Reg(G),Aditya Pagaria,DT-M&LD,Unrated,133.5,0.25,Open Ended,2024-11-22,CRISIL IBX AAA Financial Services Index - Sep 2027,10.07,10.07,10.0,0.59,-2.11,3.25,11.97,15.99,,,,0.0,50.0,156243.5,55.18,14.37,15.24,Not Applicable,2.55,2.17,7.66,4.33,1.34,2.01,0.88,12.37,Debt : Medium to Long Duration,Nil,1.0
Axis CRISIL-IBX AAA Bond NBFC - Jun 2027 Index Fund-Reg(G),Aditya Pagaria,DT-M&LD,Unrated,642.5,0.52,Open Ended,2024-09-24,CRISIL IBX AAA NBFC Index - Jun 2027,10.21,10.22,10.0,0.59,1.89,3.25,11.97,15.99,,,,0.0,50.0,156243.5,55.18,14.37,15.24,Not Applicable,2.21,1.85,7.75,4.33,1.34,2.01,0.88,12.37,Debt : Medium to Long Duration,Nil,1.0
Axis CRISIL-IBX AAA Bond NBFC-HFC - Jun 2027 Index Fund-Reg(G),Aditya Pagaria,DT-SD,Unrated,709.5,1.08,Open Ended,2024-12-11,CRISIL-IBX AAA NBFC-HFC Index - Jun 2027,10.03,10.03,10.0,0.31,-2.11,3.25,11.97,15.99,,,,18.0,50.0,156243.5,55.18,14.37,15.24,Not Applicable,,,,4.33,1.34,2.01,0.88,12.37,Debt : Short Duration,Nil,1.0
Axis Dynamic Bond Fund-Reg(G),Devang Shah,DT-DYN,5,1602.2,0.56,Open Ended,2011-04-27,NIFTY Composite Debt Index,28.25,28.33,26.04,0.36,0.45,4.05,8.42,7.47,5.65,6.57,7.34,0.0,50.0,156243.5,55.18,14.37,15.24,Not Applicable,19.65,8.55,7.09,1.97,2.55,4.12,0.77,1.66,Debt : Dynamic Bond,Nil,14.0
Axis ELSS Tax Saver Fund-Reg(G),Shreyash Devalkar,EQ-ELSS,3,36373.2,1.53,Open Ended,2009-12-29,NIFTY 500 - TRI,95.22,101.26,77.14,-0.08,-6.51,1.58,17.89,20.9,8.77,14.02,12.48,53.0,82.0,232912.0,70.78,21.97,2.97,Financials,,,,9.3,1.04,1.66,0.8,12.84,Equity : Tax Saving (ELSS),Nil,16.0
Axis Equity ETFs FoF-Reg(G),Karthik Kumar,EQ-ETF,Unrated,24.8,0.7,Open Ended,2022-02-24,NIFTY 500 - TRI,15.16,16.98,13.24,-2.53,-11.5,-5.46,11.27,18.54,,,,18.0,50.0,156243.5,55.18,14.37,15.24,,,,,3.0,0.63,1.0,1.59,12.16,Equity : ETFs,1% on or before 15D Nil after 15D,3.0
Axis Equity Savings Fund-Reg(G),Mayank Hyanki,HY-EQ,2,1014.6,2.25,Open Ended,2015-08-14,NIFTY 50 Equity Savings Index,21.77,22.0,19.37,0.14,-1.23,3.34,11.38,13.14,8.59,10.02,,0.0,102.0,333301.0,54.71,6.98,6.15,Financials,18.17,6.96,7.32,3.63,1.19,1.75,1.12,5.77,Hybrid : Equity Oriented,Nil upto 10% of investments and 1% for remaining investments on or before 1M Nil after 1M,10.0
Axis ESG Integration Strategy Fund-Reg(G),Vishal Agarwal,EQ-THEM,Unrated,1334.4,2.22,Open Ended,2020-02-12,NIFTY100 ESG - TRI,21.31,23.28,18.04,-0.98,-7.31,2.4,16.38,20.27,8.43,,,50.0,75.0,306166.0,79.26,6.84,3.17,Financials,,,,8.19,1.01,1.65,0.75,11.77,Equity : Thematic,Nil for 10% of investment and 1% for remaining investment on or before 12M Nil after 12M,5.0
Axis Flexi Cap Fund-Reg(G),Sachin Relekar,EQ-FLEX,3,12854.9,1.72,Open Ended,2017-11-17,NIFTY 500 - TRI,26.74,27.86,21.01,0.73,-4.43,3.38,22.89,22.36,11.03,15.89,,36.0,57.0,206624.0,63.75,18.77,12.16,Financials,0.67,,,13.13,1.23,1.84,0.92,14.37,Equity : Flexi Cap,NIL for 10% of investments and 1% for remaining investments on or before 12M Nil after 12M,8.0
Axis Floater Fund-Reg(G),Aditya Pagaria,DT-FL,Unrated,233.2,0.53,Open Ended,2021-07-29,NIFTY Long Duration Debt Index,1239.04,1242.06,1133.31,0.37,0.42,4.27,9.22,8.11,6.91,,,0.0,50.0,156243.5,55.18,14.37,15.24,Not Applicable,22.67,9.25,7.16,1.61,2.27,3.82,1.12,2.16,Debt : Floater,Nil,4.0
Axis Focused Fund-Reg(G),Sachin Relekar,EQ-MLC,3,13289.4,1.73,Open Ended,2012-06-29,NIFTY 500 - TRI,54.19,58.15,44.86,-0.58,-7.08,1.55,15.28,17.22,5.49,11.91,12.15,53.0,27.0,294848.0,76.11,18.49,15.24,Financials,,,,6.78,0.81,1.29,0.83,13.5,Equity : Multi Cap,Nil for 10% of investments and 1% for remaining investments on or before 12M Nil after 12M,13.0
Axis FTP-112-1143D-Reg(G),Sachin Jain,DT-FMP,Unrated,76.1,1.08,Closed Ended,2023-03-01,CRISIL Medium Duration Debt Index,11.49,11.49,10.68,0.63,1.59,3.78,7.65,15.99,,,,18.0,50.0,156243.5,55.18,14.37,15.24,Not Applicable,,,,2.85,5.16,11.19,0.21,0.67,Debt : FTP/FMP,,2.0
Axis FTP-113-1228D-Reg(G),Sachin Jain,DT-FMP,Unrated,91.9,1.08,Closed Ended,2023-03-21,CRISIL Medium Duration Debt Index,11.34,11.35,10.55,0.59,1.76,3.74,7.55,15.99,,,,18.0,50.0,156243.5,55.18,14.37,15.24,Not Applicable,,,,3.0,7.17,16.21,0.15,0.48,Debt : FTP/FMP,,2.0
Axis Gilt Fund-Reg(G),Devang Shah,DT-GILT,4,921.5,0.75,Open Ended,2012-01-23,CRISIL Dynamic Gilt Index,24.51,24.59,22.25,0.27,0.31,4.27,9.96,8.42,6.35,6.76,7.27,0.0,50.0,156243.5,55.18,14.37,15.24,Not Applicable,25.36,10.25,7.05,1.49,2.18,3.87,1.37,2.54,Debt : Gilt,Nil,13.0
Axis Global Equity Alpha FoF-Reg(G),Krishnaa N,FOF-OVR,Unrated,833.6,1.63,Open Ended,2020-09-24,MSCI World,17.62,18.03,14.32,0.28,4.32,6.62,20.95,20.38,9.84,,,18.0,50.0,156243.5,55.18,14.37,15.24,Not Applicable,,,,16.1,1.23,1.83,0.34,13.86,FoFs : Overseas,NIL upto 10% of investments and 1% for remaining investments on or before 12M Nil after 12M,5.0
Axis Global Innovation FoF-Reg(G),Krishnaa N,FOF-OVR,Unrated,508.6,1.62,Open Ended,2021-05-28,MSCI ACWI Net TRI,13.38,13.68,10.52,1.83,3.96,5.27,22.98,25.53,7.56,,,18.0,50.0,156243.5,55.18,14.37,15.24,Not Applicable,,,,17.41,1.17,1.74,0.63,16.4,FoFs : Overseas,Nil upto 10% of investment and 1% for remaining investment on or before 12M Nil after 12M,4.0
Axis Gold ETF,Aditya Pagaria,GOLD-ETF,Unrated,1184.0,0.55,Open Ended,2010-11-10,Gold-India,64.95,67.22,52.26,-0.83,0.7,5.84,18.82,16.88,15.88,13.45,9.58,6.0,50.0,156243.5,55.18,14.37,15.24,Not Applicable,,,,15.15,1.09,1.65,-0.23,13.3,Gold : ETFs,Nil,15.0
Axis Gold Fund-Reg(G),Aditya Pagaria,GOLD-MF,Unrated,696.0,0.5,Open Ended,2011-10-20,Gold-India,22.83,23.63,18.46,0.43,1.28,5.95,19.56,16.94,15.66,13.34,9.39,18.0,50.0,156243.5,55.18,14.37,15.24,Not Applicable,,,,14.21,1.14,1.86,0.3,13.18,Gold : MFs,1% on or before 15D Nil after 15D,14.0
Axis Greater China Equity FoF-Reg(G),Krishnaa N,FOF-OVR,Unrated,323.6,1.57,Open Ended,2021-02-10,MSCI Golden Dragon Index (Total Return Net),7.26,8.46,5.8,1.54,-7.52,6.3,10.84,0.69,-4.59,,,18.0,50.0,156243.5,55.18,14.37,15.24,Not Applicable,,,,8.09,0.41,0.75,0.47,23.7,FoFs : Overseas,Nil for 10% of investments and 1% for remaining investments on or before 12M Nil after 12M,4.0
Axis Growth Opp Fund-Reg(G),Shreyash Devalkar,EQ-L&M,5,14007.1,1.69,Open Ended,2018-10-22,NIFTY LargeMidcap 250 - TRI,32.14,33.9,25.33,0.44,-4.2,3.48,26.24,28.32,14.53,22.0,,63.0,124.0,147093.0,45.72,30.97,6.54,Financials,,,,16.28,1.55,2.37,0.77,12.99,Equity : Large & Mid Cap,Nil for 10% of investments and 1% for remaining investments on or before 12M Nil after 12M,7.0
Axis India Manufacturing Fund-Reg(G),Shreyash Devalkar,EQ-THEM,Unrated,6039.8,1.78,Open Ended,2023-12-21,Nifty India Manufacturing - TRI,13.87,15.01,10.2,0.59,-7.85,-1.93,34.57,15.99,,,,6.0,84.0,117061.0,54.88,22.8,14.16,Automobile and Ancillaries,,,,22.65,1.66,2.43,0.93,16.43,Equity : Thematic,Nil upto 10% of investment and 1% for remaining investment on or before 12M Nil after 12M,2.0
Axis Innovation Fund-Reg(G),Ashish Naik,EQ-THEM,Unrated,1233.5,2.22,Open Ended,2020-12-24,NIFTY 500 - TRI,18.45,19.45,14.2,0.11,-4.3,3.48,28.21,25.83,11.2,,,46.0,98.0,101149.0,42.27,19.42,18.33,Financials,,,,18.3,1.72,2.75,0.71,12.67,Equity : Thematic,Nil for 10% of investment and 1% for remaining investment on or before 12M Nil after 12M,5.0
Axis Liquid Fund-Reg(G),Devang Shah,DT-LIQ,4,33183.3,0.23,Open Ended,2009-10-09,Nifty Liquid Fund Index,2809.82,2809.82,2617.14,0.6,1.75,3.55,7.38,7.21,6.44,5.36,6.35,0.0,50.0,156243.5,55.18,14.37,15.24,Not Applicable,0.12,0.11,7.06,0.76,9.89,5.63,0.88,0.08,Debt : Liquid,0.007% for Day 1 0.0065% on Day 2 0.0060% on Day 3 0.0055% on Day 4 0.0050% on Day 5 0.0045% on Day 6 NIL on or after 7D,16.0
Axis Long Duration Fund-Reg(G),Devang Shah,DT-LD,Unrated,510.2,0.7,Open Ended,2022-12-27,NIFTY Long Duration Debt Index,1190.44,1196.04,1068.83,0.4,-0.39,3.55,11.11,8.91,,,,0.0,50.0,156243.5,55.18,14.37,15.24,Not Applicable,32.99,12.09,7.13,1.54,2.0,3.58,1.7,3.27,Debt : Long Duration,Nil,3.0
Axis Midcap Fund-Reg(G),Shreyash Devalkar,EQ-MID,3,30329.6,1.57,Open Ended,2011-02-18,BSE 150 MidCap - TRI,113.6,117.71,84.91,1.6,-4.06,2.31,30.59,30.53,17.45,23.32,16.25,42.0,99.0,74969.0,21.14,65.36,6.5,Financials,,,,19.48,1.58,2.42,0.84,15.0,Equity : Mid Cap,Nil for 10% of investments and 1% for remaining investments on or before 12M Nil after 12M,14.0
Axis Momentum Fund-Reg(G),Karthik Kumar,EQ-THEM,Unrated,709.5,1.08,Open Ended,2024-12-12,NIFTY 500 - TRI,9.98,10.0,9.68,0.31,-2.11,3.25,11.97,15.99,,,,18.0,50.0,156243.5,55.18,14.37,15.24,,,,,4.33,1.34,2.01,0.88,12.37,Equity : Thematic,Nil for 10% of investments and 1% for remaining investments on or before 12M Nil after 12M,1.0
Axis Money Market Fund-Reg(G),Devang Shah,DT-MM,2,17436.3,0.32,Open Ended,2019-08-06,Nifty Money Market Index,1376.58,1376.58,1278.01,0.62,1.8,3.71,7.73,7.53,6.62,5.95,,0.0,50.0,156243.5,55.18,14.37,15.24,Not Applicable,0.43,0.43,7.37,3.53,11.09,22.72,0.03,0.33,Debt : Money Market,Nil,6.0
Axis Multi Asset Allocation Fund-Reg(G),Ashish Naik,HY-MULTI,Unrated,1281.7,2.1,Open Ended,2010-08-23,NIFTY 500 - TRI,38.78,40.0,32.26,-0.29,-3.45,3.28,15.76,14.7,7.56,12.44,10.01,0.0,70.0,180143.0,44.35,9.31,9.92,Financials,13.43,5.67,7.3,6.15,1.07,1.52,1.8,10.61,Hybrid : Multi Asset Allocation,Nil on or before 12M for 10% of Investment and 1% for remaining investments Nil after 12M,15.0
Axis Multicap Fund-Reg(G),Shreyash Devalkar,EQ-MLC,Unrated,6807.3,1.8,Open Ended,2021-12-17,Nifty500 Multicap 50:25:25 - TRI,18.18,18.68,13.35,1.93,-3.07,7.28,33.61,35.39,21.7,,,61.0,115.0,105984.0,42.8,26.26,23.42,Financials,,,,21.5,1.72,2.54,0.91,15.17,Equity : Multi Cap,Nil for 10% of investment and 1% for remaining investment on or before 12M Nil after 12M,4.0
Axis NASDAQ 100 FoF-Reg(G),Krishnaa N,FOF-OVR,Unrated,176.2,0.69,Open Ended,2022-11-01,Nasdaq-100 - TRI,19.3,19.81,14.52,3.06,8.62,9.7,28.99,40.6,,,,18.0,50.0,156243.5,55.18,14.37,15.24,Not Applicable,,,,20.97,1.43,2.33,0.98,16.68,FoFs : Overseas,1% on or before 7D Nil after 7D,3.0
Axis Nifty 100 Index Fund-Reg(G),Karthik Kumar,EQ-INDX,Unrated,1709.9,0.92,Open Ended,2019-10-18,NIFTY 100 - TRI,21.2,23.11,18.19,-1.9,-8.59,-2.28,12.29,16.85,12.5,15.13,,18.0,100.0,437464.0,96.45,3.05,15.24,Financials,,,,3.65,0.6,0.89,1.02,14.47,Equity : Index Funds,Nil,6.0
Axis NIFTY 50 ETF,Karthik Kumar,EQ-ETF,Unrated,684.1,0.07,Open Ended,2017-07-03,NIFTY 50 - TRI,262.49,284.08,228.13,-1.61,-7.83,-1.25,10.38,16.49,12.92,15.68,,18.0,50.0,556055.0,98.71,1.24,15.24,Financials,,,,2.29,0.49,0.75,0.99,13.84,Equity : ETFs,,8.0
Axis Nifty 50 Index Fund-Reg(G),Karthik Kumar,EQ-INDX,Unrated,575.8,0.42,Open Ended,2021-12-03,NIFTY 50 - TRI,14.31,15.5,12.49,-1.64,-7.88,-1.39,9.97,16.01,12.4,,,18.0,50.0,556030.0,98.5,1.24,15.24,Financials,,,,1.54,0.47,0.71,0.99,13.86,Equity : Index Funds,Nil,4.0
Axis Nifty 500 Index Fund-Reg(G),Karthik Kumar,EQ-INDX,Unrated,227.7,1.0,Open Ended,2024-07-12,NIFTY 500 - TRI,9.85,10.59,9.43,-0.99,-7.49,3.25,11.97,15.99,,,,18.0,501.0,222347.0,70.78,18.55,10.57,Financials,,,,4.33,1.34,2.01,0.88,12.37,Equity : Index Funds,0.25% on or before 15D Nil after 15D,1.0
Axis Nifty AAA Bond Plus SDL Apr 2026 50:50 ETF,Aditya Pagaria,DT-ETF,Unrated,1196.9,0.1,Open Ended,2021-05-11,Nifty AAA Bond Plus SDL Apr 2026 50:50 Index,12.29,12.29,11.41,0.55,1.69,3.76,7.7,7.4,5.57,,,0.0,50.0,156243.5,55.18,14.37,15.24,Not Applicable,0.98,0.9,7.26,3.23,7.88,17.36,0.12,0.45,Debt : ETFs,,4.0
Axis Nifty AAA Bond Plus SDL Apr 2026 50:50 ETF FoF-Reg(G),Aditya Pagaria,DT-M&LD,Unrated,276.4,0.18,Open Ended,2021-10-20,Nifty AAA Bond Plus SDL Apr 2026 50:50 Index,11.72,11.77,10.97,0.39,1.36,3.25,7.06,6.95,5.18,,,18.0,50.0,156243.5,55.18,14.37,15.24,Not Applicable,3.62,3.07,6.02,2.67,1.12,1.96,0.12,2.71,Debt : Medium to Long Duration,Nil,4.0
Axis NIFTY Bank ETF,Karthik Kumar,EQ-ETF,Unrated,240.8,0.19,Open Ended,2020-11-03,NIFTY BANK - TRI,527.33,555.74,455.31,-1.89,-3.53,-2.69,6.6,10.01,13.96,,,18.0,12.0,539261.0,86.43,13.55,15.24,Financials,,,,-1.26,0.21,0.32,1.08,17.34,Equity : ETFs,,5.0
Axis Nifty Bank Index Fund-Reg(G),Karthik Kumar,EQ-INDX,Unrated,126.3,0.97,Open Ended,2024-05-24,NIFTY BANK - TRI,10.5,11.09,9.57,-1.95,-3.7,-3.08,11.97,15.99,,,,18.0,12.0,538990.0,86.3,13.56,15.24,Financials,,,,4.33,1.34,2.01,0.88,12.37,Equity : Index Funds,0.25% on or before 7D Nil after 7D,1.0
Axis NIFTY Healthcare ETF,Karthik Kumar,EQ-ETF,Unrated,19.4,0.34,Open Ended,2021-05-17,Nifty Healthcare Index - TRI,152.73,152.73,109.43,6.14,1.68,19.29,40.98,37.91,19.29,,,18.0,20.0,120214.0,54.99,39.6,5.38,Healthcare,,,,29.64,2.21,4.11,0.46,14.36,Equity : ETFs,,4.0
Axis NIFTY India Consumption ETF,Karthik Kumar,EQ-ETF,Unrated,14.1,0.38,Open Ended,2021-09-17,Nifty India Consumption - TRI,119.2,132.98,96.18,-0.18,-10.75,2.33,20.22,24.97,19.02,,,18.0,30.0,277724.0,92.01,7.85,15.24,FMCG,,,,11.59,1.16,2.11,0.74,12.93,Equity : ETFs,,4.0
Axis NIFTY IT ETF,Karthik Kumar,EQ-ETF,Unrated,180.1,0.23,Open Ended,2021-03-25,NIFTY IT - TRI,472.58,490.23,342.55,0.49,2.7,18.3,23.49,26.12,6.43,,,18.0,10.0,429791.0,83.8,16.13,15.24,Technology,,,,16.1,1.01,1.84,0.74,19.36,Equity : ETFs,,4.0
Axis NIFTY IT Index Fund-Reg(G),Karthik Kumar,EQ-INDX,Unrated,140.0,1.03,Open Ended,2023-07-14,NIFTY IT - TRI,14.97,15.54,10.91,0.41,2.49,17.83,22.57,15.99,,,,18.0,10.0,429419.0,83.54,16.1,15.24,Technology,,,,15.12,0.97,1.76,0.75,19.39,Equity : Index Funds,0.25% on or before 7D Nil after 7D,2.0
Axis Nifty Midcap 50 Index Fund-Reg(G),Karthik Kumar,EQ-INDX,Unrated,413.1,1.02,Open Ended,2022-03-28,Nifty Midcap 50 - TRI,19.27,20.21,15.5,2.17,-5.49,0.98,20.58,34.62,,,,18.0,51.0,70952.0,9.81,89.87,15.24,Financials,,,,11.97,0.91,1.35,1.05,18.96,Equity : Index Funds,0.25% on or before 7D Nil after 7D,3.0
Axis Nifty Next 50 Index Fund-Reg(G),Karthik Kumar,EQ-INDX,Unrated,303.2,1.02,Open Ended,2022-01-28,NIFTY NEXT 50 - TRI,16.66,18.75,12.9,-3.45,-11.64,-5.52,27.26,27.29,,,,18.0,50.0,143030.0,87.87,11.72,15.24,Financials,,,,16.76,1.12,1.62,1.13,19.93,Equity : Index Funds,Nil,3.0
Axis Nifty SDL Sep 2026 Debt Index Fund-Reg(G),Aditya Pagaria,DT-MD,Unrated,75.5,0.32,Open Ended,2022-11-22,Nifty SDL Sep 2026 Index,11.63,11.63,10.77,0.52,1.51,3.79,8.0,7.39,,,,0.0,50.0,156243.5,55.18,14.37,15.24,Not Applicable,1.71,1.55,7.04,3.28,5.51,12.73,0.18,0.69,Debt : Medium Duration,Nil,3.0
Axis Nifty Smallcap 50 Index Fund-Reg(G),Karthik Kumar,EQ-INDX,Unrated,457.5,1.02,Open Ended,2022-03-10,Nifty Smallcap 50 - TRI,18.89,19.74,13.89,0.17,-3.09,3.02,24.63,42.17,,,,18.0,50.0,24438.0,55.18,15.02,84.63,Financials,,,,15.75,1.0,1.46,1.04,20.93,Equity : Index Funds,Nil,3.0
Axis Nifty500 Value 50 Index Fund-Reg(G),Karthik Kumar,EQ-INDX,Unrated,77.5,1.07,Open Ended,2024-10-24,NIFTY500 Value 50 - TRI,9.59,10.31,9.35,-5.22,-2.11,3.25,11.97,15.99,,,,18.0,51.0,111468.0,63.88,20.4,15.72,Energy,,,,4.33,1.34,2.01,0.88,12.37,Equity : Index Funds,0.25% on or before 15D Nil after 15D,1.0
Axis Overnight Fund-Reg(G),Sachin Jain,DT-ON,5,8404.4,0.09,Open Ended,2019-03-15,Nifty 1D Rate Index,1326.11,1326.11,1242.91,0.56,1.63,3.27,6.71,6.68,6.02,4.9,,0.0,50.0,156243.5,55.18,14.37,15.24,Not Applicable,0.01,0.01,6.64,0.33,23.88,2.44,0.88,0.01,Debt : Overnight,Nil,6.0
Axis Quant Fund-Reg(G),Karthik Kumar,EQ-THEM,Unrated,1069.3,2.17,Open Ended,2021-07-01,BSE 200 - TRI,16.42,17.85,14.2,0.0,-8.42,-1.64,13.91,22.7,13.63,,,147.0,46.0,146564.0,52.15,27.5,17.56,Financials,,,,5.59,0.68,1.0,0.94,15.12,Equity : Thematic,Nil for 10% of investment and 1% for remaining investments on or before 3M Nil after 3M,4.0
Axis Retirement Fund-Aggressive Plan-Reg(G),Jayesh Sundar,HY-SOL,Unrated,922.0,2.2,Open Ended,2019-12-20,CRISIL Hybrid 25+75 - Aggressive Index,18.28,19.24,14.94,-0.55,-5.5,2.44,19.71,20.42,10.44,12.78,,0.0,80.0,193796.0,49.46,17.35,9.31,Financials,24.34,9.37,7.02,9.3,1.32,1.98,1.86,11.12,Hybrid : Solution Oriented,Nil,6.0
Axis Retirement Fund-Conservative Plan-Reg(G),Jayesh Sundar,HY-SOL,Unrated,73.7,2.13,Open Ended,2019-12-20,CRISIL Hybrid 75+25 - Conservative Index,15.64,16.05,13.89,-0.09,-2.86,2.67,11.57,13.15,7.01,9.32,,0.0,31.0,360016.0,31.67,4.33,1.31,Financials,20.38,9.06,7.06,4.13,1.4,2.33,1.13,5.33,Hybrid : Solution Oriented,Nil,6.0
Axis Retirement Fund-Dynamic Plan-Reg(G),Jayesh Sundar,HY-SOL,Unrated,387.5,2.41,Open Ended,2019-12-20,CRISIL Hybrid 35+65 - Aggressive Index,19.94,20.7,15.64,0.36,-4.09,5.35,24.71,23.2,12.4,14.76,,0.0,85.0,162012.0,52.43,19.15,13.94,Financials,20.93,8.04,6.95,13.94,1.63,2.47,1.76,11.7,Hybrid : Solution Oriented,Nil,6.0
Axis Short Duration Fund-Reg(G),Devang Shah,DT-SD,3,9328.8,0.89,Open Ended,2010-01-22,Nifty Short Duration Debt Index,29.52,29.52,27.34,0.57,1.64,4.07,7.99,7.37,6.14,6.36,7.16,0.0,50.0,156243.5,55.18,14.37,15.24,Not Applicable,3.78,2.88,7.52,2.8,5.57,11.21,0.35,0.69,Debt : Short Duration,Nil,15.0
Axis Silver ETF,Aditya Pagaria,GOLD-ETF,Unrated,153.2,0.37,Open Ended,2022-09-21,Silver,88.06,99.66,70.36,-4.05,-4.92,-1.49,15.52,10.32,,,,18.0,50.0,156243.5,55.18,14.37,15.24,Not Applicable,,,,13.71,0.54,0.92,0.09,25.7,Gold : ETFs,,3.0
Axis Silver FoF-Reg(G),Aditya Pagaria,GOLD-MF,Unrated,63.9,0.71,Open Ended,2022-09-21,Silver,15.2,17.16,12.24,-3.66,-4.33,-2.15,15.55,11.33,,,,18.0,50.0,156243.5,55.18,14.37,15.24,Not Applicable,,,,10.79,0.61,1.1,0.84,21.61,Gold : MFs,0.25% on or before 7D Nil after 7D,3.0
Axis Small Cap Fund-Reg(G),Tejas Sheth,EQ-SML,2,24353.2,1.61,Open Ended,2013-11-29,Nifty Smallcap 250 - TRI,108.29,110.81,82.11,1.5,-2.54,5.86,25.97,29.94,20.27,27.47,19.04,45.0,118.0,21632.0,3.96,18.71,64.42,Financials,,,,16.61,1.39,2.08,0.72,14.55,Equity : Small Cap,Nil for 10% of investments and 1% for remaining investments on or before 12M Nil after 12M,12.0
Axis Strategic Bond Fund-Reg(G),Devang Shah,DT-MD,4,1938.1,1.06,Open Ended,2012-03-28,NIFTY Medium Duration Debt Index,26.72,26.73,24.58,0.54,1.56,4.24,8.69,7.95,6.54,7.03,7.48,0.0,50.0,156243.5,55.18,14.37,15.24,Not Applicable,5.26,3.81,7.82,2.95,4.61,9.21,0.51,0.96,Debt : Medium Duration,Nil for 10% of investment and 1% for remaining investment on or before 12M Nil after 12M,13.0
Axis Treasury Advantage Fund-Reg(G),Devang Shah,DT-LOWD,3,6193.7,0.66,Open Ended,2009-10-09,NIFTY Low Duration Debt Index,2973.44,2973.44,2762.84,0.59,1.79,3.76,7.64,7.33,6.35,6.0,6.93,0.0,50.0,156243.5,55.18,14.37,15.24,Not Applicable,1.38,0.96,7.57,3.3,10.78,21.58,0.07,0.33,Debt : Low Duration,Nil,16.0
Axis Ultra Short Duration Fund-Reg(G),Sachin Jain,DT-USD,3,6057.5,1.17,Open Ended,2018-09-10,NIFTY Ultra Short Duration Debt Index,14.22,14.22,13.3,0.56,1.65,3.38,6.99,6.77,5.9,5.2,,0.0,50.0,156243.5,55.18,14.37,15.24,Not Applicable,0.47,0.44,7.55,2.82,9.99,20.5,0.02,0.29,Debt : Ultra Short Duration,Nil,7.0
Axis Value Fund-Reg(G),Nitin Arora,EQ-VAL,Unrated,785.3,2.33,Open Ended,2021-09-22,NIFTY 500 - TRI,18.71,19.4,14.29,0.76,-3.84,5.77,28.63,34.53,21.71,,,73.0,80.0,134351.0,51.9,11.8,23.97,Financials,,,,17.94,1.52,2.17,0.92,14.87,Equity : Value / Contra,Nil upto 10% of investment and 1% for remaining investment on or before 12M Nil after 12M,4.0
Bajaj Finserv Arbitrage Fund-Reg(G),Ilesh Savla,HY-ARB,Unrated,1029.0,0.95,Open Ended,2023-09-15,Nifty 50 Arbitrage,10.89,10.89,10.2,0.59,1.69,3.18,6.81,15.99,,,,0.0,102.0,255745.0,58.67,11.24,2.79,Financials,0.12,0.11,7.02,2.87,2.64,6.13,-0.07,1.01,Hybrid : Arbitrage,0.25% on or before 15D Nil after 15D,2.0
Bajaj Finserv Balanced Advantage Fund-Reg(G),Nimesh Chandan,HY-DYN,Unrated,1315.2,2.09,Open Ended,2023-12-15,NIFTY 50 Hybrid Composite Debt 50:50 Index,10.99,11.72,9.99,-1.42,-6.62,-2.0,7.48,15.99,,,,0.0,46.0,418112.0,68.43,3.18,2.12,Financials,4.88,3.6,6.99,-0.96,0.38,0.57,1.54,9.37,Hybrid : Dynamic Asset Allocation,Nil upto 8% of units and 1% for remaining units on or before 6M Nil after 6M,2.0
Bajaj Finserv Banking and PSU Fund-Reg(G),Siddharth Chaudhary,DT-B&PSU,Unrated,121.9,0.89,Open Ended,2023-11-13,NIFTY Banking and PSU Debt Index,10.9,10.9,10.12,0.46,1.32,4.0,7.79,15.99,,,,0.0,50.0,156243.5,55.18,14.37,15.24,Not Applicable,4.3,3.6,7.24,2.55,4.0,7.44,0.39,0.92,Debt : Banking & PSU,Nil,2.0
Bajaj Finserv Consumption Fund-Reg(G),Nimesh Chandan,EQ-CONS,Unrated,475.2,2.37,Open Ended,2024-11-29,Nifty India Consumption - TRI,10.22,10.22,9.91,0.7,-2.11,3.25,11.97,15.99,,,,18.0,40.0,97440.0,38.52,22.27,12.63,FMCG,,,,4.33,1.34,2.01,0.88,12.37,Equity : Thematic - Consumption,1% on or before 3M Nil after 3M,1.0
Bajaj Finserv ELSS Tax Saver Fund-Reg(G),Nimesh Chandan,EQ-ELSS,Unrated,709.5,1.08,Open Ended,,BSE 500 - TRI,26.17,27.64,22.01,0.31,-2.11,3.25,11.97,15.99,,,,18.0,50.0,156243.5,55.18,14.37,15.24,,,,,4.33,1.34,2.01,0.88,12.37,Equity : Tax Saving (ELSS),Nil,
Bajaj Finserv Flexi Cap Fund-Reg(G),Nimesh Chandan,EQ-FLEX,Unrated,3976.3,1.85,Open Ended,2023-08-14,BSE 500 - TRI,14.27,14.96,11.07,-0.75,-5.14,1.45,26.89,15.99,,,,108.0,64.0,152956.0,59.3,15.06,22.95,Financials,,,,17.09,1.57,2.31,0.83,13.54,Equity : Flexi Cap,Nil upto 10% of units and 1% for remaining units on or before 6M Nil after 6M,2.0
Bajaj Finserv Gilt Fund-Reg(G),Siddharth Chaudhary,DT-GILT,Unrated,709.5,1.08,Open Ended,,CRISIL Dynamic Gilt Index,26.17,27.64,22.01,0.31,-2.11,3.25,11.97,15.99,,,,18.0,50.0,156243.5,55.18,14.37,15.24,Not Applicable,,,,4.33,1.34,2.01,0.88,12.37,Debt : Gilt,Nil,
Bajaj Finserv Healthcare Fund-Reg(G),Nimesh Chandan,EQ-PHRM,Unrated,709.5,1.08,Open Ended,2024-12-27,BSE Health Care - TRI,10.13,10.13,10.0,0.31,-2.11,3.25,11.97,15.99,,,,18.0,50.0,156243.5,55.18,14.37,15.24,,,,,4.33,1.34,2.01,0.88,12.37,Equity : Sectoral - Pharma,1% on or before 3M Nil after 3M,1.0
Bajaj Finserv Large and Mid Cap Fund-Reg(G),Nimesh Chandan,EQ-L&M,Unrated,1641.0,2.06,Open Ended,2024-02-27,NIFTY LargeMidcap 250 - TRI,12.11,12.72,9.86,0.0,-4.82,1.68,11.97,15.99,,,,18.0,69.0,168323.0,55.18,33.27,8.43,Financials,,,,4.33,1.34,2.01,0.88,12.37,Equity : Large & Mid Cap,Nil upto 10% of units and 1% for remaining units or before 6M Nil after 6M,1.0
Bajaj Finserv Large Cap Fund-Reg(G),Nimesh Chandan,EQ-LC,Unrated,1293.7,2.1,Open Ended,2024-08-20,NIFTY 100 - TRI,9.73,10.53,9.47,-2.62,-8.04,3.25,11.97,15.99,,,,18.0,27.0,376976.0,94.17,2.81,15.24,Financials,,,,4.33,1.34,2.01,0.88,12.37,Equity : Large Cap,1% on or before 6M Nil after 6M,1.0
Bajaj Finserv Liquid Fund-Reg(G),Siddharth Chaudhary,DT-LIQ,Unrated,4336.1,0.27,Open Ended,2023-07-05,Nifty Liquid Fund Index,1109.56,1109.56,1034.29,0.58,1.73,3.52,7.29,15.99,,,,0.0,50.0,156243.5,55.18,14.37,15.24,Not Applicable,0.12,0.11,7.04,0.71,10.43,5.26,0.88,0.07,Debt : Liquid,0.007% for Day 1 0.0065% on Day 2 0.0060% on Day 3 0.0055% on Day 4 0.0050% on Day 5 0.0045% on Day 6 NIL on or after 7D,2.0
Bajaj Finserv Money Market Fund-Reg(G),Siddharth Chaudhary,DT-MM,Unrated,2862.6,0.65,Open Ended,2023-07-24,Nifty Money Market Index,1106.77,1106.77,1033.02,0.61,1.71,3.49,7.16,15.99,,,,0.0,50.0,156243.5,55.18,14.37,15.24,Not Applicable,0.39,0.38,7.29,3.05,10.14,21.05,0.03,0.31,Debt : Money Market,Nil,2.0
Bajaj Finserv Multi Asset Allocation Fund-Reg(G),Nimesh Chandan,HY-MULTI,Unrated,1108.2,2.08,Open Ended,2024-06-03,NIFTY 50 - TRI,10.42,11.05,10.0,-1.65,-6.12,-0.75,11.97,15.99,,,,0.0,38.0,192977.0,44.61,12.38,9.43,Financials,2.8,2.27,7.91,4.33,1.34,2.01,0.88,12.37,Hybrid : Multi Asset Allocation,Nil upto 30% of units and 1% for remaining units on or before 1Y Nil after 1Y,1.0
Bajaj Finserv Nifty 1D Rate Liquid ETF(G),Siddharth Chaudhary,DT-ETF,Unrated,14.2,0.19,Open Ended,2024-05-28,Nifty 1D Rate Index,1008.51,1008.51,1000.0,0.52,1.53,3.18,11.97,15.99,,,,18.0,50.0,156243.5,55.18,14.37,15.24,Not Applicable,,,,4.33,1.34,2.01,0.88,12.37,Debt : ETFs,,1.0
Bajaj Finserv Nifty 50 ETF,Ilesh Savla,EQ-ETF,Unrated,209.7,0.07,Open Ended,2024-01-19,NIFTY 50 - TRI,244.12,264.22,214.97,-1.62,-7.83,-1.25,11.97,15.99,,,,18.0,50.0,555847.0,98.71,1.24,15.24,Financials,,,,4.33,1.34,2.01,0.88,12.37,Equity : ETFs,,1.0
Bajaj Finserv Nifty Bank ETF,Ilesh Savla,EQ-ETF,Unrated,370.4,0.13,Open Ended,2024-01-19,NIFTY BANK - TRI,51.93,54.72,44.82,-1.93,-3.56,-2.67,11.97,15.99,,,,18.0,12.0,538968.0,86.42,13.57,15.24,Financials,,,,4.33,1.34,2.01,0.88,12.37,Equity : ETFs,,1.0
Bajaj Finserv Overnight Fund-Reg(G),Siddharth Chaudhary,DT-ON,Unrated,233.3,0.13,Open Ended,2023-07-05,CRISIL Liquid Overnight Index,1101.9,1101.9,1033.26,0.55,1.62,3.26,6.66,15.99,,,,0.0,50.0,156243.5,55.18,14.37,15.24,Not Applicable,,,6.7,0.3,35.04,2.2,0.88,0.01,Debt : Overnight,Nil,2.0
Bandhan All Seasons Bond Fund-Reg(G),Harshal Joshi,FOF-DOM,Unrated,112.9,0.5,Open Ended,2004-09-13,NIFTY Medium Duration Debt Index,41.96,41.96,38.94,0.52,1.46,4.06,7.75,7.25,5.88,6.25,7.09,0.0,38.0,156243.5,55.18,14.37,15.24,Not Applicable,3.62,2.89,7.31,2.55,4.94,9.96,0.35,0.73,FoFs : Domestic,Nil,21.0
Bandhan Arbitrage Fund-Reg(G),Nemish Sheth,HY-ARB,2,7524.0,1.1,Open Ended,2006-12-21,Nifty 50 Arbitrage,31.4,31.4,29.24,0.65,1.81,3.47,7.47,7.33,6.25,5.2,5.76,1631.0,184.0,158003.0,45.99,20.38,4.91,Financials,,,,3.48,3.29,7.45,-0.08,0.98,Hybrid : Arbitrage,0.25% on or before 15D Nil after 15D,19.0
Bandhan Asset Alloc FoF-Aggr-Reg(G),Viraj Kulkarni,FOF-DOM,Unrated,19.4,1.22,Open Ended,2010-02-11,CRISIL Hybrid 35+65 - Aggressive Index,44.71,46.37,38.09,-0.04,-3.65,2.45,15.78,19.46,12.16,13.6,9.76,0.0,50.0,156243.5,55.18,14.37,15.24,Not Applicable,5.79,4.13,7.45,7.99,1.28,2.0,1.17,8.95,FoFs : Domestic,Nil upto 10% of investment and 1% for remaining investment on or before 365D Nil after 365D,15.0
Bandhan Asset Alloc FoF-Cons-Reg(G),Viraj Kulkarni,FOF-DOM,Unrated,6.0,0.76,Open Ended,2010-02-11,CRISIL Hybrid 85+15 - Conservative Index,32.29,32.44,29.35,0.26,-0.57,2.83,9.46,10.4,7.41,7.65,7.5,0.0,50.0,156243.5,55.18,14.37,15.24,Not Applicable,4.04,2.9,7.06,3.7,1.72,2.78,0.53,3.06,FoFs : Domestic,Nil upto 10% of investment and 1% for remaining investment on or before 365D Nil after 365D,15.0
Bandhan Asset Alloc FoF-Mod-Reg(G),Viraj Kulkarni,FOF-DOM,Unrated,20.1,1.03,Open Ended,2010-02-11,NIFTY 50 Hybrid Composite Debt 50:50 Index,39.52,40.23,34.38,0.26,-1.85,3.36,13.8,15.77,10.24,10.89,8.9,0.0,50.0,156243.5,55.18,14.37,15.24,Not Applicable,5.42,3.88,7.42,6.6,1.43,2.27,0.98,6.61,FoFs : Domestic,Nil upto 10% of investment and 1% for remaining investment on or before 365D Nil after 365D,15.0
Bandhan Balanced Advantage Fund-Reg(G),Manish Gunwani,HY-DYN,3,2283.4,2.03,Open Ended,2014-10-10,NIFTY 50 Hybrid Composite Debt 50:50 Index,23.96,24.09,20.67,0.39,-0.7,4.19,14.88,15.11,9.23,11.1,8.63,0.0,84.0,182616.0,61.8,8.66,10.45,Financials,11.37,5.96,7.2,6.73,1.46,2.13,1.16,6.91,Hybrid : Dynamic Asset Allocation,Nil for 10% of investment and for remaining investment 1% on or before 1Y,11.0
Bandhan Banking & PSU Debt Fund-Reg(G),Suyash Choudhary,DT-B&PSU,4,13506.9,0.63,Open Ended,2013-03-07,NIFTY Banking and PSU Debt Index,23.59,23.59,21.94,0.52,1.49,3.87,7.52,7.12,5.95,6.39,7.25,0.0,50.0,156243.5,55.18,14.37,15.24,Not Applicable,3.01,2.38,7.31,2.55,5.51,11.02,0.29,0.61,Debt : Banking & PSU,Nil,12.0
Bandhan Bond Fund - Income Plan-Reg(G),Suyash Choudhary,DT-LD,Unrated,483.3,1.98,Open Ended,2000-07-14,NIFTY Medium to Long Duration Debt Index,62.68,62.79,57.94,0.28,0.31,3.33,7.97,6.89,4.75,5.29,6.58,0.0,50.0,156243.5,55.18,14.37,15.24,Not Applicable,14.84,6.76,7.29,0.53,1.83,3.26,1.06,1.98,Debt : Long Duration,Nil for 10% of investment and 1% for remaining investment on or before 365D Nil after 365D,25.0
Bandhan Bond Fund - Medium Term Plan-Reg(G),Suyash Choudhary,DT-MD,3,1486.6,1.31,Open Ended,2003-07-08,NIFTY Medium Duration Debt Index,43.77,43.79,40.69,0.44,1.15,3.98,7.57,6.97,5.01,5.58,6.63,0.0,50.0,156243.5,55.18,14.37,15.24,Not Applicable,5.09,3.84,7.22,1.79,3.25,6.2,0.54,1.04,Debt : Medium Duration,Nil,22.0
Bandhan Bond Fund - Short Term Plan-Reg(G),Suyash Choudhary,DT-SD,4,9834.3,0.8,Open Ended,2000-12-14,Nifty Short Duration Debt Index,54.63,54.63,50.67,0.52,1.43,4.04,7.82,7.36,5.82,6.06,6.93,0.0,50.0,156243.5,55.18,14.37,15.24,Not Applicable,3.54,2.89,7.25,2.52,4.66,9.23,0.38,0.78,Debt : Short Duration,Nil,25.0
Bandhan BSE Healthcare Index Fund-Reg(G),Nemish Sheth,EQ-INDX,Unrated,17.7,1.02,Open Ended,2024-09-06,BSE Health Care - TRI,10.46,10.46,9.67,4.01,2.47,3.25,11.97,15.99,,,,18.0,99.0,68910.0,37.92,33.45,28.88,Healthcare,,,,4.33,1.34,2.01,0.88,12.37,Equity : Index Funds,0.25% on or before 15D Nil after 15D,1.0
Bandhan BSE Sensex ETF,Nemish Sheth,EQ-ETF,Unrated,1.2,0.38,Open Ended,2016-10-07,BSE SENSEX - TRI,857.93,920.21,749.37,-1.65,-6.73,-0.95,9.48,15.28,12.05,14.82,,3.0,30.0,684644.0,98.83,0.71,15.24,Financials,,,,1.44,0.43,0.67,0.99,13.71,Equity : ETFs,,9.0
Bandhan Business Cycle Fund-Reg(G),Vishal Biraia,EQ-THEM,Unrated,1700.8,2.02,Open Ended,2024-09-30,NIFTY 500 - TRI,9.92,10.16,9.38,0.06,-2.23,3.25,11.97,15.99,,,,18.0,91.0,79783.0,36.9,18.46,19.59,Financials,,,,4.33,1.34,2.01,0.88,12.37,Equity : Thematic,0.50% on or before 30D Nil after 30D,1.0
Bandhan Conservative Hybrid Fund-Reg(G),Viraj Kulkarni,HY-DT(CO),1,119.2,2.01,Open Ended,2010-02-25,NIFTY AAA Short Duration Bond Index,30.82,31.43,28.46,-0.4,-2.04,1.36,7.74,8.76,5.81,6.33,6.71,0.0,9.0,203178.0,5.68,1.27,15.24,Automobile and Ancillaries,12.26,5.87,7.22,1.74,1.09,1.84,0.61,3.24,Hybrid : Debt Oriented (Conservative),Nil upto 10% of investment and 0.25% for remaining investment on or before 7D Nil after 7D,15.0
Bandhan Core Equity Fund-Reg(G),Manish Gunwani,EQ-L&M,3,7292.9,1.78,Open Ended,2005-08-09,NIFTY LargeMidcap 250 - TRI,132.34,139.8,101.46,0.41,-5.98,3.25,28.68,33.25,24.0,23.32,15.88,157.0,112.0,101974.0,41.94,31.76,18.7,Financials,,,,18.45,1.5,2.14,0.93,15.36,Equity : Large & Mid Cap,Nil upto 10% of investment and 1% for remaining investment on or before 365D Nil after 365D,20.0
Bandhan Corp Bond Fund-Reg(G),Suyash Choudhary,DT-CORP,3,13795.9,0.65,Open Ended,2016-01-12,NIFTY Corporate Bond Index,18.39,18.39,17.1,0.5,1.49,4.1,7.59,7.2,5.66,6.4,,0.0,50.0,156243.5,55.18,14.37,15.24,Not Applicable,4.01,3.05,7.33,2.49,4.8,8.8,0.33,0.72,Debt : Corporate Bond,Nil,9.0
Bandhan Credit Risk Fund-Reg(G),Gautam Kaul,DT-CR,4,300.2,1.69,Open Ended,2017-03-03,NIFTY Credit Risk Bond Index,15.8,15.8,14.73,0.51,1.37,3.57,7.28,6.53,5.37,5.48,,0.0,50.0,156243.5,55.18,14.37,15.24,Not Applicable,3.64,2.59,7.91,2.19,4.66,9.27,0.33,0.67,Debt : Credit Risk,1% on or before 365D,8.0
Bandhan CRISIL IBX 90:10 SDL Plus Gilt - April 2032 Index Fund-Reg(G),Gautam Kaul,DT-LD,Unrated,583.1,0.26,Open Ended,2022-11-29,CRISIL IBX 90:10 SDL Plus Gilt Index - April 2032,11.89,11.89,10.74,0.65,1.55,4.79,10.07,8.71,,,,0.0,50.0,156243.5,55.18,14.37,15.24,Not Applicable,7.09,5.33,7.19,3.38,3.24,6.63,0.75,1.72,Debt : Long Duration,Nil,3.0
Bandhan CRISIL IBX 90:10 SDL Plus Gilt - Nov 2026 Index Fund-Reg(G),Gautam Kaul,DT-M&LD,Unrated,114.4,0.33,Open Ended,2022-11-17,CRISIL IBX 90:10 SDL Plus Gilt Index - November 2026,11.61,11.61,10.78,0.53,1.48,3.75,7.85,7.32,,,,0.0,50.0,156243.5,55.18,14.37,15.24,Not Applicable,1.73,1.58,7.03,3.05,5.53,12.61,0.2,0.66,Debt : Medium to Long Duration,Nil,3.0
Bandhan CRISIL IBX 90:10 SDL Plus Gilt - Sep 2027 Index Fund-Reg(G),Gautam Kaul,DT-GILT,Unrated,149.7,0.33,Open Ended,2022-11-24,CRISIL IBX 90:10 SDL Plus Gilt Index - September 2027,11.64,11.65,10.76,0.57,1.46,3.9,8.25,7.62,,,,0.0,50.0,156243.5,55.18,14.37,15.24,Not Applicable,2.55,2.23,7.07,3.0,4.45,9.59,0.32,0.89,Debt : Gilt,Nil,3.0
Bandhan CRISIL IBX Gilt April 2026 Index Fund-Reg(G),Gautam Kaul,DT-GILT,Unrated,471.9,0.41,Open Ended,2022-10-20,CRISIL IBX Gilt Index - April 2026,11.69,11.69,10.91,0.5,1.47,3.54,7.12,7.06,,,,0.0,50.0,156243.5,55.18,14.37,15.24,Not Applicable,1.19,1.11,6.8,2.44,6.01,13.54,0.18,0.49,Debt : Gilt,Nil,3.0
Bandhan CRISIL IBX Gilt April 2028 Index Fund-Reg(G),Harshal Joshi,DT-GILT,Unrated,4732.7,0.44,Open Ended,2021-03-23,CRISIL IBX Gilt Index - April 2028,12.37,12.37,11.49,0.54,1.38,3.95,7.78,7.64,5.71,,,0.0,50.0,156243.5,55.18,14.37,15.24,Not Applicable,2.87,2.48,6.83,2.34,4.06,8.64,0.42,0.88,Debt : Gilt,Nil,4.0
Bandhan CRISIL IBX Gilt April 2032 Index Fund-Reg(G),Gautam Kaul,DT-LD,Unrated,435.2,0.46,Open Ended,2023-02-15,CRISIL IBX Gilt Index - April 2032,11.69,11.69,10.69,0.56,0.97,4.66,9.16,15.99,,,,0.0,50.0,156243.5,55.18,14.37,15.24,Not Applicable,6.9,5.31,6.9,2.02,2.78,5.03,0.95,1.73,Debt : Long Duration,Nil,2.0
Bandhan CRISIL IBX Gilt June 2027 Index Fund-Reg(G),Harshal Joshi,DT-GILT,Unrated,7101.5,0.43,Open Ended,2021-03-23,CRISIL IBX Gilt Index - June 2027,12.32,12.32,11.45,0.48,1.44,3.83,7.61,7.46,5.53,,,0.0,50.0,156243.5,55.18,14.37,15.24,Not Applicable,2.36,2.12,6.82,2.44,4.58,9.55,0.33,0.75,Debt : Gilt,Nil,4.0
Bandhan Dynamic Bond Fund-Reg(G),Suyash Choudhary,DT-DYN,4,3055.3,1.57,Open Ended,2008-12-01,NIFTY Composite Debt Index,32.87,33.1,29.79,0.12,-0.68,2.99,10.01,8.05,5.65,6.15,7.17,0.0,50.0,156243.5,55.18,14.37,15.24,Not Applicable,28.49,12.14,7.14,0.25,1.59,2.71,1.78,3.46,Debt : Dynamic Bond,Nil,17.0
Bandhan ELSS Tax Saver Fund-Reg(G),Daylynn Pinto,EQ-ELSS,5,6894.2,1.75,Open Ended,2008-12-26,BSE 500 - TRI,149.82,162.71,129.48,-0.95,-7.7,-1.92,13.58,21.05,15.37,21.82,15.12,26.0,68.0,180974.0,66.43,13.21,15.97,Financials,,,,5.27,0.74,1.09,0.86,12.9,Equity : Tax Saving (ELSS),Nil,17.0
Bandhan Equity Savings Fund-Reg(G),Nemish Sheth,HY-EQ,Unrated,245.7,1.1,Open Ended,2008-06-09,CRISIL Liquid Debt Index,30.14,30.14,27.91,0.41,0.16,2.33,7.66,8.7,6.63,7.8,6.63,0.0,42.0,394118.0,61.08,5.93,15.24,Financials,2.64,2.05,7.23,2.39,1.29,2.08,0.33,2.6,Hybrid : Equity Oriented,Nil upto 10% of investments and 0.25% for remaining investments on or before 7D Nil after 7D,17.0
Bandhan Financial Services Fund-Reg(G),Ritu Modi,EQ-FIN,Unrated,957.5,2.21,Open Ended,2023-07-28,Nifty Financial Services - TRI,14.05,14.69,11.44,-0.47,-4.08,3.75,18.93,15.99,,,,95.0,41.0,182861.0,61.8,15.1,17.42,Financials,,,,10.16,0.95,1.42,0.94,15.5,Equity : Sectoral - Financial Services,0.50% on or before 30D Nil after 30D,2.0
Bandhan Flexi Cap Fund-Reg(G),Manish Gunwani,EQ-FLEX,2,7291.4,1.87,Open Ended,2005-09-28,BSE 500 - TRI,201.1,218.59,169.25,-0.92,-8.22,-1.22,15.55,20.65,12.83,15.72,11.27,121.0,83.0,237232.0,71.07,14.74,9.33,Financials,,,,6.68,0.81,1.18,0.92,13.83,Equity : Flexi Cap,Nil upto 10% of investment and 1% for remaining investment on or before 365D Nil after 365D,20.0
Bandhan Floating Rate Fund-Reg(G),Brijesh Shah,DT-FL,1,320.9,0.79,Open Ended,2021-02-18,Nifty Short Duration Debt Index,12.33,12.33,11.43,0.55,1.57,4.17,7.88,7.32,6.11,,,0.0,50.0,156243.5,55.18,14.37,15.24,Not Applicable,3.67,2.83,7.76,2.77,5.35,10.17,0.32,0.7,Debt : Floater,Nil,4.0
Bandhan Focused Equity Fund-Reg(G),Manish Gunwani,EQ-MLC,2,1792.6,2.09,Open Ended,2006-03-16,BSE 500 - TRI,90.73,91.78,67.73,1.85,0.95,11.54,30.45,31.57,18.12,18.56,12.72,76.0,27.0,114698.0,46.2,29.88,22.82,Financials,,,,19.56,1.57,2.5,0.9,15.32,Equity : Multi Cap,Nil upto 10% of investment and 1% for remaining investment on or before 365D Nil after 365D,19.0
Bandhan FTP-179-3652D-Reg(G),Harshal Joshi,DT-FMP,Unrated,333.1,1.08,Closed Ended,2019-03-13,CRISIL Composite Bond Index,15.91,15.96,14.62,0.26,1.19,4.36,9.04,8.08,6.45,6.98,,18.0,50.0,156243.5,55.18,14.37,15.24,Not Applicable,,,,3.7,3.53,6.71,0.31,1.31,Debt : FTP/FMP,,6.0
Bandhan G-Sec-Constant Maturity Plan-Reg(G),Harshal Joshi,DT-GL10Y,Unrated,346.1,0.37,Open Ended,2002-03-09,Crisil 10 Yr Gilt Index,43.42,43.47,39.51,0.35,0.77,4.55,9.7,8.48,5.81,6.3,8.3,0.0,50.0,156243.5,55.18,14.37,15.24,Not Applicable,10.68,7.14,6.95,1.84,2.43,4.29,1.17,2.17,Debt : Gilt (10 Yr Constant Duration),Nil,23.0
Bandhan G-Sec-Invest-Reg(G),Suyash Choudhary,DT-GILT,4,3684.5,1.14,Open Ended,2008-12-05,CRISIL Dynamic Gilt Index,34.08,34.28,30.71,0.15,-0.58,3.22,10.62,8.55,6.1,6.62,7.75,0.0,50.0,156243.5,55.18,14.37,15.24,Not Applicable,28.47,12.13,7.14,0.81,1.74,3.0,1.79,3.47,Debt : Gilt,Nil,17.0
Bandhan Hybrid Equity Fund-Reg(G),Prateek Poddar,HY-EQ,4,809.8,2.32,Open Ended,2016-12-30,BSE 200 - TRI,25.42,25.88,20.62,1.37,-2.35,8.54,21.37,21.29,13.4,16.59,,0.0,63.0,68799.0,40.65,13.57,18.47,Financials,12.49,5.79,7.39,9.53,1.29,1.83,2.33,12.59,Hybrid : Equity Oriented,Nil for 10% of investment and 1 % for remaining investment on or before 12M,9.0
Bandhan Infrastructure Fund-Reg(G),Vishal Biraia,EQ-INFRA,5,1798.3,2.08,Open Ended,2011-03-08,BSE India Infrastructure Index - TRI,52.43,57.51,37.4,0.02,-7.3,-4.99,39.35,44.43,29.07,29.64,16.45,80.0,74.0,38278.0,30.97,15.43,50.79,Infrastructure,,,,26.91,1.52,2.15,1.12,21.32,Equity : Sectoral - Infrastructure,0.50% on or before 30D Nil after 30D,14.0
Bandhan Innovation Fund-Reg(G),Manish Gunwani,EQ-THEM,Unrated,1333.6,2.11,Open Ended,2024-04-30,NIFTY 500 - TRI,13.08,13.08,9.65,2.6,-0.34,16.34,11.97,15.99,,,,18.0,76.0,27071.0,28.39,18.05,46.09,Healthcare,,,,4.33,1.34,2.01,0.88,12.37,Equity : Thematic,0.50% on or before 30D Nil after 30D,1.0
Bandhan Large Cap Fund-Reg(G),Manish Gunwani,EQ-LC,3,1759.5,2.06,Open Ended,2006-06-09,BSE 100 - TRI,75.73,81.03,62.17,-0.55,-6.6,0.96,19.06,23.56,14.41,17.21,11.96,120.0,60.0,308002.0,76.57,10.75,7.58,Financials,,,,10.05,1.11,1.74,0.87,12.98,Equity : Large Cap,0.50% on or before 30D Nil after 30D,19.0
Bandhan Liquid Fund-Reg(G),Harshal Joshi,DT-LIQ,2,13773.9,0.25,Open Ended,2004-04-02,Nifty Liquid Fund Index,3050.66,3050.66,2843.69,0.58,1.73,3.52,7.3,7.13,6.36,5.26,6.24,0.0,50.0,156243.5,55.18,14.37,15.24,Not Applicable,0.15,0.15,7.3,0.71,9.53,5.31,0.88,0.07,Debt : Liquid,0.007% for Day 1 0.0065% on Day 2 0.0060% on Day 3 0.0055% on Day 4 0.0050% on Day 5 0.0045% on Day 6 NIL after 7D,21.0
Bandhan Long Duration Fund-Reg(G),Gautam Kaul,DT-LD,Unrated,205.9,0.67,Open Ended,2024-03-20,NIFTY Long Duration Debt Index,10.68,10.73,9.9,0.22,-0.43,3.52,11.97,15.99,,,,0.0,50.0,156243.5,55.18,14.37,15.24,Not Applicable,28.66,12.03,7.13,4.33,1.34,2.01,0.88,12.37,Debt : Long Duration,Nil,1.0
Bandhan Low Duration Fund-Reg(G),Harshal Joshi,DT-LOWD,3,5621.8,0.6,Open Ended,2006-01-17,NIFTY Low Duration Debt Index,37.11,37.11,34.59,0.57,1.69,3.57,7.29,7.12,6.09,5.72,6.85,0.0,50.0,156243.5,55.18,14.37,15.24,Not Applicable,1.03,0.91,7.43,2.92,9.21,19.09,0.08,0.34,Debt : Low Duration,Nil,19.0
Bandhan Midcap Fund-Reg(G),Ritu Modi,EQ-MID,Unrated,1547.5,2.08,Open Ended,2022-08-18,BSE 150 MidCap - TRI,18.12,18.56,13.22,2.43,-2.25,4.87,33.08,35.51,,,,39.0,91.0,61087.0,20.46,61.02,14.72,Capital Goods,,,,21.37,1.58,2.35,0.88,16.3,Equity : Mid Cap,1% on or before 1Y Nil after 1Y,3.0
Bandhan Money Manager Fund-Reg(G),Brijesh Shah,DT-MM,1,11658.7,0.35,Open Ended,2003-02-18,Nifty Money Market Index,38.79,38.79,36.2,0.6,1.75,3.55,7.17,6.92,5.96,5.15,6.11,0.0,50.0,156243.5,55.18,14.37,15.24,Not Applicable,0.54,0.54,7.54,2.95,10.07,20.21,0.03,0.3,Debt : Money Market,Nil,22.0
Bandhan Multi Asset Allocation Fund-Reg(G),Viraj Kulkarni,HY-MULTI,Unrated,1807.9,1.99,Open Ended,2024-01-31,NIFTY 500 - TRI,11.56,12.03,9.99,-0.84,-4.14,1.66,11.97,15.99,,,,0.0,119.0,164802.0,41.04,11.09,13.49,Financials,16.31,6.95,6.77,4.33,1.34,2.01,0.88,12.37,Hybrid : Multi Asset Allocation,Nil for 10% of investment For remaining investment: 0.50% on or before 1Y and Nil after 1Y,1.0
Bandhan Multi Cap Fund-Reg(G),Daylynn Pinto,EQ-MLC,Unrated,2448.7,1.98,Open Ended,2021-12-02,Nifty500 Multicap 50:25:25 - TRI,16.95,18.1,13.91,-0.31,-6.74,0.22,19.6,25.09,18.82,,,58.0,103.0,88740.0,45.04,23.08,28.1,Financials,,,,10.91,1.08,1.59,0.87,14.07,Equity : Multi Cap,1% on or before 1Y Nil after 1Y,4.0
Bandhan Nifty 100 Index Fund-Reg(G),Nemish Sheth,EQ-INDX,Unrated,152.8,0.61,Open Ended,2022-02-24,NIFTY 100 - TRI,14.57,15.87,12.48,-1.87,-8.52,-2.14,12.51,17.23,,,,10.0,100.0,436985.0,96.99,3.09,15.24,Financials,,,,3.83,0.61,0.9,1.02,14.47,Equity : Index Funds,Nil,3.0
Bandhan Nifty 200 Quality 30 Index Fund-Reg(G),Nemish Sheth,EQ-INDX,Unrated,709.5,1.08,Open Ended,2024-12-04,NIFTY200 Quality 30 - TRI,9.85,10.12,9.66,0.31,-2.11,3.25,11.97,15.99,,,,18.0,50.0,156243.5,55.18,14.37,15.24,,,,,4.33,1.34,2.01,0.88,12.37,Equity : Index Funds,0.25% on or before 15D Nil after 15D,1.0
Bandhan Nifty 50 ETF,Nemish Sheth,EQ-ETF,Unrated,26.0,0.09,Open Ended,2016-10-07,NIFTY 50 - TRI,262.24,283.81,227.94,-1.61,-7.82,-1.26,10.36,16.45,12.86,15.6,,4.0,50.0,555840.0,98.48,1.24,15.24,Financials,,,,2.24,0.49,0.75,0.99,13.81,Equity : ETFs,,9.0
Bandhan Nifty 50 Index Fund-Reg(G),Nemish Sheth,EQ-INDX,4,1644.7,0.6,Open Ended,2010-04-30,NIFTY 50 - TRI,51.78,56.16,45.31,-1.66,-8.01,-1.65,9.61,15.72,12.33,15.22,11.9,19.0,50.0,555827.0,98.78,1.25,15.24,Financials,,,,1.21,0.44,0.67,1.0,13.88,Equity : Index Funds,Nil,15.0
Bandhan Nifty 500 Momentum 50 Index Fund-Reg(G),Nemish Sheth,EQ-INDX,Unrated,14.5,1.0,Open Ended,2024-10-29,Nifty500 Momentum 50 - TRI,9.8,10.46,9.43,-3.24,-2.11,3.25,11.97,15.99,,,,18.0,50.0,127193.0,63.96,31.55,4.37,Capital Goods,,,,4.33,1.34,2.01,0.88,12.37,Equity : Index Funds,0.25% on or before 15D Nil after 15D,1.0
Bandhan Nifty 500 Value 50 Index Fund-Reg(G),Nemish Sheth,EQ-INDX,Unrated,7.6,1.0,Open Ended,2024-10-29,NIFTY500 Value 50 - TRI,9.55,10.27,9.32,-5.23,-2.11,3.25,11.97,15.99,,,,18.0,51.0,111588.0,62.63,19.97,15.4,Energy,,,,4.33,1.34,2.01,0.88,12.37,Equity : Index Funds,0.25% on or before 15D Nil after 15D,1.0
Bandhan Nifty Alpha 50 Index Fund-Reg(G),Nemish Sheth,EQ-INDX,Unrated,327.1,1.02,Open Ended,2023-11-09,Nifty Alpha 50 - TRI,15.04,16.33,11.4,0.9,-6.34,-0.69,30.92,15.99,,,,130.0,50.0,76519.0,30.26,53.88,15.85,Financials,,,,20.16,1.1,1.61,1.2,23.67,Equity : Index Funds,Nil,2.0
Bandhan Nifty Alpha Low Volatility 30 Index Fund-Reg(G),Nemish Sheth,EQ-INDX,Unrated,709.5,1.08,Open Ended,,NIFTY Alpha Low-Volatility 30 - TRI,26.17,27.64,22.01,0.31,-2.11,3.25,11.97,15.99,,,,18.0,50.0,156243.5,55.18,14.37,15.24,,,,,4.33,1.34,2.01,0.88,12.37,Equity : Index Funds,0.25% on or before 15D Nil after 15D,
Bandhan Nifty Bank Index Fund-Reg(G),Nemish Sheth,EQ-INDX,Unrated,13.3,1.0,Open Ended,2024-08-27,NIFTY BANK - TRI,10.03,10.6,9.75,-1.98,-3.78,3.25,11.97,15.99,,,,18.0,12.0,538938.0,86.46,13.58,15.24,Financials,,,,4.33,1.34,2.01,0.88,12.37,Equity : Index Funds,0.25% on or before 15D Nil after 15D,1.0
Bandhan Nifty IT Index Fund-Reg(G),Nemish Sheth,EQ-INDX,Unrated,27.0,1.02,Open Ended,2023-08-31,NIFTY IT - TRI,14.54,15.09,10.57,0.42,2.5,17.99,22.68,15.99,,,,53.0,10.0,429500.0,83.83,16.15,15.24,Technology,,,,15.15,0.97,1.76,0.75,19.43,Equity : Index Funds,Nil,2.0
Bandhan Nifty Midcap 150 Index Fund-Reg(G),Nemish Sheth,EQ-INDX,Unrated,20.3,0.91,Open Ended,2024-09-19,Nifty Midcap 150 - TRI,9.76,10.25,9.1,1.53,-5.23,3.25,11.97,15.99,,,,18.0,151.0,58764.0,6.41,86.35,6.74,Financials,,,,4.33,1.34,2.01,0.88,12.37,Equity : Index Funds,0.25% on or before 15D Nil after 15D,1.0
Bandhan Nifty Smallcap 250 Index Fund-Reg(G),Nemish Sheth,EQ-INDX,Unrated,45.9,0.89,Open Ended,2023-12-22,Nifty Smallcap 250 - TRI,12.97,13.45,9.77,1.02,-3.49,2.88,26.06,15.99,,,,18.0,250.0,19551.0,55.18,8.01,91.98,Financials,,,,17.06,1.1,1.56,0.96,19.82,Equity : Index Funds,Nil,2.0
Bandhan Nifty Total Market Index Fund-Reg(G),Nemish Sheth,EQ-INDX,Unrated,35.8,1.05,Open Ended,2024-07-10,Nifty Total Market - TRI,9.94,10.66,9.5,-0.92,-7.31,3.25,11.97,15.99,,,,18.0,752.0,194171.0,67.76,17.91,14.15,Financials,,,,4.33,1.34,2.01,0.88,12.37,Equity : Index Funds,0.25% on or before 15D Nil after 15D,1.0
Bandhan Nifty100 Low Volatility 30 Index Fund-Reg(G),Nemish Sheth,EQ-INDX,Unrated,1350.7,1.04,Open Ended,2022-10-06,Nifty100 Low Volatility 30 - TRI,15.03,16.64,13.04,-0.55,-10.24,0.21,11.11,21.18,,,,50.0,30.0,323010.0,96.56,3.45,15.24,FMCG,,,,3.75,0.63,1.08,0.7,11.44,Equity : Index Funds,Nil,3.0
Bandhan Nifty200 Momentum 30 Index Fund-Reg(G),Nemish Sheth,EQ-INDX,Unrated,138.8,1.06,Open Ended,2022-09-02,Nifty200 Momentum 30 - TRI,16.91,19.27,13.93,-3.92,-12.9,-7.76,19.46,30.12,,,,90.0,30.0,199219.0,87.01,12.9,15.24,Automobile and Ancillaries,,,,10.38,0.75,1.1,1.24,21.95,Equity : Index Funds,Nil,3.0
Bandhan Overnight Fund-Reg(G),Brijesh Shah,DT-ON,3,1152.6,0.15,Open Ended,2019-01-18,Nifty 1D Rate Index,1332.31,1332.31,1249.87,0.55,1.6,3.23,6.62,6.59,5.93,4.81,,0.0,50.0,156243.5,55.18,14.37,15.24,Not Applicable,,,6.68,0.28,33.32,1.99,0.88,0.01,Debt : Overnight,Nil,6.0
Bandhan Retirement Fund-Reg(G),Vishal Biraia,HY-SOL,Unrated,173.4,2.35,Open Ended,2023-10-18,CRISIL Hybrid 50+50 - Moderate Index,12.19,12.68,10.72,-0.09,-3.71,0.16,12.9,15.99,,,,0.0,59.0,280659.0,58.49,9.17,4.29,Financials,23.33,9.94,6.98,3.91,1.02,1.48,1.61,8.42,Hybrid : Solution Oriented,Nil,2.0
Bandhan Small Cap Fund-Reg(G),Manish Gunwani,EQ-SML,Unrated,9248.3,1.72,Open Ended,2020-02-25,BSE 250 Small Cap - TRI,47.62,48.98,32.32,0.49,-2.89,12.67,43.3,49.02,27.87,,,67.0,178.0,14677.0,6.58,12.24,71.48,Financials,,,,30.04,1.92,2.8,0.87,17.9,Equity : Small Cap,1% on or before 1Y,5.0
Bandhan Sterling Value Fund-Reg(G),Daylynn Pinto,EQ-VAL,5,10053.8,1.76,Open Ended,2008-03-07,BSE 500 - TRI,147.62,159.78,123.15,-1.15,-7.51,-1.32,18.11,25.56,17.81,24.9,15.06,39.0,65.0,154708.0,57.57,15.36,18.5,Financials,,,,9.32,0.99,1.46,0.9,13.93,Equity : Value / Contra,Nil upto 10% of investment and 1% for remaining investment on or before 365D Nil after 365D,17.0
Bandhan Transportation and Logistics Fund-Reg(G),Daylynn Pinto,EQ-AUTO,Unrated,543.3,2.41,Open Ended,2022-10-25,Nifty Transportation & Logistics - TRI,17.18,19.42,13.92,-1.6,-12.53,-8.95,20.01,30.65,,,,38.0,40.0,58581.0,53.29,9.56,29.5,Automobile and Ancillaries,,,,11.59,1.01,1.57,0.83,15.52,Equity : Sectoral - Auto,0.50% on or before 30D Nil after 30D,3.0
Bandhan Ultra Short Term Fund-Reg(G),Harshal Joshi,DT-USD,4,3819.6,0.47,Open Ended,2018-07-18,NIFTY Ultra Short Duration Debt Index,14.67,14.67,13.67,0.6,1.75,3.57,7.4,7.22,6.28,5.54,,0.0,50.0,156243.5,55.18,14.37,15.24,Not Applicable,0.49,0.46,7.47,3.18,10.71,21.43,0.03,0.3,Debt : Ultra Short Duration,Nil,7.0
Bandhan US Equity FoF-Reg(G),Ritika Behera,FOF-OVR,Unrated,345.4,1.62,Open Ended,2021-08-20,Russell 1000 Index,15.57,15.88,11.09,1.04,7.98,8.51,34.62,35.0,14.22,,,18.0,50.0,156243.5,55.18,14.37,15.24,Not Applicable,,,,28.63,1.61,2.49,0.75,19.11,FoFs : Overseas,1% on or before 1Y Nil after 1Y,4.0
Bandhan US Equity FoF-Reg(IDCW),Ritika Behera,FOF-OVR,Unrated,345.4,1.62,Open Ended,2021-08-20,Russell 1000 Index,15.57,15.88,11.09,1.04,7.98,8.51,34.62,35.0,14.22,,,18.0,50.0,156243.5,55.18,14.37,15.24,Not Applicable,,,,28.63,1.61,2.49,0.75,19.11,FoFs : Overseas,1% on or before 1Y Nil after 1Y,4.0
Bandhan US Treasury Bond 0-1 year FoF-Reg(G),Brijesh Shah,FOF-OVR,Unrated,141.1,0.18,Open Ended,2023-03-28,ICE 0-1 Year US Treasury Securities Index,11.33,11.33,10.45,1.51,3.06,4.92,7.95,15.99,,,,18.0,50.0,156243.5,55.18,14.37,15.24,Not Applicable,,,,4.96,2.55,5.76,-0.28,1.65,FoFs : Overseas,0.10% on or before 7D Nil after 7D,2.0
Bank of India Arbitrage Fund-Reg(G),Firdaus Marazban Ragina,HY-ARB,Unrated,41.0,0.92,Open Ended,2018-06-18,Nifty 50 Arbitrage,13.38,13.38,12.52,0.61,1.75,3.33,6.9,6.58,5.38,4.27,,0.0,41.0,198393.0,56.28,14.54,2.57,Financials,0.21,0.21,6.89,3.0,2.75,5.99,-0.08,1.0,Hybrid : Arbitrage,Nil for 10% of units and 0.50% for remaining units on or before 30D Nil after 30D,7.0
Bank of India Balanced Advantage Fund-Reg(G),Alok Singh,HY-DYN,Unrated,135.8,2.27,Open Ended,2014-03-14,NIFTY 50 Hybrid Composite Debt 50:50 Index,24.25,25.84,22.18,-1.54,-6.44,-3.86,6.53,12.74,13.9,11.02,7.28,0.0,59.0,466245.0,69.7,0.71,15.24,Financials,3.69,2.91,7.38,-2.24,0.27,0.38,1.83,11.59,Hybrid : Dynamic Asset Allocation,1% on or before 3M Nil after 3M,11.0
Bank of India Bluechip Fund-Reg(G),Alok Singh,EQ-LC,Unrated,197.4,2.3,Open Ended,2021-06-29,NIFTY 100 - TRI,16.0,17.16,13.84,-1.93,-7.39,-4.48,13.27,22.02,13.13,,,53.0,52.0,225910.0,82.58,7.54,9.23,Financials,,,,4.91,0.63,0.89,1.04,16.08,Equity : Large Cap,1% on or before 3M Nil after 3M,4.0
Bank of India Business Cycle Fund-Reg(G),Alok Singh,EQ-THEM,Unrated,636.4,2.18,Open Ended,2024-08-30,NIFTY 500 - TRI,9.99,10.44,9.72,-1.98,-1.88,3.25,11.97,15.99,,,,133.0,103.0,73172.0,38.99,12.04,30.55,Financials,,,,4.33,1.34,2.01,0.88,12.37,Equity : Thematic,Nil upto 10% of units and 1% for remaining units on or before 3M Nil after 3M,1.0
Bank of India Conservative Hybrid Fund-Reg(G),Alok Singh,HY-DT(CO),Unrated,66.1,2.05,Open Ended,2009-03-18,CRISIL Hybrid 85+15 - Conservative Index,33.32,33.66,30.99,-0.39,-0.61,0.76,7.0,9.05,13.05,11.73,7.68,0.0,27.0,213701.0,15.05,1.88,2.92,Financials,3.23,2.5,7.2,0.18,0.68,0.95,0.97,4.48,Hybrid : Debt Oriented (Conservative),Nil for 10% of investment and 1% for remaining investment on or before 1Y Nil after 1Y,16.0
Bank of India Consumption Fund-Reg(G),Nitin Gosar,EQ-CONS,Unrated,709.5,1.08,Open Ended,2024-12-20,Nifty India Consumption - TRI,10.03,10.03,10.0,0.31,-2.11,3.25,11.97,15.99,,,,18.0,50.0,156243.5,55.18,14.37,15.24,,,,,4.33,1.34,2.01,0.88,12.37,Equity : Thematic - Consumption,Nil for 10% of investments and 1% for remaining investments or or before 12M Nil after 12M,1.0
Bank of India Credit Risk Fund-Reg(G),Alok Singh,DT-CR,2,114.9,1.38,Open Ended,2015-02-27,CRISIL Credit Risk Debt Index,11.8,11.81,11.14,0.31,1.2,2.56,5.97,5.78,39.49,10.56,,0.0,50.0,156243.5,55.18,14.37,15.24,Not Applicable,0.72,0.59,7.01,1.97,1.64,4.89,0.88,1.19,Debt : Credit Risk,4% on or before 12M 3% after 12M but on or before 24M 2% after 24M but on or before 36M Nil after 36M,10.0
Bank of India ELSS Tax Saver-Reg(G),Alok Singh,EQ-ELSS,5,1453.0,1.96,Open Ended,2009-02-25,BSE 500 - TRI,169.28,177.91,136.56,-0.65,-4.36,-3.21,21.96,28.56,17.92,24.88,16.41,93.0,65.0,108006.0,50.24,21.8,23.18,Financials,,,,12.7,0.93,1.27,1.14,19.84,Equity : Tax Saving (ELSS),Nil,16.0
Bank of India Flexi Cap Fund-Reg(G),Alok Singh,EQ-FLEX,Unrated,2048.2,1.95,Open Ended,2020-06-29,BSE 500 - TRI,36.15,37.58,27.59,0.14,-3.2,0.7,29.46,34.25,21.51,,,88.0,70.0,85868.0,46.44,15.65,31.01,Financials,,,,18.98,1.27,1.74,1.11,19.36,Equity : Flexi Cap,1% on or before 3M Nil after 3M,5.0
Bank of India Large & Mid Cap Equity Fund-Reg(G),Nitin Gosar,EQ-L&M,3,374.5,2.3,Open Ended,2008-10-21,BSE 250 LargeMidCap Index - TRI,87.67,93.96,73.01,-2.19,-6.52,-3.53,17.1,23.49,16.05,19.55,12.11,110.0,60.0,113345.0,46.63,33.39,16.81,Financials,,,,8.34,0.79,1.11,1.05,17.2,Equity : Large & Mid Cap,NIL upto 10% of units and 1% for in execss of above Limit on or before 1Y NIL after 1Y,17.0
Bank of India Liquid Fund-Reg(G),Mithraem Bharucha,DT-LIQ,2,1699.1,0.13,Open Ended,2008-07-16,CRISIL Liquid Debt Index,2906.3,2906.3,2705.71,0.6,1.77,3.59,7.43,7.24,6.47,5.34,6.31,0.0,50.0,156243.5,55.18,14.37,15.24,Not Applicable,0.15,0.15,7.05,0.81,11.63,5.74,0.88,0.07,Debt : Liquid,0.007% for Day 1 0.0065% on Day 2 0.0060% on Day 3 0.0055% on Day 4 0.0050% on Day 5 0.0045% on Day 6 NIL on or after 7D,17.0
Bank of India Mfg & Infra Fund-Reg(G),Nitin Gosar,EQ-INFRA,Unrated,538.8,2.28,Open Ended,2010-03-05,BSE India Infrastructure Index - TRI,56.07,60.31,43.77,-1.86,-7.45,-2.6,26.12,35.07,23.99,29.71,16.45,70.0,71.0,48514.0,32.29,16.52,42.6,Energy,,,,16.38,1.17,1.64,1.02,18.43,Equity : Sectoral - Infrastructure,NIL upto 10% of units and 1% for in execss of above Limit on or before 1Y NIL after 1Y,15.0
Bank of India Mid & Small Cap Equity & Debt Fund-Reg(G),Alok Singh,HY-EQ,5,1053.7,2.1,Open Ended,2016-07-20,Nifty MidSmallcap 400 - TRI,39.5,40.4,31.13,1.76,-0.2,3.4,26.04,29.93,17.48,26.73,,119.0,66.0,30478.0,2.98,37.19,32.91,Financials,2.51,1.83,7.38,14.77,1.4,2.01,2.14,15.07,Hybrid : Equity Oriented,1% on or before 3M Nil after 3M,9.0
Bank of India Midcap Tax Fund-Sr 1-Reg(G),Nilesh Jethani,EQ-ELSS,Unrated,66.8,1.08,Closed Ended,2018-02-19,BSE 500 - TRI,27.6,28.89,22.43,0.74,-4.35,-3.37,20.63,27.79,15.18,24.79,,16.0,50.0,70419.0,25.69,58.85,13.57,Financials,,,,11.69,0.97,1.43,0.94,17.0,Equity : Tax Saving (ELSS),,7.0
Bank of India Midcap Tax Fund-Sr 2-Reg(G),Nilesh Jethani,EQ-ELSS,Unrated,35.6,1.08,Closed Ended,2018-10-19,BSE 500 - TRI,32.65,34.31,26.88,0.5,-4.7,-3.79,19.41,27.63,15.24,23.05,,18.0,50.0,67324.0,22.71,60.57,14.36,Financials,,,,10.68,0.91,1.34,0.95,17.05,Equity : Tax Saving (ELSS),,7.0
Bank of India Multi Asset Allocation Fund-Reg(G),Mithraem Bharucha,HY-MULTI,Unrated,351.2,1.93,Open Ended,2024-02-28,NIFTY Composite Debt Index,11.0,11.27,9.88,-0.85,-2.17,0.26,11.97,15.99,,,,0.0,48.0,82218.0,22.64,3.96,12.03,Financials,4.07,3.14,7.45,4.33,1.34,2.01,0.88,12.37,Hybrid : Multi Asset Allocation,Nil upto 10% of units and 1% for remaining units on or before 1Y Nil after 1Y,1.0
Bank of India Multi Cap Fund-Reg(G),Nitin Gosar,EQ-MLC,Unrated,758.1,2.21,Open Ended,2023-03-03,Nifty500 Multicap 50:25:25 - TRI,17.71,18.61,14.26,-1.35,-5.35,0.17,22.6,15.99,,,,106.0,68.0,69935.0,34.54,24.47,32.62,Financials,,,,13.46,1.05,1.47,1.02,17.68,Equity : Multi Cap,Nil upto 10% of units and 1% for remaining units on or before 1Y Nil after 1Y,2.0
Bank of India Overnight Fund-Reg(G),Mithraem Bharucha,DT-ON,2,91.1,0.1,Open Ended,2020-01-28,CRISIL Liquid Overnight Index,1272.22,1272.22,1191.66,0.56,1.65,3.32,6.78,6.76,6.09,,,0.0,50.0,156243.5,55.18,14.37,15.24,Not Applicable,,,6.68,0.38,45.04,2.71,0.88,0.01,Debt : Overnight,Nil,5.0
Bank of India Short Term Income Fund-Reg(G),Mithraem Bharucha,DT-SD,Unrated,81.9,1.0,Open Ended,2008-12-18,CRISIL Short Duration Debt Index,25.68,25.69,23.54,0.52,3.13,5.52,9.09,7.49,13.59,8.36,5.73,0.0,50.0,156243.5,55.18,14.37,15.24,Not Applicable,2.3,1.82,7.17,3.86,2.4,13.34,0.36,2.05,Debt : Short Duration,Nil,17.0
Bank of India Small Cap Fund-Reg(G),Alok Singh,EQ-SML,5,1613.4,1.99,Open Ended,2018-12-19,Nifty Smallcap 250 - TRI,50.02,51.76,35.58,-0.26,-2.23,5.94,31.14,36.28,22.4,36.39,,61.0,68.0,15602.0,2.26,10.97,74.9,Healthcare,,,,21.14,1.4,2.06,0.85,18.2,Equity : Small Cap,Nil upto 10% of units and 1% for excess units on or before 1Y Nil after 1Y,7.0
Bank of India Ultra Short Duration Fund-Reg(G),Mithraem Bharucha,DT-USD,3,184.6,0.85,Open Ended,2008-07-16,CRISIL Ultra Short Term Debt Index,3055.09,3055.09,2865.39,0.57,1.6,3.28,6.63,6.43,5.75,5.06,6.61,0.0,50.0,156243.5,55.18,14.37,15.24,Not Applicable,0.48,0.47,7.46,2.52,9.24,19.09,0.03,0.28,Debt : Ultra Short Duration,Nil,17.0
Baroda BNP Paribas Aggressive Hybrid Fund-Reg(G),Jitendra Sriram,HY-EQ,4,1179.7,2.11,Open Ended,2017-04-07,CRISIL Hybrid 35+65 - Aggressive Index,27.85,28.79,22.94,-0.28,-3.5,1.92,19.47,20.81,15.15,16.31,,93.0,48.0,258506.0,51.1,12.54,6.65,Financials,4.15,2.97,7.75,10.28,1.33,1.94,1.57,11.22,Hybrid : Equity Oriented,Nil upto 10% of units and 1 % for in excess of limits on or before 12M Nil after 12M,8.0
Baroda BNP Paribas Aqua FoF-Reg(G),Swapna Shelar,FOF-OVR,Unrated,45.4,1.6,Open Ended,2021-05-07,MSCI World,11.82,13.02,11.07,-5.78,-9.09,1.06,1.24,10.35,1.63,,,1.0,50.0,156243.5,55.18,14.37,15.24,Not Applicable,,,,-6.9,-0.19,-0.31,1.44,12.77,FoFs : Overseas,1% on or before 12M Nil after 12M,4.0
Baroda BNP Paribas Arbitrage Fund-Reg(G),Neeraj Saxena,HY-ARB,4,1375.6,1.18,Open Ended,2016-12-28,Nifty 50 Arbitrage,15.56,15.56,14.5,0.59,1.67,3.33,7.34,7.31,6.11,5.3,,2018.0,99.0,128317.0,41.43,14.88,10.9,Financials,0.42,0.38,6.77,3.58,3.23,7.45,-0.11,1.01,Hybrid : Arbitrage,0.25% on or before 15D Nil after 15D,9.0
Baroda BNP Paribas Balanced Advantage Fund-Reg(G),Sanjay Chawla,HY-DYN,5,4212.5,1.89,Open Ended,2018-11-14,BSE 200,23.77,24.1,20.2,-0.1,-1.57,3.3,15.21,18.43,13.03,16.16,,242.0,55.0,223767.0,47.81,13.11,8.75,Financials,3.78,2.66,7.75,5.72,1.11,1.57,1.78,9.84,Hybrid : Dynamic Asset Allocation,Nil upto 10% of units and 1% for remaining units on or before 1Y Nil after 1Y,7.0
Baroda BNP Paribas Banking and Fin Serv Fund-Reg(G),Sandeep Jain,EQ-FIN,Unrated,204.5,2.43,Open Ended,2012-06-22,Nifty Financial Services - TRI,44.47,46.44,37.21,-0.85,-3.51,2.72,12.77,17.28,16.82,11.07,10.3,114.0,29.0,344859.0,76.53,14.61,5.4,Financials,,,,4.33,0.55,0.79,1.1,17.94,Equity : Sectoral - Financial Services,1% on or before 30D Nil after 30D,13.0
Baroda BNP Paribas Banking and PSU Bond Fund-Reg(G),Gurvinder Singh Wasan,DT-B&PSU,1,26.7,0.79,Open Ended,2020-12-17,CRISIL Banking and PSU Debt Index,12.08,12.08,11.2,0.51,1.4,3.94,7.78,7.04,5.23,,,0.0,50.0,156243.5,55.18,14.37,15.24,Not Applicable,4.77,3.5,7.25,2.55,4.45,8.62,0.39,0.83,Debt : Banking & PSU,Nil,5.0
Baroda BNP Paribas Business Cycle Fund-Reg(G),Jitendra Sriram,EQ-THEM,Unrated,597.8,2.36,Open Ended,2021-09-15,BSE 500 - TRI,16.21,17.11,13.18,-0.12,-5.36,0.7,20.39,26.31,17.54,,,57.0,65.0,174083.0,63.76,16.4,16.18,Financials,,,,11.72,1.11,1.63,0.93,14.74,Equity : Thematic,Nil upto 10% of units and 1% for remaining units on or beofre 1Y Nil after 1Y,4.0
Baroda BNP Paribas Childrens Fund-Reg(G),Pratish Krishnan,HY-SOL,Unrated,709.5,1.08,Open Ended,2024-12-31,NIFTY 500 - TRI,10.08,10.08,10.02,0.31,-2.11,3.25,11.97,15.99,,,,18.0,50.0,156243.5,55.18,14.37,15.24,,,,,4.33,1.34,2.01,0.88,12.37,Hybrid : Solution Oriented,1% on or before 1Y Nil after 1Y,1.0
Baroda BNP Paribas Conservative Hybrid Fund-Reg(G),Pratish Krishnan,HY-DT(CO),2,747.1,2.02,Open Ended,2004-09-23,CRISIL Hybrid 85+15 - Conservative Index,43.6,43.6,39.49,0.7,0.2,3.27,9.83,10.57,7.85,7.71,7.36,165.0,55.0,158242.0,13.17,5.91,4.75,Financials,3.77,2.87,7.55,3.45,1.59,2.3,0.76,3.62,Hybrid : Debt Oriented (Conservative),1% on or before 6M Nil after 6M,21.0
Baroda BNP Paribas Corp Bond Fund(G),Gurvinder Singh Wasan,DT-CORP,Unrated,207.2,0.58,Open Ended,2008-11-08,CRISIL Corporate Bond Index,26.17,26.17,24.16,0.57,1.45,4.23,8.28,7.61,5.58,5.72,5.92,0.0,50.0,156243.5,55.18,14.37,15.24,Not Applicable,5.2,3.79,7.31,3.05,4.97,9.24,0.38,0.84,Debt : Corporate Bond,Nil,17.0
Baroda BNP Paribas Credit Risk Fund-Reg(G),Gurvinder Singh Wasan,DT-CR,4,161.8,1.6,Open Ended,2015-01-23,CRISIL Credit Risk Debt Index,21.24,21.24,19.64,0.49,1.6,4.16,8.13,7.74,6.69,8.18,,0.0,50.0,156243.5,55.18,14.37,15.24,Not Applicable,3.32,2.25,8.23,3.4,6.57,13.77,0.22,0.62,Debt : Credit Risk,Nil upto 10% of units and 1% for remaining units on or before 1Y Nil after 1Y,10.0
Baroda BNP Paribas Dividend Yield Fund-Reg(G),Shiv Chanani,EQ-DIV,Unrated,1039.8,2.13,Open Ended,2024-09-11,NIFTY 500 - TRI,9.49,10.26,9.11,-0.63,-7.79,3.25,11.97,15.99,,,,49.0,56.0,193143.0,64.17,19.05,10.54,Energy,,,,4.33,1.34,2.01,0.88,12.37,Equity : Thematic - Dividend Yield,Nil upto 10% of units and 1% for remaining units on or before 1Y Nil after 1Y,1.0
Baroda BNP Paribas Dynamic Bond Fund(G),Prashant Pimple,DT-DYN,2,168.4,1.69,Open Ended,2004-09-23,CRISIL Dynamic Bond Index,43.92,44.05,40.49,0.2,0.52,3.75,8.26,7.51,6.05,5.68,6.48,0.0,50.0,156243.5,55.18,14.37,15.24,Not Applicable,8.81,6.39,6.77,0.73,1.88,3.15,1.11,2.14,Debt : Dynamic Bond,Nil,21.0
Baroda BNP Paribas ELSS Tax Saver Fund-Reg(G),Sanjay Chawla,EQ-ELSS,2,951.7,2.19,Open Ended,2006-01-05,NIFTY 500 - TRI,96.79,99.28,75.57,0.39,-3.12,4.45,24.06,28.16,17.31,18.41,13.06,91.0,55.0,135296.0,50.36,26.39,20.19,Financials,,,,14.16,1.23,1.75,0.97,15.51,Equity : Tax Saving (ELSS),Nil,19.0
Baroda BNP Paribas Equity Savings Fund-Reg(G),Pratish Krishnan,HY-EQ,Unrated,253.7,2.49,Open Ended,2019-07-25,NIFTY 50 Equity Savings Index - TRI,16.14,16.21,14.39,0.3,-0.65,3.24,10.87,12.46,9.31,9.24,,485.0,63.0,242567.0,51.79,8.56,6.46,Financials,3.57,2.81,7.26,4.08,1.28,1.87,0.88,5.18,Hybrid : Equity Oriented,1% on or before 30D Nil after 30D,6.0
Baroda BNP Paribas Flexi Cap Fund-Reg(G),Sanjay Chawla,EQ-FLEX,Unrated,1314.0,2.14,Open Ended,2022-08-17,NIFTY 500 - TRI,15.9,16.64,12.65,0.88,-4.85,2.59,22.22,25.34,,,,91.0,48.0,140082.0,48.72,33.54,14.62,Financials,,,,13.0,1.09,1.51,1.02,16.71,Equity : Flexi Cap,Nil upto 10% of units and 1% for remaining units on or before 12M Nil after 12M,3.0
Baroda BNP Paribas Floater Fund-Reg(G),Prashant Pimple,DT-FL,Unrated,18.9,0.64,Open Ended,2023-04-26,CRISIL Low Duration Debt Index,11.18,11.18,10.52,0.62,2.58,4.94,8.36,15.99,,,,0.0,50.0,156243.5,55.18,14.37,15.24,Not Applicable,8.13,0.05,7.83,4.28,6.45,16.38,0.01,0.67,Debt : Floater,Nil,2.0
Baroda BNP Paribas Focused Fund-Reg(G),Sanjay Chawla,EQ-FLEX,2,689.0,2.26,Open Ended,2017-10-06,NIFTY 500 - TRI,22.32,23.97,17.99,-0.39,-7.38,-3.51,17.39,22.41,15.57,16.56,,144.0,23.0,143900.0,56.11,29.55,8.72,Financials,,,,8.44,0.75,1.07,1.09,18.53,Equity : Flexi Cap,Nil upto 10% of units within 12M In excess of limit - 1% on or before 12M and Nil after 12M,8.0
Baroda BNP Paribas Gilt Fund-Reg(G),Gurvinder Singh Wasan,DT-GILT,Unrated,1804.0,0.45,Open Ended,2002-03-21,CRISIL Dynamic Gilt Index,40.73,40.75,37.04,0.49,1.08,4.7,9.66,8.38,6.04,5.88,6.6,0.0,50.0,156243.5,55.18,14.37,15.24,Not Applicable,9.04,6.46,6.88,2.32,2.92,5.27,1.01,1.82,Debt : Gilt,Nil,23.0
Baroda BNP Paribas Gold ETF,Gurvinder Singh Wasan,GOLD-ETF,Unrated,73.8,0.48,Open Ended,2023-12-13,Gold-India,75.71,78.31,61.13,-0.73,0.72,5.66,18.96,15.99,,,,5.0,50.0,156243.5,55.18,14.37,15.24,Not Applicable,,,,14.46,1.17,1.77,0.05,12.44,Gold : ETFs,,2.0
Baroda BNP Paribas India Consumption Fund-Reg(G),Shiv Chanani,EQ-CONS,4,1466.1,2.06,Open Ended,2018-09-10,Nifty India Consumption - TRI,32.7,35.27,25.62,0.63,-7.36,4.96,23.43,27.26,19.22,20.29,,60.0,47.0,133077.0,59.79,21.45,13.98,FMCG,,,,14.52,1.45,2.55,0.69,12.41,Equity : Thematic - Consumption,Nil upto 10% of units and 1% for excess units on or before 12M Nil after 12M,7.0
Baroda BNP Paribas Innovation Fund-Reg(G),Pratish Krishnan,EQ-THEM,Unrated,1148.0,2.08,Open Ended,2024-03-05,NIFTY 500 - TRI,13.02,13.26,9.91,2.74,-1.99,7.2,11.97,15.99,,,,44.0,43.0,90224.0,41.19,31.73,22.89,Technology,,,,4.33,1.34,2.01,0.88,12.37,Equity : Thematic,Nil upto 10% of units and 1% for remaining units on or before 1Y Nil after 1Y,1.0
Baroda BNP Paribas Large & Mid Cap Fund-Reg(G),Sanjay Chawla,EQ-L&M,Unrated,1497.7,2.11,Open Ended,2020-09-04,BSE 250 LargeMidCap Index - TRI,27.99,29.02,21.52,0.6,-3.6,4.65,27.63,29.36,18.29,,,93.0,51.0,126792.0,42.16,43.07,11.32,Financials,,,,17.74,1.41,2.02,0.95,15.98,Equity : Large & Mid Cap,Nil upto 10% of units and 1% for remaining units on or before 365D Nil after 365D,5.0
Baroda BNP Paribas Large Cap Fund-Reg(G),Jitendra Sriram,EQ-LC,2,2402.8,2.0,Open Ended,2004-09-23,NIFTY 100 - TRI,221.33,237.84,179.48,-0.74,-7.14,-0.64,20.38,23.37,16.77,17.65,13.06,61.0,53.0,352192.0,83.33,7.95,15.24,Financials,,,,11.26,1.13,1.65,0.97,14.35,Equity : Large Cap,1% on or before 30D Nil after 30D,21.0
Baroda BNP Paribas Liquid Fund(G),Vikram Pamnani,DT-LIQ,2,11193.1,0.31,Open Ended,2009-02-05,CRISIL Liquid Debt Index,2903.68,2903.68,2706.88,0.59,1.74,3.52,7.29,7.14,6.4,5.32,6.34,0.0,50.0,156243.5,55.18,14.37,15.24,Not Applicable,0.11,0.11,7.12,0.71,9.99,5.23,0.88,0.07,Debt : Liquid,0.007% for Day 1 0.0065% on Day 2 0.0060% on Day 3 0.0055% on Day 4 0.0050% on Day 5 0.0045% on Day 6 NIL on or after 7D,16.0
Baroda BNP Paribas Low Duration Fund(G),Vikram Pamnani,DT-LOWD,3,228.0,1.1,Open Ended,2005-10-21,CRISIL Low Duration Debt Index,38.61,38.61,36.11,0.57,1.59,3.39,6.94,6.84,5.8,5.6,6.44,0.0,50.0,156243.5,55.18,14.37,15.24,Not Applicable,1.64,0.79,7.76,2.7,9.2,19.02,0.07,0.32,Debt : Low Duration,Nil,20.0
Baroda BNP Paribas Manufacturing Fund-Reg(G),Jitendra Sriram,EQ-THEM,Unrated,1397.2,2.04,Open Ended,2024-06-28,Nifty India Manufacturing - TRI,9.56,10.42,9.2,-0.78,-8.97,-5.44,11.97,15.99,,,,32.0,51.0,89788.0,53.88,16.14,23.98,Automobile and Ancillaries,,,,4.33,1.34,2.01,0.88,12.37,Equity : Thematic,Nil upto 10% of units and 1% for remaining units on or before 1Y Nil after 1Y,1.0
Baroda BNP Paribas Medium Duration Fund-Reg(G),Prashant Pimple,DT-MD,Unrated,28.3,0.97,Open Ended,2014-03-05,CRISIL Medium Duration Debt Index,17.76,17.76,16.81,0.74,2.21,3.78,7.43,6.93,5.3,5.28,,0.0,50.0,156243.5,55.18,14.37,15.24,Not Applicable,4.3,3.2,7.48,2.32,3.98,7.18,0.36,0.85,Debt : Medium Duration,1% on or before 12M Nil after 12M,11.0
Baroda BNP Paribas Mid Cap Fund-Reg(G),Shiv Chanani,EQ-MID,4,2144.5,1.98,Open Ended,2006-05-02,Nifty Midcap 150 - TRI,103.78,107.0,79.51,1.69,-4.18,1.75,28.62,31.18,21.81,25.37,16.34,79.0,66.0,54883.0,12.05,72.09,10.34,Financials,,,,18.67,1.46,2.15,0.85,15.77,Equity : Mid Cap,Nil upto 10% of Units within 12M 1% exceding 10% of Units within 12M Nil after 12M,19.0
Baroda BNP Paribas Money Market Fund-Reg(G),Vikram Pamnani,DT-MM,Unrated,463.8,0.43,Open Ended,2019-06-19,CRISIL Money Market Index,1327.06,1327.06,1236.85,0.62,1.76,3.58,7.31,7.1,6.13,5.03,,0.0,50.0,156243.5,55.18,14.37,15.24,Not Applicable,0.42,0.41,7.42,3.2,10.98,21.47,0.03,0.3,Debt : Money Market,Nil,6.0
Baroda BNP Paribas Multi Asset Fund-Reg(G),Jitendra Sriram,HY-MULTI,Unrated,1193.1,2.1,Open Ended,2022-12-19,NIFTY 500 - TRI,14.2,15.06,12.08,-1.36,-5.7,-0.09,14.91,19.09,,,,54.0,37.0,349890.0,56.02,9.77,3.17,Financials,3.07,2.47,7.36,6.33,0.97,1.45,1.5,11.02,Hybrid : Multi Asset Allocation,Nil upto 10% of units and 1% for remaining units on or before 12M Nil after 12M,3.0
Baroda BNP Paribas Multi Cap Fund-Reg(G),Sanjay Chawla,EQ-MLC,4,2790.7,1.98,Open Ended,2003-09-12,Nifty500 Multicap 50:25:25 - TRI,300.4,305.13,222.95,1.82,-0.5,6.11,31.67,31.66,19.1,24.25,14.59,114.0,62.0,96054.0,39.97,30.37,25.7,Financials,,,,20.87,1.57,2.25,0.95,16.33,Equity : Multi Cap,1% on or before 365D Nil after 365D,22.0
Baroda BNP Paribas Nifty 50 Index Fund-Reg(G),Neeraj Saxena,EQ-INDX,Unrated,60.0,0.56,Open Ended,2024-01-29,NIFTY 50 - TRI,11.2,12.14,9.91,-1.68,-7.94,-1.55,11.97,15.99,,,,97.0,50.0,555565.0,98.65,1.25,15.24,Financials,,,,4.33,1.34,2.01,0.88,12.37,Equity : Index Funds,0.20% on or before 30D Nil after 30D,1.0
Baroda BNP Paribas NIFTY Bank ETF,Neeraj Saxena,EQ-ETF,Unrated,9.0,0.15,Open Ended,2024-06-18,NIFTY BANK - TRI,51.55,54.33,49.63,-1.93,-3.54,-2.76,11.97,15.99,,,,115.0,12.0,537731.0,86.29,13.63,15.24,Financials,,,,4.33,1.34,2.01,0.88,12.37,Equity : ETFs,,1.0
Baroda BNP Paribas NIFTY Midcap 150 Index Fund-Reg(G),Neeraj Saxena,EQ-INDX,Unrated,8.4,1.09,Open Ended,2024-11-04,Nifty Midcap 150 - TRI,10.32,10.53,9.64,1.44,-2.11,3.25,11.97,15.99,,,,8.0,151.0,58738.0,6.39,85.82,6.72,Financials,,,,4.33,1.34,2.01,0.88,12.37,Equity : Index Funds,0.20% on or before 7D Nil after 7D,1.0
Baroda BNP Paribas NIFTY SDL Dec 2026 Index Fund-Reg(G),Gurvinder Singh Wasan,DT-M&LD,Unrated,114.0,0.49,Open Ended,2023-01-25,NIFTY SDL December 2026 Index,11.46,11.46,10.62,0.54,1.44,3.79,7.97,15.99,,,,0.0,50.0,156243.5,55.18,14.37,15.24,Not Applicable,1.98,1.76,6.91,3.18,4.86,10.95,0.22,0.79,Debt : Medium to Long Duration,Nil,2.0
Baroda BNP Paribas NIFTY SDL Dec 2028 Index Fund-Reg(G),Gurvinder Singh Wasan,DT-M&LD,Unrated,31.1,0.49,Open Ended,2023-03-24,Nifty SDL Dec 2028 Index,11.48,11.51,10.58,0.38,1.3,4.23,8.38,15.99,,,,0.0,50.0,156243.5,55.18,14.37,15.24,Not Applicable,3.89,3.18,6.97,2.8,3.14,6.51,0.45,1.32,Debt : Medium to Long Duration,Nil,2.0
Baroda BNP Paribas Nifty200 Momentum 30 Index Fund-Reg(G),Neeraj Saxena,EQ-INDX,Unrated,27.8,1.1,Open Ended,2024-10-15,Nifty200 Momentum 30 - TRI,8.91,10.0,8.69,-4.06,-2.11,3.25,11.97,15.99,,,,17.0,30.0,198312.0,87.03,12.93,15.24,Automobile and Ancillaries,,,,4.33,1.34,2.01,0.88,12.37,Equity : Index Funds,0.20% on or before 7D Nil after 7D,1.0
Baroda BNP Paribas Overnight Fund-Reg(G),Vikram Pamnani,DT-ON,4,653.5,0.17,Open Ended,2019-04-25,CRISIL Liquid Overnight Index,1315.75,1315.75,1234.14,0.55,1.61,3.24,6.63,6.62,5.96,4.88,,0.0,50.0,156243.5,55.18,14.37,15.24,Not Applicable,0.01,0.01,6.66,0.28,32.29,2.06,0.88,0.01,Debt : Overnight,Nil,6.0
Baroda BNP Paribas Retirement Fund-Reg(G),Pratish Krishnan,HY-SOL,Unrated,348.0,2.27,Open Ended,2024-05-28,CRISIL Hybrid 35+65 - Aggressive Index,11.06,11.3,9.72,0.32,-2.4,3.61,11.97,15.99,,,,67.0,54.0,166776.0,46.4,18.84,9.1,Financials,22.22,8.28,7.15,4.33,1.34,2.01,0.88,12.37,Hybrid : Solution Oriented,Nil,1.0
Baroda BNP Paribas Short Duration Fund-Reg(G),Gurvinder Singh Wasan,DT-SD,2,197.7,1.05,Open Ended,2010-06-30,CRISIL Short Duration Debt Index,27.97,27.97,25.98,0.53,1.49,3.95,7.64,7.32,5.85,5.73,7.03,0.0,50.0,156243.5,55.18,14.37,15.24,Not Applicable,3.36,2.77,7.46,2.65,5.46,11.22,0.32,0.66,Debt : Short Duration,Nil,15.0
Baroda BNP Paribas Small Cap Fund-Reg(G),Shiv Chanani,EQ-SML,Unrated,1439.9,2.06,Open Ended,2023-10-30,Nifty Smallcap 250 - TRI,13.92,14.49,10.7,2.94,-4.19,2.4,24.66,15.99,,,,77.0,62.0,19553.0,1.55,15.73,78.07,Financials,,,,16.08,1.08,1.51,0.92,19.13,Equity : Small Cap,Nil upto 10% of units and 1% for remaining units on or before 1Y Nil after 1Y,2.0
Baroda BNP Paribas Ultra Short Duration Fund-Reg(G),Vikram Pamnani,DT-USD,3,1339.3,0.48,Open Ended,2018-06-01,CRISIL Ultra Short Term Debt Index,1486.48,1486.48,1383.6,0.63,1.77,3.62,7.45,7.33,6.53,5.66,,0.0,50.0,156243.5,55.18,14.37,15.24,Not Applicable,0.59,0.41,7.48,3.3,11.26,22.28,0.03,0.3,Debt : Ultra Short Duration,Nil,7.0
Baroda BNP Paribas Value Fund-Reg(G),Shiv Chanani,EQ-VAL,Unrated,1499.8,2.09,Open Ended,2023-06-07,NIFTY 500 - TRI,14.17,15.45,12.15,-1.79,-8.54,-3.33,14.59,15.99,,,,75.0,49.0,180498.0,62.88,19.54,13.62,Financials,,,,6.53,0.68,0.97,1.06,17.36,Equity : Value / Contra,Nil upto 10% of units and 1% for remaining units on or before 1Y Nil after 1Y,2.0
Bharat 22 ETF,Nishit Patel,EQ-ETF,Unrated,19212.4,0.07,Open Ended,2017-11-24,BSE Bharat 22 Index - TRI,109.57,120.87,91.28,-4.32,-9.92,-2.84,18.12,37.96,34.95,25.53,,14.0,22.0,297500.0,89.59,9.2,0.81,Energy,,,,6.3,0.7,0.96,3.37,23.11,Equity : ETFs,Nil,8.0
BHARAT Bond ETF - April 2025,Dhawal Dalal,DT-ETF,Unrated,10740.3,0.0,Open Ended,2020-07-27,NIFTY BHARAT Bond Index - April 2025,1266.56,1266.56,1175.04,0.65,1.85,3.75,7.77,7.5,5.68,,,0.0,50.0,156243.5,55.18,14.37,15.24,Not Applicable,0.3,0.28,7.38,3.55,9.9,20.74,0.06,0.37,Debt : ETFs,,5.0
BHARAT Bond ETF - April 2030,Dhawal Dalal,DT-ETF,Unrated,18435.5,0.0,Open Ended,2019-12-30,NIFTY BHARAT Bond Index - April 2030,1440.61,1440.61,1321.39,0.47,1.43,4.6,8.99,8.17,6.52,7.54,,0.0,50.0,156243.5,55.18,14.37,15.24,Not Applicable,5.0,3.9,7.24,3.63,4.78,9.24,0.42,1.02,Debt : ETFs,,6.0
BHARAT Bond ETF - April 2031,Dhawal Dalal,DT-ETF,Unrated,12740.8,0.0,Open Ended,2020-07-27,NIFTY BHARAT Bond Index - April 2031,1288.47,1288.47,1179.12,0.62,1.29,4.87,9.24,8.29,6.46,,,0.0,50.0,156243.5,55.18,14.37,15.24,Not Applicable,6.2,4.73,7.29,4.06,4.26,6.99,0.36,1.2,Debt : ETFs,,5.0
BHARAT Bond ETF - April 2032,Dhawal Dalal,DT-ETF,Unrated,10652.3,0.0,Open Ended,2021-12-13,NIFTY BHARAT Bond Index - April 2032,1213.6,1213.6,1105.28,0.62,1.44,4.95,9.78,8.59,6.68,,,0.0,50.0,156243.5,55.18,14.37,15.24,Not Applicable,7.25,5.27,7.23,4.31,4.74,8.29,0.45,1.19,Debt : ETFs,,4.0
BHARAT Bond ETF - April 2033,Dhawal Dalal,DT-ETF,Unrated,6009.3,0.0,Open Ended,2022-12-13,NIFTY BHARAT Bond Index - April 2033,1181.6,1181.79,1072.13,0.8,1.44,5.02,10.06,8.57,,,,0.0,50.0,156243.5,55.18,14.37,15.24,Not Applicable,8.14,5.69,7.19,4.28,4.41,7.76,0.53,1.33,Debt : ETFs,,3.0
BHARAT Bond ETF FOF - April 2032 -Reg(G),Rahul Dedhia,FOF-DOM,Unrated,4567.9,0.06,Open Ended,2021-12-15,NIFTY BHARAT Bond Index - April 2032,12.13,12.13,11.05,0.72,1.74,5.21,9.66,8.27,6.67,,,0.0,50.0,156243.5,55.18,14.37,15.24,Not Applicable,7.23,5.25,7.22,4.56,1.78,3.4,0.2,2.9,FoFs : Domestic,0.10% on or before 30D Nil after 30D,4.0
BHARAT Bond ETF FOF - April 2033 -Reg(G),Rahul Dedhia,FOF-DOM,Unrated,2258.6,0.06,Open Ended,2022-12-14,NIFTY BHARAT Bond Index - April 2033,11.84,11.86,10.78,0.61,1.28,4.68,9.76,8.5,,,,0.0,50.0,156243.5,55.18,14.37,15.24,Not Applicable,8.1,5.66,7.17,5.85,0.93,1.54,0.05,6.48,FoFs : Domestic,0.10% on or before 30D Nil after 30D,3.0
BHARAT Bond FOF - April 2025 -Reg(G),Rahul Dedhia,FOF-DOM,Unrated,4242.2,0.06,Open Ended,2020-07-23,NIFTY BHARAT Bond Index - April 2025,12.62,12.62,11.71,0.66,1.95,3.89,7.72,7.33,5.61,,,0.0,50.0,156243.5,55.18,14.37,15.24,Not Applicable,0.3,0.28,7.37,3.6,2.06,3.37,0.03,1.79,FoFs : Domestic,0.10% on or before 30D Nil after 30D,5.0
BHARAT Bond FOF - April 2030 -Reg(G),Rahul Dedhia,FOF-DOM,Unrated,6868.6,0.06,Open Ended,2019-12-30,NIFTY BHARAT Bond Index - April 2030,14.38,14.38,13.2,0.66,1.44,3.89,9.06,8.0,6.53,7.51,,0.0,50.0,156243.5,55.18,14.37,15.24,Not Applicable,4.99,3.89,7.24,4.38,1.37,2.31,0.12,3.47,FoFs : Domestic,0.10% on or before 30D Nil after 30D,6.0
BHARAT Bond FOF - April 2031 -Reg(G),Rahul Dedhia,FOF-DOM,Unrated,4626.8,0.06,Open Ended,2020-07-23,NIFTY BHARAT Bond Index - April 2031,12.84,12.89,11.76,0.4,0.83,4.8,8.92,7.89,6.35,,,0.0,50.0,156243.5,55.18,14.37,15.24,Not Applicable,6.18,4.72,7.29,3.96,1.87,3.36,0.33,2.66,FoFs : Domestic,0.10% on or before 30D Nil after 30D,5.0
Canara Rob Balanced Advantage Fund-Reg(G),Shridatta Bhandwaldar,HY-DYN,Unrated,1495.1,2.07,Open Ended,2024-08-02,CRISIL Hybrid 50+50 - Moderate Index,10.12,10.5,9.9,-1.28,-4.02,3.25,11.97,15.99,,,,0.0,64.0,188919.0,47.55,5.58,13.1,Financials,5.26,3.37,7.23,4.33,1.34,2.01,0.88,12.37,Hybrid : Dynamic Asset Allocation,Nil upto 12% of units and 1% for remaining units on or before 365D Nil after 365D,1.0
Canara Rob Banking and PSU Debt Fund-Reg(G),Suman Prasad,DT-B&PSU,Unrated,232.5,0.71,Open Ended,2022-08-22,CRISIL Banking and PSU Debt Index,11.6,11.6,10.78,0.52,1.49,3.75,7.63,6.92,,,,0.0,50.0,156243.5,55.18,14.37,15.24,Not Applicable,3.71,2.52,7.39,2.72,5.74,11.63,0.28,0.62,Debt : Banking & PSU,Nil,3.0
Canara Rob Bluechip Equity Fund-Reg(G),Shridatta Bhandwaldar,EQ-LC,5,14823.7,1.67,Open Ended,2010-08-20,BSE 100 - TRI,61.65,65.27,50.79,-0.62,-5.53,1.59,18.32,20.94,13.96,17.6,13.51,27.0,57.0,409870.0,89.8,7.42,15.24,Financials,2.75,2.05,4.4,9.15,1.03,1.57,0.94,13.47,Equity : Large Cap,1% on or before 1Y Nil after 1Y,15.0
Canara Rob Conservative Hybrid Fund-Reg(G),Avnish Jain,HY-DT(CO),4,957.1,1.85,Open Ended,1996-03-31,CRISIL Hybrid 85+15 - Conservative Index,93.81,94.49,84.81,0.05,-0.36,3.85,10.19,9.98,7.49,9.19,8.02,137.0,44.0,142268.0,13.27,4.26,6.29,Financials,9.94,4.85,7.37,3.25,1.6,2.34,0.93,3.77,Hybrid : Debt Oriented (Conservative),Nil upto 10% of units on or before 1Y 1% for more than 10% of units on or before 1Y Nil after 1Y,29.0
Canara Rob Consumer Trends Fund-Reg(G),Ennettee Fernandes,EQ-CONS,4,1746.7,2.09,Open Ended,2009-09-14,BSE 100 - TRI,109.71,119.76,87.94,-0.26,-8.27,2.47,20.84,24.44,18.02,20.83,15.79,29.0,46.0,115681.0,52.93,20.15,22.41,Financials,0.01,,,12.27,1.21,1.9,0.77,13.32,Equity : Thematic - Consumption,1% on or before 1Y Nil after 1Y,16.0
Canara Rob Corp Bond Fund-Reg(G),Avnish Jain,DT-CORP,2,134.3,1.03,Open Ended,2014-02-07,CRISIL Corporate Bond Index,20.92,20.92,19.47,0.5,1.33,3.73,7.44,6.72,5.44,5.71,6.56,0.0,50.0,156243.5,55.18,14.37,15.24,Not Applicable,6.75,3.72,7.36,2.44,5.02,10.35,0.32,0.67,Debt : Corporate Bond,Nil,11.0
Canara Rob Dynamic Bond Fund-Reg(G),Kunal Jain,DT-DYN,2,119.0,1.75,Open Ended,2009-05-29,CRISIL Dynamic Bond Index,28.32,28.43,26.26,0.22,-0.18,2.97,7.61,6.58,5.19,5.22,6.29,0.0,50.0,156243.5,55.18,14.37,15.24,Not Applicable,23.48,9.57,7.03,-0.2,1.47,2.47,1.21,2.33,Debt : Dynamic Bond,Nil,16.0
Canara Rob ELSS Tax Saver-Reg(G),Vishal Mishra,EQ-ELSS,4,8817.1,1.69,Open Ended,2009-02-02,BSE 500 - TRI,173.99,184.92,143.47,-1.2,-6.34,0.93,17.96,21.45,13.9,20.42,14.2,33.0,71.0,209630.0,67.12,16.01,12.9,Financials,0.01,,,9.12,0.99,1.43,0.91,13.87,Equity : Tax Saving (ELSS),Nil,16.0
Canara Rob Emerg Equities Fund-Reg(G),Amit Nadekar,EQ-L&M,4,24628.8,1.61,Open Ended,2005-03-11,NIFTY LargeMidcap 250 - TRI,259.25,266.88,198.43,1.22,-3.1,3.64,27.06,26.12,16.19,21.53,16.37,64.0,88.0,105568.0,45.09,36.3,16.33,Financials,0.01,,,16.71,1.42,2.22,0.91,15.0,Equity : Large & Mid Cap,1% on or before 1Y Nil after 1Y,20.0
Canara Rob Equity Hybrid Fund-Reg(G),Ennettee Fernandes,HY-EQ,4,10904.5,1.73,Open Ended,1993-02-01,CRISIL Hybrid 35+65 - Aggressive Index,350.56,366.1,297.48,-1.14,-4.62,2.12,15.48,18.09,12.36,15.7,12.32,68.0,67.0,200446.0,48.67,14.27,8.42,Financials,7.45,3.72,7.29,5.67,1.03,1.47,1.91,10.99,Hybrid : Equity Oriented,Nil upto 10% of units on or before 1Y 1% for more than 10% of units on or before 1Y Nil after 1Y,32.0
Canara Rob Flexi Cap Fund-Reg(G),Shridatta Bhandwaldar,EQ-FLEX,4,12908.0,1.69,Open Ended,2003-09-16,BSE 500 - TRI,332.26,352.91,274.16,-0.5,-6.04,1.06,18.16,21.13,13.13,18.43,13.43,33.0,70.0,254310.0,72.57,17.36,7.06,Financials,0.01,,,9.17,1.01,1.52,0.92,13.63,Equity : Flexi Cap,1% on or before 1Y Nil after 1Y,22.0
Canara Rob Focused Equity Fund-Reg(G),Shridatta Bhandwaldar,EQ-MLC,Unrated,2553.5,1.95,Open Ended,2021-05-17,BSE 500 - TRI,19.62,20.51,15.47,0.1,-4.02,5.51,24.29,24.35,16.38,,,58.0,30.0,312212.0,73.98,19.49,2.79,Financials,,,,14.19,1.35,2.04,0.92,13.93,Equity : Multi Cap,1% on or before 365D Nil after 365D,4.0
Canara Rob Gilt Fund-Reg(G),Kunal Jain,DT-GILT,Unrated,122.7,1.25,Open Ended,1999-12-29,CRISIL Dynamic Gilt Index,72.72,72.98,66.78,0.24,-0.05,3.52,8.68,7.5,5.74,5.8,7.1,0.0,50.0,156243.5,55.18,14.37,15.24,Not Applicable,24.66,9.87,7.04,0.48,1.78,3.03,1.33,2.5,Debt : Gilt,Nil,26.0
Canara Rob Income Fund-Reg(G),Avnish Jain,DT-M&LD,3,120.2,1.88,Open Ended,2002-09-19,CRISIL Medium to Long Term Debt Index,53.44,53.52,49.55,0.26,0.42,3.31,7.65,6.56,4.87,5.25,6.35,0.0,50.0,156243.5,55.18,14.37,15.24,Not Applicable,12.9,6.24,7.04,0.53,1.84,3.23,0.97,1.86,Debt : Medium to Long Duration,Nil,23.0
Canara Rob Infrastructure Fund-Reg(G),Vishal Mishra,EQ-INFRA,3,866.5,2.3,Open Ended,2005-12-02,BSE India Infrastructure Index - TRI,160.04,169.88,115.65,-0.21,-6.16,-2.5,35.86,38.56,28.26,28.69,16.24,39.0,49.0,113227.0,52.84,24.69,17.33,Capital Goods,0.01,,,24.09,1.43,2.01,1.12,20.84,Equity : Sectoral - Infrastructure,1% on or before 1Y Nil after 1Y,20.0
Canara Rob Liquid Fund-Reg(G),Kunal Jain,DT-LIQ,1,3170.3,0.2,Open Ended,2008-07-15,CRISIL Liquid Debt Index,3037.72,3037.72,2829.99,0.59,1.74,3.54,7.36,7.2,6.42,5.22,6.2,0.0,50.0,156243.5,55.18,14.37,15.24,Not Applicable,0.11,0.1,7.03,0.76,10.43,5.44,0.88,0.07,Debt : Liquid,0.007% for Day 1 0.0065% on Day 2 0.0060% on Day 3 0.0055% on Day 4 0.0050% on Day 5 0.0045% on Day 6 NIL on or after 7D,17.0
Canara Rob Manufacturing Fund-Reg(G),Pranav Gokhale,EQ-THEM,Unrated,1718.2,2.03,Open Ended,2024-03-11,Nifty India Manufacturing - TRI,12.49,13.33,9.86,-0.72,-6.84,-1.43,11.97,15.99,,,,12.0,65.0,76687.0,45.12,24.07,28.62,Capital Goods,,,,4.33,1.34,2.01,0.88,12.37,Equity : Thematic,1% on or before 365D Nil after 365D,1.0
Canara Rob Mid Cap Fund-Reg(G),Pranav Gokhale,EQ-MID,Unrated,2729.6,1.94,Open Ended,2022-12-02,BSE 150 MidCap - TRI,16.78,17.74,12.9,0.48,-5.79,0.67,27.67,30.08,,,,75.0,65.0,73913.0,25.12,63.59,7.45,Financials,,,,17.39,1.34,2.0,0.91,16.48,Equity : Mid Cap,1% on or before 365D Nil after 365D,3.0
Canara Rob Multi Cap Fund-Reg(G),Shridatta Bhandwaldar,EQ-MLC,Unrated,3848.8,1.86,Open Ended,2023-07-28,Nifty500 Multicap 50:25:25 - TRI,14.4,15.01,11.31,0.14,-4.3,2.96,22.09,15.99,,,,61.0,89.0,100811.0,42.52,27.58,24.8,Financials,,,,12.98,1.21,1.76,0.86,14.3,Equity : Multi Cap,1% on or before 365D Nil after 365D,2.0
Canara Rob Overnight Fund-Reg(G),Suman Prasad,DT-ON,3,193.9,0.11,Open Ended,2019-07-24,CRISIL Liquid Overnight Index,1298.04,1298.04,1217.9,0.55,1.6,3.22,6.6,6.6,5.96,4.88,,0.0,50.0,156243.5,55.18,14.37,15.24,Not Applicable,0.01,0.01,6.65,0.25,33.16,1.92,0.88,0.01,Debt : Overnight,Nil,6.0
Canara Rob Savings Fund-Reg(G),Kunal Jain,DT-LOWD,2,987.9,0.71,Open Ended,2005-03-04,CRISIL Low Duration Debt Index,40.56,40.56,37.79,0.6,1.7,3.59,7.33,7.15,6.13,5.57,6.63,0.0,50.0,156243.5,55.18,14.37,15.24,Not Applicable,1.15,0.83,7.52,3.07,9.54,19.4,0.07,0.34,Debt : Low Duration,Nil,20.0
Canara Rob Short Duration Fund-Reg(G),Suman Prasad,DT-SD,2,348.2,1.02,Open Ended,2011-04-25,CRISIL Short Duration Debt Index,24.38,24.38,22.75,0.49,1.35,3.62,7.16,6.69,5.41,5.57,6.33,0.0,50.0,156243.5,55.18,14.37,15.24,Not Applicable,3.37,2.62,7.34,2.12,4.68,9.68,0.33,0.66,Debt : Short Duration,Nil,14.0
Canara Rob Small Cap Fund-Reg(G),Pranav Gokhale,EQ-SML,4,12451.7,1.68,Open Ended,2019-02-15,Nifty Smallcap 250 - TRI,40.69,42.35,30.94,0.0,-4.1,2.25,23.47,27.69,20.69,33.17,,29.0,97.0,27568.0,11.94,16.79,67.59,Financials,,,,14.84,1.14,1.63,0.84,16.73,Equity : Small Cap,1% on or before 1Y Nil after 1Y,6.0
Canara Rob Ultra Short Term Fund-Reg(G),Kunal Jain,DT-USD,2,602.4,0.95,Open Ended,2008-07-11,CRISIL Ultra Short Term Debt Index,3669.49,3669.49,3437.53,0.58,1.62,3.31,6.76,6.56,5.69,4.83,5.81,0.0,50.0,156243.5,55.18,14.37,15.24,Not Applicable,0.9,0.45,7.39,2.62,9.43,19.29,0.03,0.29,Debt : Ultra Short Duration,Nil,17.0
CPSE ETF,Himanshu Mange,EQ-ETF,Unrated,39632.7,0.07,Open Ended,2014-03-28,Nifty CPSE,87.32,106.22,67.09,-6.44,-14.87,-8.85,27.75,50.7,43.09,29.71,13.03,16.0,11.0,232350.0,85.78,12.34,1.58,Energy,,,,12.45,0.88,1.26,4.52,28.91,Equity : ETFs,Nil,11.0
DSP 10Y G-Sec Fund-Reg(G),Shantanu Godambe,DT-GL10Y,Unrated,56.3,0.51,Open Ended,2014-09-26,Crisil 10 Yr Gilt Index,20.76,20.82,19.03,0.37,0.91,4.44,8.96,8.26,5.46,5.59,6.94,0.0,50.0,156243.5,55.18,14.37,15.24,Not Applicable,9.66,6.89,6.86,1.26,2.17,3.91,1.15,2.15,Debt : Gilt (10 Yr Constant Duration),Nil,11.0
DSP Aggressive Hybrid Fund-Reg(G),Abhishek Singh,HY-EQ,4,10379.4,1.75,Open Ended,1999-05-27,CRISIL Hybrid 35+65 - Aggressive Index,347.22,357.79,283.24,-0.59,-3.79,4.06,17.58,22.24,13.37,16.08,12.58,80.0,47.0,162277.0,44.95,11.84,11.92,Financials,14.61,5.73,7.4,9.48,1.33,2.04,1.32,10.02,Hybrid : Equity Oriented,NIL upto 10% of investment within 12M 1% exceding 10% of investment within 12M NIL after 12M,26.0
DSP Arbitrage Fund-Reg(G),Kaivalya Nadkarni,HY-ARB,2,5971.2,0.99,Open Ended,2018-01-25,Nifty 50 Arbitrage,14.47,14.47,13.48,0.66,1.83,3.47,7.35,7.29,6.21,5.19,,1301.0,167.0,155296.0,43.28,20.33,6.29,Financials,0.21,0.41,7.37,3.55,3.25,6.99,-0.1,1.0,Hybrid : Arbitrage,Nil upto 10% of units and 0.25% for Excess units on or before 30D Nil after 30D,7.0
DSP Banking & Financial Services Fund-Reg(G),Dhaval Gada,EQ-FIN,Unrated,1035.0,2.2,Open Ended,2023-12-08,Nifty Financial Services - TRI,11.99,12.62,9.65,-0.99,-5.65,3.96,16.37,15.99,,,,47.0,24.0,278123.0,69.89,9.64,7.33,Financials,,,,7.59,0.72,1.09,1.06,18.07,Equity : Sectoral - Financial Services,0.50% on or before 1M Nil after 1M,2.0
DSP Banking & PSU Debt Fund-Reg(G),Shantanu Godambe,DT-B&PSU,4,3075.6,0.57,Open Ended,2013-09-14,NIFTY Banking and PSU Debt Index,23.09,23.09,21.23,0.56,1.08,4.14,8.66,7.65,6.14,6.44,7.29,0.0,50.0,156243.5,55.18,14.37,15.24,Not Applicable,9.88,5.33,7.28,2.85,4.06,7.78,0.53,1.09,Debt : Banking & PSU,Nil,12.0
DSP Bond Fund-Reg(G),Vivekanand Ramakrishnan,DT-MD,3,378.5,0.77,Open Ended,1997-04-29,CRISIL Medium Duration Debt Index,77.92,77.92,72.35,0.42,1.27,3.92,7.63,7.34,5.83,6.14,6.11,0.0,50.0,156243.5,55.18,14.37,15.24,Not Applicable,4.01,3.2,7.31,2.52,4.51,8.77,0.32,0.77,Debt : Medium Duration,Nil,28.0
DSP BSE Liquid Rate ETF,Anil Ghelani,DT-ETF,Unrated,2500.9,0.3,Open Ended,2024-03-27,BSE Liquid Rate Index,1049.65,1049.65,1001.27,0.53,1.56,3.12,11.97,15.99,,,,18.0,50.0,156243.5,55.18,14.37,15.24,Not Applicable,,,,4.33,1.34,2.01,0.88,12.37,Debt : ETFs,,1.0
DSP BSE Sensex ETF,Anil Ghelani,EQ-ETF,Unrated,8.1,0.22,Open Ended,2023-07-27,BSE SENSEX - TRI,80.93,86.8,70.58,-1.65,-6.73,-0.89,9.67,15.99,,,,16.0,30.0,684524.0,99.27,0.72,15.24,Financials,,,,1.41,0.45,0.69,0.99,13.78,Equity : ETFs,,2.0
DSP Business Cycle Fund-Reg(G),Charanjit Singh,EQ-THEM,Unrated,709.5,1.08,Open Ended,2024-12-17,NIFTY 500 - TRI,10.09,10.09,9.95,0.31,-2.11,3.25,11.97,15.99,,,,18.0,50.0,156243.5,55.18,14.37,15.24,,,,,4.33,1.34,2.01,0.88,12.37,Equity : Thematic,0.50% on or before 1M Nil after 1M,1.0
DSP Corp Bond Fund-Reg(G),Shantanu Godambe,DT-CORP,3,2546.1,0.53,Open Ended,2018-09-10,CRISIL Corporate Bond Index,15.29,15.29,14.2,0.58,1.66,3.94,7.69,7.09,5.39,5.75,,0.0,50.0,156243.5,55.18,14.37,15.24,Not Applicable,2.25,1.95,7.42,2.95,6.68,14.03,0.21,0.53,Debt : Corporate Bond,Nil,7.0
DSP Credit Risk Fund-Reg(G),Vivekanand Ramakrishnan,DT-CR,3,188.5,1.14,Open Ended,2003-05-13,CRISIL Credit Risk Debt Index,41.98,41.98,38.96,0.56,1.63,3.89,7.78,11.61,10.8,7.96,6.76,0.0,50.0,156243.5,55.18,14.37,15.24,Not Applicable,3.37,2.51,8.02,2.77,5.9,12.15,0.29,0.62,Debt : Credit Risk,Nil for 10% of investment and 1% for remaining Investment on or before 12M Nil after 12M,22.0
DSP CRISIL SDL Plus G-Sec Apr 2033 50:50 Index Fund-Reg(G),Shantanu Godambe,DT-LD,Unrated,376.3,0.41,Open Ended,2023-01-25,CRISIL SDL Plus G-Sec Apr 2033 50:50 Index,11.78,11.78,10.67,0.72,1.28,4.81,10.0,15.99,,,,0.0,50.0,156243.5,55.18,14.37,15.24,Not Applicable,7.85,5.76,7.11,2.95,3.37,6.38,0.86,1.64,Debt : Long Duration,Nil,2.0
DSP Dynamic Asset Allocation Fund-Reg(G),Rohit Singhania,HY-DYN,3,3200.6,1.93,Open Ended,2014-02-06,CRISIL Hybrid 50+50 - Moderate Index,26.48,26.82,23.22,-0.31,-1.72,2.68,12.17,15.14,9.91,10.31,8.78,516.0,107.0,194469.0,48.26,8.36,10.85,Financials,3.36,2.54,7.32,4.86,1.37,1.95,1.12,5.95,Hybrid : Dynamic Asset Allocation,Nil for 10% of investment and 1% for remaining Investment on or before 12M Nil after 12M,11.0
DSP ELSS Tax Saver Fund-Reg(G),Rohit Singhania,EQ-ELSS,4,16835.1,1.64,Open Ended,2007-01-18,NIFTY 500 - TRI,137.6,145.41,107.56,-0.98,-6.37,2.24,23.86,27.66,19.64,21.38,15.95,37.0,64.0,189521.0,65.38,16.77,15.13,Financials,,,,14.26,1.27,1.84,1.0,15.24,Equity : Tax Saving (ELSS),Nil,18.0
DSP Equity Opportunities Fund-Reg(G),Rohit Singhania,EQ-L&M,3,14022.8,1.7,Open Ended,2000-05-16,NIFTY LargeMidcap 250 - TRI,611.59,647.61,478.21,-0.75,-6.56,1.08,23.67,28.66,20.24,20.88,15.66,41.0,73.0,140474.0,52.17,33.16,10.89,Financials,,,,14.34,1.25,1.82,0.96,15.35,Equity : Large & Mid Cap,1% before 12M Nil on or after 12M,25.0
DSP Equity Savings Fund-Reg(G),Abhishek Singh,HY-EQ,2,2258.2,1.26,Open Ended,2016-03-28,NIFTY 50 Equity Savings Index - TRI,21.11,21.22,18.69,-0.06,-0.64,4.27,12.05,12.36,9.76,9.83,,540.0,105.0,258632.0,54.99,8.36,5.07,Financials,8.38,3.42,7.09,6.35,2.11,3.6,0.46,3.64,Hybrid : Equity Oriented,Nil,9.0
DSP Flexi Cap Fund-Reg(G),Bhavin Gandhi,EQ-FLEX,4,11765.5,1.74,Open Ended,2007-06-07,NIFTY 500 - TRI,102.3,108.4,81.42,-1.42,-6.89,1.23,17.78,25.96,14.97,18.87,13.87,29.0,59.0,121679.0,55.35,20.93,20.52,Financials,,,,9.65,0.97,1.41,0.91,14.68,Equity : Flexi Cap,1% on or before 12M Nil after 12M,18.0
DSP Floater Fund-Reg(G),Shantanu Godambe,DT-FL,Unrated,717.9,0.52,Open Ended,2021-03-19,CRISIL Short Duration Debt Index,12.64,12.64,11.58,0.47,1.43,4.41,9.09,8.42,6.6,,,0.0,50.0,156243.5,55.18,14.37,15.24,Not Applicable,6.02,3.21,7.23,3.63,5.48,10.92,0.41,0.88,Debt : Floater,Nil,4.0
DSP FMP 264-60M & 17D-Reg(G),Shantanu Godambe,DT-FMP,Unrated,49.1,1.08,Closed Ended,2021-09-13,CRISIL Medium to Long Term Debt Index,11.95,11.95,11.07,0.55,1.51,3.84,8.06,7.49,5.75,,,18.0,50.0,156243.5,55.18,14.37,15.24,Not Applicable,,,,3.3,5.44,12.36,0.2,0.71,Debt : FTP/FMP,,4.0
DSP FMP 267-1246D-Reg(G),Sandeep Yadav,DT-FMP,Unrated,660.6,1.08,Closed Ended,2022-11-14,CRISIL Medium Duration Debt Index,11.67,11.67,10.83,0.65,1.63,3.9,7.76,7.34,,,,18.0,50.0,156243.5,55.18,14.37,15.24,Not Applicable,,,,2.92,5.3,11.71,0.23,0.68,Debt : FTP/FMP,,3.0
DSP FMP 268-1281D-Reg(G),Sandeep Yadav,DT-FMP,Unrated,122.0,1.08,Closed Ended,2022-11-24,CRISIL Medium Duration Debt Index,11.64,11.64,10.79,0.55,1.58,3.81,7.85,7.47,,,,18.0,50.0,156243.5,55.18,14.37,15.24,Not Applicable,,,,3.28,5.89,14.16,0.14,0.63,Debt : FTP/FMP,,3.0
DSP FMP 270-1144D-Reg(G),Sandeep Yadav,DT-FMP,Unrated,179.4,1.08,Closed Ended,2023-02-24,CRISIL Medium Duration Debt Index,11.46,11.46,10.64,0.65,1.63,3.9,7.76,15.99,,,,18.0,50.0,156243.5,55.18,14.37,15.24,Not Applicable,,,,2.92,5.31,11.7,0.23,0.68,Debt : FTP/FMP,,2.0
DSP Focus Fund-Reg(G),Vinit Sambre,EQ-MLC,2,2523.1,2.03,Open Ended,2010-06-10,NIFTY 500 - TRI,53.44,56.84,42.25,-1.2,-7.15,1.22,18.63,27.18,15.76,15.44,12.21,32.0,29.0,106577.0,50.43,22.67,19.84,Financials,,,,10.08,0.96,1.44,0.92,15.31,Equity : Multi Cap,1% on or before 1M Nil after 1M,15.0
DSP Gilt Fund-Reg(G),Shantanu Godambe,DT-GILT,4,1834.5,1.18,Open Ended,1999-09-30,CRISIL Dynamic Gilt Index,92.17,92.68,83.46,0.32,-0.13,3.76,10.16,8.5,6.51,7.0,7.78,0.0,50.0,156243.5,55.18,14.37,15.24,Not Applicable,30.66,11.61,7.17,1.08,1.96,3.43,1.56,2.91,Debt : Gilt,Nil,26.0
DSP Global Allocation FoF-Reg(G),Jay Kothari,FOF-OVR,Unrated,54.3,2.08,Open Ended,2014-08-21,MSCI ACWI Net TRI,20.5,20.98,17.97,-0.79,0.3,4.42,11.56,12.14,5.53,8.86,7.11,18.0,50.0,156243.5,55.18,14.37,15.24,Not Applicable,,,,6.3,0.93,1.49,0.57,8.65,FoFs : Overseas,Nil,11.0
DSP Global Clean Energy FoF-Reg(G),Jay Kothari,FOF-OVR,Unrated,94.7,2.14,Open Ended,2009-08-14,MSCI ACWI IMI Clean Energy Infrastructure Index,17.06,19.11,16.69,-4.36,-10.03,-3.53,-6.82,2.55,-1.32,4.46,2.18,49.0,50.0,156243.5,55.18,14.37,15.24,Not Applicable,,,,-14.87,-0.6,-0.93,1.42,17.02,FoFs : Overseas,Nil,16.0
DSP Global Innovation FoF-Reg(G),Jay Kothari,FOF-OVR,Unrated,915.8,2.04,Open Ended,2022-02-14,MSCI ACWI Net TRI,14.66,15.17,11.64,-0.19,1.13,4.2,20.56,15.99,,,,18.0,50.0,156243.5,55.18,14.37,15.24,Not Applicable,,,,16.25,1.02,1.58,0.76,17.92,FoFs : Overseas,Nil,3.0
DSP Gold ETF,Ravi Gehani,GOLD-ETF,Unrated,597.9,0.48,Open Ended,2023-04-28,Gold-India,75.69,78.3,61.05,-0.16,1.3,6.26,19.75,15.99,,,,18.0,50.0,156243.5,55.18,14.37,15.24,Not Applicable,,,,14.77,1.21,1.83,0.1,12.47,Gold : ETFs,,2.0
DSP Gold ETF FoF-Reg(G),Anil Ghelani,GOLD-MF,Unrated,45.9,1.0,Open Ended,2023-11-17,Gold-London AM (INR),12.29,12.74,10.01,0.0,1.16,5.85,18.77,15.99,,,,18.0,50.0,156243.5,55.18,14.37,15.24,Not Applicable,,,,14.41,1.1,1.77,-0.01,13.14,Gold : MFs,Nil,2.0
DSP Healthcare Fund-Reg(G),Chirag Dagli,EQ-PHRM,5,3248.8,1.92,Open Ended,2018-11-30,BSE Health Care - TRI,41.62,41.65,30.03,0.34,1.97,24.7,40.69,37.69,20.52,30.7,,21.0,29.0,38781.0,18.14,14.07,47.42,Healthcare,,,,31.02,2.76,5.15,0.37,11.88,Equity : Sectoral - Pharma,0.50% on or before 1M Nil after 1M,7.0
DSP India T.I.G.E.R Fund-Reg(G),Charanjit Singh,EQ-INFRA,3,5515.3,1.86,Open Ended,2004-06-11,BSE India Infrastructure Index - TRI,326.6,350.04,243.22,-1.72,-7.3,-2.71,32.4,40.63,31.46,28.32,16.93,40.0,72.0,47748.0,34.92,10.55,48.11,Capital Goods,,,,22.08,1.38,1.91,1.02,19.74,Equity : Sectoral - Infrastructure,1% before 12M Nil on or after 12M,21.0
DSP Liquidity Fund-Reg(G),Karan Mundhra,DT-LIQ,3,22864.4,0.19,Open Ended,2005-11-22,CRISIL Liquid Debt Index,3603.84,3603.84,3356.98,0.59,1.75,3.57,7.37,7.17,6.39,5.3,6.28,0.0,50.0,156243.5,55.18,14.37,15.24,Not Applicable,0.1,0.09,7.07,0.76,10.33,5.56,0.88,0.07,Debt : Liquid,0.007% for Day 1 0.0065% on Day 2 0.0060% on Day 3 0.0055% on Day 4 0.0050% on Day 5 0.0045% on Day 6 NIL after 7D,20.0
DSP Low Duration Fund-Reg(G),Karan Mundhra,DT-LOWD,4,5505.5,0.61,Open Ended,2015-03-10,NIFTY Low Duration Debt Index,19.08,19.08,17.77,0.59,1.71,3.62,7.4,7.15,6.16,5.71,,0.0,50.0,156243.5,55.18,14.37,15.24,Not Applicable,1.06,0.92,7.5,3.05,9.81,19.81,0.08,0.33,Debt : Low Duration,Nil,10.0
DSP Midcap Fund-Reg(G),Vinit Sambre,EQ-MID,2,19215.8,1.68,Open Ended,2006-11-14,Nifty Midcap 150 - TRI,148.55,153.74,111.94,0.84,-4.34,2.69,22.66,30.8,17.7,20.75,15.37,42.0,57.0,46299.0,9.74,66.17,19.01,Financials,,,,13.81,1.15,1.72,0.84,15.65,Equity : Mid Cap,1% before 12M Nil on or after 12M,19.0
DSP Multi Asset Allocation Fund-Reg(G),Aparna Karnik,HY-MULTI,Unrated,2355.1,1.65,Open Ended,2023-09-27,NIFTY 500 - TRI,12.6,13.06,10.75,-0.9,-3.09,4.1,16.45,15.99,,,,39.0,39.0,240957.0,31.65,3.94,5.9,Financials,10.22,4.47,7.25,10.91,1.82,2.97,0.81,7.25,Hybrid : Multi Asset Allocation,Nil upto 10% of units and 1% for remaining units on or before 12M Nil after 12M,2.0
DSP Multicap Fund-Reg(G),Chirag Dagli,EQ-MLC,Unrated,1869.5,2.03,Open Ended,2024-01-30,Nifty500 Multicap 50:25:25 - TRI,12.29,12.94,9.57,-0.47,-5.67,2.12,11.97,15.99,,,,16.0,59.0,49631.0,31.89,19.29,40.0,Financials,,,,4.33,1.34,2.01,0.88,12.37,Equity : Multi Cap,1% on or before 12M Nil after 12M,1.0
DSP Natural Res & New Energy Fund-Reg(G),Rohit Singhania,EQ-POWER,Unrated,1256.5,2.11,Open Ended,2008-04-25,BSE OIL & GAS Index,85.44,98.85,73.44,-4.43,-13.39,-7.53,13.9,22.17,17.93,21.16,16.61,30.0,23.0,99981.0,39.49,33.97,9.37,Energy,,,,5.62,0.56,0.83,1.03,20.77,Equity : Sectoral - Energy / Power,Nil,17.0
DSP NIFTY 1D Rate Liquid ETF,Anil Ghelani,DT-ETF,Unrated,706.6,0.3,Open Ended,2018-03-14,Nifty 1D Rate Index,1000.0,1000.54,1000.0,0.53,1.54,3.11,6.35,6.33,5.62,4.45,,18.0,50.0,156243.5,55.18,14.37,15.24,Not Applicable,0.01,,6.78,0.91,7.29,9.05,0.88,0.13,Debt : ETFs,,7.0
DSP Nifty 50 Equal Weight ETF,Anil Ghelani,EQ-ETF,Unrated,210.5,0.3,Open Ended,2021-11-08,NIFTY50 Equal Weight,309.58,346.02,269.08,-1.54,-11.57,-2.77,10.69,21.39,16.77,,,75.0,50.0,290187.0,96.26,3.66,15.24,Financials,,,,2.65,0.51,0.79,0.96,14.23,Equity : ETFs,,4.0
DSP Nifty 50 Equal Weight Index Fund-Reg(G),Anil Ghelani,EQ-INDX,5,1895.2,0.87,Open Ended,2017-10-23,NIFTY50 Equal Weight - TRI,24.05,26.92,21.05,-1.6,-11.72,-3.12,9.89,20.55,16.0,19.08,,26.0,50.0,290186.0,96.28,3.66,15.24,Financials,,,,1.79,0.46,0.72,0.96,14.33,Equity : Index Funds,Nil,8.0
DSP Nifty 50 ETF,Anil Ghelani,EQ-ETF,Unrated,326.3,0.07,Open Ended,2021-12-23,NIFTY 50 - TRI,249.8,270.34,217.09,-1.61,-7.82,-1.25,10.38,16.48,12.91,,,46.0,50.0,555827.0,98.71,1.25,15.24,Financials,,,,2.07,0.49,0.75,0.99,13.85,Equity : ETFs,,4.0
DSP NIFTY 50 Index Fund-Reg(G),Anil Ghelani,EQ-INDX,3,655.8,0.31,Open Ended,2019-02-21,NIFTY 50 - TRI,23.18,25.1,20.22,-1.64,-7.89,-1.44,9.93,16.02,12.47,15.16,,7.0,50.0,555827.0,98.71,1.25,15.24,Financials,,,,1.51,0.47,0.71,0.99,13.95,Equity : Index Funds,Nil,6.0
DSP Nifty Bank ETF,Anil Ghelani,EQ-ETF,Unrated,505.3,0.16,Open Ended,2023-01-03,NIFTY BANK - TRI,52.32,55.15,45.17,-1.93,-3.56,-2.72,6.58,15.99,,,,57.0,12.0,538946.0,86.42,13.58,15.24,Financials,,,,-1.51,0.21,0.31,1.08,17.36,Equity : ETFs,Nil,2.0
DSP Nifty Bank Index Fund-Reg(G),Anil Ghelani,EQ-INDX,Unrated,45.3,0.9,Open Ended,2024-05-31,NIFTY BANK - TRI,10.5,11.09,9.57,-2.03,-3.77,-3.15,11.97,15.99,,,,27.0,12.0,538945.0,86.39,13.57,15.24,Financials,,,,4.33,1.34,2.01,0.88,12.37,Equity : Index Funds,Nil,1.0
DSP Nifty Healthcare ETF,Anil Ghelani,EQ-PHRM,Unrated,12.1,0.21,Open Ended,2024-02-01,Nifty Healthcare Index - TRI,151.17,151.17,113.64,6.15,1.7,19.37,11.97,15.99,,,,1.0,20.0,120107.0,54.96,39.59,5.41,Healthcare,,,,4.33,1.34,2.01,0.88,12.37,Equity : Sectoral - Pharma,,1.0
DSP Nifty IT ETF,Anil Ghelani,EQ-ETF,Unrated,42.7,0.2,Open Ended,2023-07-07,NIFTY IT - TRI,45.35,47.04,32.85,0.5,2.72,18.36,23.4,15.99,,,,73.0,10.0,429492.0,83.84,16.15,15.24,Technology,,,,15.9,1.0,1.83,0.74,19.38,Equity : ETFs,,2.0
DSP Nifty Midcap 150 Quality 50 ETF,Anil Ghelani,EQ-ETF,Unrated,97.7,0.3,Open Ended,2021-12-23,NIFTY Midcap150 Quality 50 - TRI,251.26,266.01,200.94,-0.19,-6.14,-0.65,19.81,24.44,12.13,,,42.0,50.0,51216.0,6.94,75.05,17.97,Technology,,,,11.72,1.05,1.64,0.8,14.78,Equity : ETFs,,4.0
DSP Nifty Midcap 150 Quality 50 Index Fund-Reg(G),Anil Ghelani,EQ-INDX,Unrated,363.9,0.87,Open Ended,2022-08-04,NIFTY Midcap150 Quality 50 - TRI,14.69,15.58,11.81,-0.26,-6.29,-0.99,19.0,23.65,,,,46.0,50.0,51217.0,6.94,75.03,17.97,Technology,,,,11.04,1.01,1.58,0.8,14.9,Equity : Index Funds,Nil,3.0
DSP NIFTY Next 50 Index Fund-Reg(G),Anil Ghelani,EQ-INDX,3,902.9,0.53,Open Ended,2019-02-21,NIFTY NEXT 50 - TRI,26.6,29.99,20.57,-3.64,-11.81,-5.6,27.41,27.78,17.93,19.26,,49.0,50.0,143043.0,88.16,11.75,15.24,Financials,,,,16.98,1.13,1.64,1.14,20.14,Equity : Index Funds,Nil,6.0
DSP Nifty Private Bank ETF,Anil Ghelani,EQ-ETF,Unrated,236.3,0.15,Open Ended,2023-07-27,Nifty Private Bank - TRI,25.45,27.48,22.58,-1.74,-5.98,-4.82,0.74,15.99,,,,106.0,10.0,417377.0,83.3,13.6,3.08,Financials,,,,-7.01,-0.12,-0.18,1.04,17.05,Equity : ETFs,,2.0
DSP Nifty PSU Bank ETF,Anil Ghelani,EQ-ETF,Unrated,53.0,0.45,Open Ended,2023-07-27,NIFTY PSU BANK - TRI,66.03,80.14,56.52,-3.96,-3.3,-10.62,14.1,15.99,,,,163.0,12.0,188009.0,62.21,37.78,15.24,Financials,,,,7.36,0.49,0.71,1.49,29.8,Equity : ETFs,,2.0
DSP Nifty SDL Plus G-Sec Jun 2028 30:70 Index Fund-Reg(G),Shantanu Godambe,DT-M&LD,Unrated,2222.4,0.32,Open Ended,2022-03-21,Nifty SDL Plus G-Sec Jun 2028 70:30 Index,11.87,11.87,10.99,0.49,1.39,4.05,8.04,7.8,,,,0.0,50.0,156243.5,55.18,14.37,15.24,Not Applicable,3.07,2.63,6.92,2.65,4.48,9.48,0.4,0.86,Debt : Medium to Long Duration,Nil,3.0
DSP Nifty SDL Plus G-Sec Sep 2027 50:50 Index Fund-Reg(G),Shantanu Godambe,DT-M&LD,Unrated,92.4,0.41,Open Ended,2023-02-14,Nifty SDL Plus G-Sec Sep 2027 50:50 Index,11.54,11.54,10.68,0.54,1.43,3.9,8.06,15.99,,,,0.0,50.0,156243.5,55.18,14.37,15.24,Not Applicable,2.59,2.27,6.94,2.87,4.98,10.92,0.33,0.77,Debt : Medium to Long Duration,Nil,2.0
DSP Nifty Smallcap250 Quality 50 Index Fund-Reg(G),Anil Ghelani,EQ-INDX,Unrated,178.1,1.0,Open Ended,2023-12-26,Nifty Smallcap250 Quality 50 - TRI,12.84,13.72,9.5,-0.55,-5.04,3.72,25.66,15.99,,,,59.0,50.0,19113.0,55.18,13.12,86.71,Technology,,,,17.21,1.07,1.6,0.96,20.64,Equity : Index Funds,Nil,2.0
DSP Nifty Top 10 Equal Weight ETF,Anil Ghelani,EQ-ETF,Unrated,244.0,0.15,Open Ended,2024-09-05,Nifty Top 10 Equal Weight - TRI,94.97,100.17,91.54,-1.56,-4.6,3.25,11.97,15.99,,,,10.0,10.0,797400.0,99.99,14.37,15.24,Financials,,,,4.33,1.34,2.01,0.88,12.37,Equity : ETFs,,1.0
DSP Nifty Top 10 Equal Weight Index Fund-Reg(G),Anil Ghelani,EQ-INDX,Unrated,1037.2,1.0,Open Ended,2024-09-05,Nifty Top 10 Equal Weight - TRI,9.75,10.31,9.41,-1.65,-4.86,3.25,11.97,15.99,,,,11.0,10.0,797401.0,100.05,14.37,15.24,Financials,,,,4.33,1.34,2.01,0.88,12.37,Equity : Index Funds,Nil,1.0
DSP Overnight Fund-Reg(G),Karan Mundhra,DT-ON,5,2333.8,0.14,Open Ended,2019-01-09,CRISIL Liquid Overnight Index,1340.3,1340.3,1257.05,0.55,1.61,3.24,6.64,6.63,5.97,4.88,,0.0,50.0,156243.5,55.18,14.37,15.24,Not Applicable,0.01,,6.68,1.18,8.59,11.25,0.88,0.14,Debt : Overnight,Nil,6.0
DSP Quant Fund-Reg(G),Aparna Karnik,EQ-THEM,Unrated,1066.1,1.27,Open Ended,2019-06-10,BSE 200 - TRI,21.45,23.45,18.55,-1.51,-8.99,0.61,10.44,16.01,7.58,14.58,,47.0,48.0,223121.0,77.84,22.29,15.24,Financials,,,,2.75,0.56,0.92,0.78,12.01,Equity : Thematic,Nil,6.0
DSP Regular Savings Fund-Reg(G),Abhishek Singh,HY-DT(CO),2,180.3,1.11,Open Ended,2004-06-11,CRISIL Hybrid 85+15 - Conservative Index,56.36,56.44,50.5,0.18,-0.27,4.15,10.95,11.67,8.92,8.71,7.04,0.0,30.0,218440.0,17.47,0.96,3.5,Financials,3.07,2.48,7.08,4.81,2.04,3.24,0.68,3.36,Hybrid : Debt Oriented (Conservative),Nil,21.0
DSP Savings Fund-Reg(G),Karan Mundhra,DT-MM,3,4210.9,0.47,Open Ended,1999-09-30,CRISIL Money Market Index,50.77,50.77,47.29,0.61,1.71,3.54,7.37,7.26,6.16,5.55,6.27,0.0,50.0,156243.5,55.18,14.37,15.24,Not Applicable,0.61,0.56,7.47,3.15,10.15,20.82,0.04,0.32,Debt : Money Market,Nil,26.0
DSP Short Term Fund-Reg(G),Karan Mundhra,DT-SD,3,2848.1,0.96,Open Ended,2002-09-09,CRISIL Short Duration Debt Index,44.62,44.62,41.45,0.52,1.51,3.99,7.63,7.12,5.73,5.85,6.69,0.0,50.0,156243.5,55.18,14.37,15.24,Not Applicable,3.98,2.81,7.49,2.52,5.46,11.29,0.32,0.64,Debt : Short Duration,Nil,23.0
DSP Silver ETF,Ravi Gehani,GOLD-ETF,Unrated,284.2,0.5,Open Ended,2022-08-19,Silver,85.26,96.51,68.22,-3.79,-4.53,-2.21,15.82,10.12,,,,18.0,50.0,156243.5,55.18,14.37,15.24,Not Applicable,,,,11.84,0.61,1.04,0.71,22.82,Gold : ETFs,,3.0
DSP Small Cap Fund-Reg(G),Vinit Sambre,EQ-SML,3,16307.3,1.71,Open Ended,2007-06-14,BSE 250 Small Cap - TRI,203.42,207.45,149.65,2.35,-0.9,8.12,25.62,33.43,21.6,30.03,18.52,24.0,74.0,9431.0,55.18,3.13,90.72,FMCG,,,,17.67,1.29,1.93,0.71,16.51,Equity : Small Cap,1% before 12M Nil on or after 12M,18.0
DSP Strategic Bond Fund-Reg(G),Sandeep Yadav,DT-DYN,5,1927.3,1.19,Open Ended,2007-05-09,CRISIL Dynamic Bond Index,3246.75,3262.75,2944.45,0.25,-0.05,3.79,9.99,8.83,6.36,6.62,7.18,0.0,50.0,156243.5,55.18,14.37,15.24,Not Applicable,31.71,11.6,7.16,1.26,2.06,3.48,1.44,2.7,Debt : Dynamic Bond,Nil,18.0
DSP Top 100 Equity Fund-Reg(G),Abhishek Singh,EQ-LC,1,4530.0,1.94,Open Ended,2003-03-10,BSE 100 - TRI,459.37,486.27,369.36,-1.22,-6.05,2.84,20.73,24.57,16.45,15.0,11.15,39.0,32.0,329504.0,80.59,2.91,6.01,Financials,,,,11.77,1.27,1.97,0.85,12.63,Equity : Large Cap,1% before 12M Nil on or after 12M,22.0
DSP Ultra Short Fund-Reg(G),Shalini Vasanta,DT-USD,2,3062.0,1.01,Open Ended,2006-07-31,CRISIL Ultra Short Term Debt Index,3284.68,3284.68,3072.58,0.57,1.64,3.36,6.91,6.8,5.9,5.04,5.89,0.0,50.0,156243.5,55.18,14.37,15.24,Not Applicable,0.46,0.42,7.47,2.72,9.94,20.05,0.03,0.28,Debt : Ultra Short Duration,Nil,19.0
DSP US Flexible Equity FoF-Reg(G),Jay Kothari,FOF-OVR,Unrated,853.1,2.34,Open Ended,2012-08-03,Russell 1000 Index,57.42,58.7,47.87,1.61,3.72,5.42,17.75,19.81,10.55,15.51,12.92,18.0,50.0,156243.5,55.18,14.37,15.24,Not Applicable,,,,12.12,1.07,1.63,0.92,13.87,FoFs : Overseas,Nil,13.0
DSP US Treasury FoF-Reg(G),Jay Kothari,FOF-OVR,Unrated,60.3,0.26,Open Ended,2024-03-18,S&P US Treasury Bond Index,10.56,10.81,9.86,-0.1,-1.38,3.72,11.97,15.99,,,,18.0,50.0,156243.5,55.18,14.37,15.24,Not Applicable,,,,4.33,1.34,2.01,0.88,12.37,FoFs : Overseas,0.10% before 7D Nil on or after 7D,1.0
DSP Value Fund-Reg(G),Aparna Karnik,EQ-VAL,Unrated,910.4,1.7,Open Ended,2020-12-10,NIFTY 500 - TRI,20.67,21.68,17.08,-0.74,-4.78,5.4,20.53,7.47,15.23,,,107.0,57.0,138929.0,43.68,6.75,15.25,Healthcare,,,,16.83,1.76,2.94,0.56,10.31,Equity : Value / Contra,1% on or before 12M Nil after 12M,5.0
DSP World Agriculture Fund-Reg(G),Jay Kothari,FOF-OVR,Unrated,10.1,2.24,Open Ended,2011-10-19,MSCI ACWI Net TRI,18.68,19.18,17.4,-0.53,5.69,2.83,7.44,2.26,-5.96,2.92,,33.0,50.0,156243.5,55.18,14.37,15.24,Not Applicable,,,,-1.18,0.37,0.65,1.47,11.79,FoFs : Overseas,Nil,14.0
DSP World Gold FoF-Reg(G),Jay Kothari,FOF-OVR,Unrated,1045.0,2.35,Open Ended,2007-09-14,FTSE Gold Mines,19.95,24.53,14.3,-7.7,-10.9,5.36,15.94,11.33,4.62,6.49,7.04,22.0,50.0,156243.5,55.18,14.37,15.24,Not Applicable,,,,9.98,0.57,0.99,1.96,27.32,FoFs : Overseas,Nil,18.0
DSP World Mining FoF-Reg(G),Jay Kothari,FOF-OVR,Unrated,137.4,2.18,Open Ended,2009-12-29,MSCI ACWI Metals & Mining 30% Buffer 10/40 (1994) Net TRI,14.99,17.89,14.2,-8.78,-15.37,-6.78,-8.07,-4.1,1.03,10.41,7.67,51.0,50.0,156243.5,55.18,14.37,15.24,Not Applicable,,,,-14.36,-0.48,-0.79,1.14,22.27,FoFs : Overseas,Nil,16.0
Edelweiss Aggressive Hybrid Fund-Reg(G),Bharat Lahoti,HY-MULTI,Unrated,2267.4,1.96,Open Ended,2009-08-11,CRISIL Hybrid 35+65 - Aggressive Index,62.36,64.44,50.97,1.5,-3.6,3.88,20.63,23.43,17.23,18.05,12.46,104.0,78.0,250843.0,55.21,12.22,5.53,Financials,3.55,2.74,7.18,10.23,1.37,1.97,1.87,11.49,Hybrid : Multi Asset Allocation,Nil upto 10% of units and 1% for remaining units on or before 90D Nil after 90D,16.0
Edelweiss Arbitrage Fund-Reg(G),Bhavesh Jain,HY-ARB,4,12199.2,1.08,Open Ended,2014-06-27,Nifty 50 Arbitrage,18.75,18.75,17.43,0.7,1.87,3.49,7.62,7.41,6.39,5.48,6.01,0.0,198.0,192233.0,50.64,18.08,4.37,Financials,0.43,0.41,7.18,3.73,3.43,7.57,-0.09,1.01,Hybrid : Arbitrage,0.10% on or before 30D Nil after 30D,11.0
Edelweiss ASEAN Equity Off-Shore Fund-Reg(G),Bhavesh Jain,FOF-OVR,Unrated,94.6,2.35,Open Ended,2011-07-01,MSCI AC ASEAN 10/40 Index,27.87,29.3,23.42,-0.39,-3.69,13.77,14.52,6.25,5.75,5.18,5.3,18.0,50.0,156243.5,55.18,14.37,15.24,Not Applicable,,,,6.9,0.99,1.66,1.3,10.94,FoFs : Overseas,1% on or before 90D Nil after 90D,14.0
Edelweiss Balanced Advantage Fund-Reg(G),Bhavesh Jain,HY-DYN,5,12380.6,1.69,Open Ended,2009-08-20,NIFTY 50 Hybrid Composite Debt 50:50 Index,49.87,52.04,43.19,-0.1,-4.45,0.73,13.36,16.39,11.55,15.0,10.76,235.0,104.0,209927.0,50.54,13.65,7.18,Financials,1.41,1.13,6.98,4.33,0.94,1.34,1.64,9.66,Hybrid : Dynamic Asset Allocation,Nil upto 10% of units and 1% for remaining units on or before 90D Nil after 90D,16.0
Edelweiss Banking and PSU Debt Fund-Reg(G),Dhawal Dalal,DT-B&PSU,5,271.0,0.7,Open Ended,2013-09-13,CRISIL Banking and PSU Debt Index,23.55,23.55,21.77,0.41,1.28,4.17,8.14,7.31,5.69,6.84,7.52,0.0,50.0,156243.5,55.18,14.37,15.24,Not Applicable,4.6,3.66,7.16,2.65,3.58,6.52,0.48,1.14,Debt : Banking & PSU,Nil,12.0
Edelweiss BSE Capital Markets & Insurance ETF,Bhavesh Jain,EQ-ETF,Unrated,709.5,1.08,Open Ended,2024-12-30,BSE Capital Markets & Insurance - TRI,21.2,21.2,20.85,0.31,-2.11,3.25,11.97,15.99,,,,18.0,50.0,156243.5,55.18,14.37,15.24,,,,,4.33,1.34,2.01,0.88,12.37,Equity : ETFs,,1.0
Edelweiss Business Cycle Fund-Reg(G),Bhavesh Jain,EQ-THEM,Unrated,1846.3,2.0,Open Ended,2024-07-29,NIFTY 500 - TRI,9.56,10.3,8.9,1.89,-7.95,3.25,11.97,15.99,,,,18.0,59.0,109253.0,44.78,48.45,6.12,Financials,,,,4.33,1.34,2.01,0.88,12.37,Equity : Thematic,1% on or before 90D Nil after 90D,1.0
Edelweiss CRISIL IBX 50:50 Gilt Plus SDL April 2037 Index Fund-Reg(G),Dhawal Dalal,DT-LD,Unrated,1070.3,0.46,Open Ended,2022-10-11,CRISIL IBX 50:50 Gilt Plus SDL Index - April 2037,12.2,12.23,10.99,0.59,0.96,4.66,10.69,8.92,,,,0.0,50.0,156243.5,55.18,14.37,15.24,Not Applicable,11.84,7.67,7.15,2.85,2.94,5.32,1.13,2.12,Debt : Long Duration,0.10% on or before 30D Nil after 30D,3.0
Edelweiss CRISIL IBX 50:50 Gilt Plus SDL June 2027 Index Fund-Reg(G),Dhawal Dalal,DT-M&LD,Unrated,95.9,0.45,Open Ended,2022-10-18,CRISIL IBX 50:50 Gilt Plus SDL Index - June 2027,11.76,11.76,10.91,0.53,1.46,3.85,7.86,7.41,,,,0.0,50.0,156243.5,55.18,14.37,15.24,Not Applicable,2.42,2.13,6.91,2.85,5.42,11.6,0.29,0.69,Debt : Medium to Long Duration,0.10% on or before 30D Nil after 30D,3.0
Edelweiss CRISIL IBX 50:50 Gilt Plus SDL Sep 2028 Index Fund-Reg(G),Dhawal Dalal,DT-M&LD,Unrated,156.7,0.45,Open Ended,2022-11-10,CRISIL IBX 50:50 Gilt Plus SDL Index - Sep 2028,11.79,11.8,10.9,0.46,1.35,4.12,8.13,7.76,,,,0.0,50.0,156243.5,55.18,14.37,15.24,Not Applicable,3.5,2.99,6.98,2.65,3.93,8.3,0.44,1.01,Debt : Medium to Long Duration,0.10% upto 30D Nil after 30D,3.0
Edelweiss CRISIL IBX 50:50 Gilt Plus SDL Short Duration Index Fund-Reg(G),Rahul Dedhia,DT-SD,Unrated,152.8,0.63,Open Ended,2023-02-15,CRISIL IBX 50:50 Gilt Plus SDL Short Duration Index,11.46,11.46,10.64,0.51,1.35,3.86,7.75,15.99,,,,0.0,50.0,156243.5,55.18,14.37,15.24,Not Applicable,2.92,2.53,6.94,2.67,5.18,11.3,0.31,0.7,Debt : Short Duration,Nil,2.0
Edelweiss CRISIL IBX AAA Financial Services Bond - Jan 2028 Index Fund-Reg(G),Dhawal Dalal,DT-M&LD,Unrated,132.4,0.35,Open Ended,2024-11-27,CRISIL-IBX AAA Financial Services Index - Jan 2028,10.06,10.06,10.0,0.6,-2.11,3.25,11.97,15.99,,,,0.0,50.0,156243.5,55.18,14.37,15.24,Not Applicable,2.85,2.4,7.75,4.33,1.34,2.01,0.88,12.37,Debt : Medium to Long Duration,0.10% upto 30D Nil after 30D,1.0
Edelweiss CRISIL PSU Plus SDL 50:50 Oct 2025 Index Fund-Reg(G),Dhawal Dalal,DT-MD,Unrated,803.7,0.4,Open Ended,2022-03-10,CRISIL IBX 50:50 PSU + SDL Index - October 2025,11.67,11.67,10.87,0.57,1.61,3.54,7.37,7.1,,,,0.0,50.0,156243.5,55.18,14.37,15.24,Not Applicable,0.69,0.65,7.28,3.05,8.25,18.65,0.08,0.4,Debt : Medium Duration,0.10% upto 30D Nil after 30D,3.0
Edelweiss ELSS Tax saver Fund-Reg(G),Ashwani Agarwalla,EQ-ELSS,3,397.7,2.34,Open Ended,2008-12-30,NIFTY 500 - TRI,110.7,116.83,89.8,-0.51,-5.56,0.6,20.52,24.17,15.62,17.8,12.52,24.0,94.0,199450.0,65.59,17.62,13.96,Financials,,,,10.91,1.06,1.55,1.0,15.06,Equity : Tax Saving (ELSS),Nil,17.0
Edelweiss Emerging Markets Opp Eq. Offshore Fund-Reg(G),Bhavesh Jain,FOF-OVR,Unrated,114.5,2.33,Open Ended,2014-07-07,MSCI Emerging Market Index,15.04,16.13,13.29,2.15,-5.55,-2.3,5.92,5.69,-2.42,1.24,4.2,18.0,50.0,156243.5,55.18,14.37,15.24,Not Applicable,,,,-0.96,0.2,0.33,1.22,14.63,FoFs : Overseas,1% on or before 90D Nil after 90D,11.0
Edelweiss Equity Savings Fund-Reg(G),Bharat Lahoti,HY-EQ,2,560.9,1.59,Open Ended,2014-10-13,NIFTY 50 Equity Savings Index,24.34,24.34,21.33,1.67,0.64,4.68,13.52,13.35,9.96,10.84,8.92,608.0,107.0,181706.0,44.43,15.89,6.88,Financials,3.59,2.78,7.12,6.88,2.37,3.68,0.7,3.78,Hybrid : Equity Oriented,0.25% on or before 30D Nil after 30D,11.0
Edelweiss Europe Dynamic Equity Off-shore Fund-Reg(G),Bhavesh Jain,FOF-OVR,Unrated,74.4,2.33,Open Ended,2014-02-07,MSCI Europe Index (Total Return Net),18.4,20.22,16.76,-1.92,-8.15,-1.98,5.37,11.14,5.1,9.03,6.61,18.0,50.0,156243.5,55.18,14.37,15.24,Not Applicable,,,,-2.04,0.17,0.25,1.37,13.66,FoFs : Overseas,1% on or before 90D Nil after 90D,11.0
Edelweiss Flexi Cap Fund-Reg(G),Trideep Bhattacharya,EQ-FLEX,3,2445.9,1.95,Open Ended,2015-02-03,NIFTY 500 - TRI,38.61,40.75,29.97,-0.48,-5.76,1.36,25.89,28.28,18.47,20.49,,36.0,79.0,216796.0,69.99,18.96,9.52,Financials,,,,15.35,1.3,1.9,1.03,15.86,Equity : Flexi Cap,1% on or before 90D Nil after 90D,10.0
Edelweiss Focused Fund-Reg(G),Trideep Bhattacharya,EQ-FLEX,Unrated,916.9,2.22,Open Ended,2022-08-01,NIFTY 500 - TRI,16.79,17.46,13.23,0.27,-4.49,1.51,23.48,27.21,,,,45.0,28.0,257906.0,73.86,19.75,3.74,Financials,,,,13.23,1.19,1.79,1.01,15.46,Equity : Flexi Cap,1% on or before 90D Nil after 90D,3.0
Edelweiss Gold and Silver ETF FoF-Reg(G),Bhavesh Jain,FOF-DOM,Unrated,187.3,0.71,Open Ended,2022-09-14,Gold-India,14.72,16.02,11.49,-1.91,-1.66,1.95,17.33,13.7,,,,18.0,50.0,156243.5,55.18,14.37,15.24,Not Applicable,,,,16.2,0.71,1.19,-0.77,19.49,FoFs : Domestic,0.10% on or before 15D Nil after 15D,3.0
Edelweiss Gold ETF,Amit Vora,GOLD-ETF,Unrated,97.8,0.35,Open Ended,2023-11-07,Gold-India,78.2,80.87,63.06,-0.16,1.3,6.32,19.82,15.99,,,,18.0,50.0,156243.5,55.18,14.37,15.24,Not Applicable,,,,15.3,1.23,1.86,0.02,12.45,Gold : ETFs,,2.0
Edelweiss Government Securities Fund-Reg(G),Rahul Dedhia,DT-GILT,5,191.7,1.14,Open Ended,2014-02-13,CRISIL Dynamic Gilt Index,23.66,23.75,21.49,0.24,0.15,3.75,9.86,7.92,6.08,7.05,7.56,0.0,50.0,156243.5,55.18,14.37,15.24,Not Applicable,21.7,9.87,7.04,1.29,2.09,3.84,1.4,2.61,Debt : Gilt,Nil,11.0
Edelweiss Gr China Equity Off-Shore Fund-Reg(G),Bhavesh Jain,FOF-OVR,Unrated,1572.2,2.36,Open Ended,2009-08-26,MSCI Golden Dragon Index (Total Return Net),38.11,43.05,29.97,4.87,-3.97,9.05,14.76,1.46,-6.69,3.16,7.12,18.0,50.0,156243.5,55.18,14.37,15.24,Not Applicable,,,,10.51,0.6,1.07,0.92,23.22,FoFs : Overseas,1% on or before 90D Nil after 90D,16.0
Edelweiss Large & Mid Cap Fund-Reg(G),Sumanta Khan,EQ-L&M,4,3745.2,1.87,Open Ended,2007-06-14,NIFTY LargeMidcap 250 - TRI,88.26,91.07,68.89,0.22,-3.83,3.31,24.77,27.82,18.5,21.47,14.9,13.0,96.0,122627.0,48.8,35.9,13.5,Financials,,,,14.79,1.27,1.88,0.97,15.55,Equity : Large & Mid Cap,1% on or before 90D Nil after 90D,18.0
Edelweiss Large Cap Fund-Reg(G),Bharat Lahoti,EQ-LC,3,1100.2,2.17,Open Ended,2009-05-20,NIFTY 100 - TRI,82.96,89.65,69.88,-0.61,-7.72,-0.71,15.3,21.02,14.99,16.88,12.75,106.0,73.0,332230.0,81.98,14.41,0.93,Financials,,,,6.48,0.81,1.2,0.96,13.97,Equity : Large Cap,1% on or before 90D Nil after 90D,16.0
Edelweiss Liquid Fund-Reg(G),Rahul Dedhia,DT-LIQ,3,5902.9,0.22,Open Ended,2008-09-16,CRISIL Liquid Debt Index,3227.81,3227.81,3007.51,0.59,1.74,3.54,7.34,7.09,6.28,5.23,6.16,0.0,50.0,156243.5,55.18,14.37,15.24,Not Applicable,0.12,0.12,7.04,0.73,10.33,5.41,0.88,0.07,Debt : Liquid,0.007% for Day 1 0.0065% on Day 2 0.0060% on Day 3 0.0055% on Day 4 0.0050% on Day 5 0.0045% on Day 6 NIL on or after 7D,17.0
Edelweiss Mid Cap Fund-Reg(G),Trideep Bhattacharya,EQ-MID,4,8280.4,1.73,Open Ended,2007-12-26,Nifty Midcap 150 - TRI,102.36,103.98,72.34,1.7,-1.09,7.37,38.94,39.28,25.9,30.16,18.89,45.0,77.0,59994.0,14.78,66.55,16.03,Financials,,,,26.43,1.77,2.65,0.95,17.61,Equity : Mid Cap,1% on or before 90D Nil after 90D,18.0
Edelweiss Money Market Fund-Reg(G),Pranavi Kulkarni,DT-DYN,2,1261.5,0.82,Open Ended,2008-06-27,CRISIL Money Market Index,27.43,27.43,25.65,0.57,1.63,3.37,6.96,6.69,5.62,5.17,6.35,0.0,50.0,156243.5,55.18,14.37,15.24,Not Applicable,0.52,0.52,7.38,2.85,9.84,19.71,0.03,0.3,Debt : Dynamic Bond,Nil,17.0
Edelweiss MSCI India Domestic & World Healthcare 45 Index Fund-Reg(G),Bhavesh Jain,EQ-INDX,Unrated,153.7,1.04,Open Ended,2020-10-26,MSCI India Domestic & World Healthcare 45 Index,19.84,20.41,15.78,2.61,-1.94,11.11,28.86,26.53,14.92,,,18.0,46.0,107753.0,34.84,29.36,6.56,Healthcare,,,,21.77,2.17,3.99,0.33,10.71,Equity : Index Funds,Nil,5.0
Edelweiss Multi Asset Allocation Fund-Reg(G),Bhavesh Jain,HY-MULTI,Unrated,1428.2,0.71,Open Ended,2023-06-23,CRISIL Short Term Bond Index,11.18,11.18,10.37,0.55,1.59,3.96,7.88,15.99,,,,655.0,58.0,324462.0,22.53,4.54,0.03,Financials,4.22,3.28,7.26,3.65,2.05,3.56,0.08,1.9,Hybrid : Multi Asset Allocation,0.10% on or before 30D Nil after 30D,2.0
Edelweiss Multi Cap Fund-Reg(G),Trideep Bhattacharya,EQ-MLC,Unrated,2571.7,1.92,Open Ended,2023-10-25,Nifty500 Multicap 50:25:25 - TRI,15.42,16.01,11.75,-0.16,-4.5,3.48,28.32,15.99,,,,31.0,100.0,112462.0,47.7,27.0,24.28,Financials,,,,17.69,1.42,2.1,0.97,15.86,Equity : Multi Cap,1% on or before 90D Nil after 90D,2.0
Edelweiss Nifty 100 Quality 30 Index Fund-Reg(G),Bhavesh Jain,EQ-INDX,Unrated,139.7,0.9,Open Ended,2021-10-07,NIFTY100 Quality 30 - TRI,14.29,15.93,12.3,-2.83,-11.36,-2.26,10.41,21.61,13.19,,,11.0,30.0,277337.0,91.13,8.9,15.24,FMCG,,,,3.18,0.55,0.89,0.76,12.81,Equity : Index Funds,Nil,4.0
Edelweiss Nifty 50 Index Fund-Reg(G),Bhavesh Jain,EQ-INDX,Unrated,118.2,0.5,Open Ended,2021-10-08,NIFTY 50 - TRI,13.67,14.81,11.97,-1.66,-7.96,-1.53,9.52,15.62,12.02,,,9.0,50.0,555829.0,98.3,1.24,15.24,Financials,,,,1.13,0.44,0.67,0.99,13.9,Equity : Index Funds,Nil,4.0
Edelweiss Nifty Alpha Low Volatility 30 Index Fund-Reg(G),Bhavesh Jain,EQ-INDX,Unrated,105.4,1.08,Open Ended,2024-05-16,NIFTY Alpha Low-Volatility 30 - TRI,10.34,11.77,9.67,-1.79,-12.38,-3.03,11.97,15.99,,,,38.0,30.0,256524.0,86.88,12.98,15.24,Automobile and Ancillaries,,,,4.33,1.34,2.01,0.88,12.37,Equity : Index Funds,0.10% on or before 15D Nil after 15D,1.0
Edelweiss Nifty Bank ETF,Bhavesh Jain,EQ-ETF,Unrated,11.0,0.07,Open Ended,2024-09-10,NIFTY BANK - TRI,51.55,54.33,50.05,-1.93,-3.54,3.25,11.97,15.99,,,,18.0,12.0,538993.0,86.29,13.56,15.24,Financials,,,,4.33,1.34,2.01,0.88,12.37,Equity : ETFs,,1.0
Edelweiss NIFTY Large Mid Cap 250 Index Fund-Reg(G),Bhavesh Jain,EQ-INDX,Unrated,225.4,0.83,Open Ended,2021-12-01,NIFTY LargeMidcap 250 - TRI,16.23,17.3,13.47,-0.16,-6.88,-0.65,17.7,24.92,17.47,,,14.0,251.0,158794.0,51.22,45.26,3.41,Financials,,,,9.05,0.91,1.31,0.98,15.47,Equity : Index Funds,Nil,4.0
Edelweiss Nifty Midcap150 Momentum 50 Index Fund-Reg(G),Bhavesh Jain,EQ-INDX,Unrated,766.6,1.11,Open Ended,2022-11-30,Nifty Midcap150 Momentum 50 - TRI,19.04,19.97,14.43,1.13,-4.34,1.85,30.84,40.39,,,,81.0,50.0,76844.0,19.44,80.45,15.24,Financials,,,,20.61,1.24,1.79,1.08,20.96,Equity : Index Funds,0.50% on or before 30D Nil after 30D,3.0
Edelweiss Nifty Next 50 Index Fund-Reg(G),Bhavesh Jain,EQ-INDX,Unrated,95.7,0.79,Open Ended,2022-11-30,NIFTY NEXT 50 - TRI,15.72,17.7,12.15,-3.45,-11.65,-5.55,27.38,27.3,,,,47.0,50.0,143042.0,88.06,11.74,15.24,Financials,,,,16.96,1.13,1.64,1.14,20.1,Equity : Index Funds,Nil,3.0
Edelweiss Nifty PSU Bond Plus SDL Apr 2026 50:50 Index Fund-Reg(G),Dhawal Dalal,DT-B&PSU,Unrated,7923.2,0.4,Open Ended,2021-03-18,Nifty PSU Bond Plus SDL Apr 2026 50:50 Index,12.47,12.47,11.6,0.58,1.66,3.69,7.51,7.18,5.44,,,0.0,50.0,156243.5,55.18,14.37,15.24,Not Applicable,1.22,1.1,7.36,2.97,7.11,15.79,0.15,0.48,Debt : Banking & PSU,0.10% on or before 30D Nil after 30D,4.0
Edelweiss Nifty PSU Bond Plus SDL Apr 2027 50:50 Index Fund-Reg(G),Dhawal Dalal,DT-M&LD,Unrated,2286.4,0.4,Open Ended,2021-10-14,Nifty PSU Bond Plus SDL Apr 2027 50:50 Index,11.86,11.87,11.0,0.56,1.55,3.89,7.97,7.27,5.59,,,0.0,50.0,156243.5,55.18,14.37,15.24,Not Applicable,2.25,1.98,7.23,3.15,6.04,13.24,0.22,0.63,Debt : Medium to Long Duration,0.15% upto 30D Nil after 30D,4.0
Edelweiss Nifty Smallcap 250 Index Fund-Reg(G),Bhavesh Jain,EQ-INDX,Unrated,96.2,0.84,Open Ended,2022-11-30,Nifty Smallcap 250 - TRI,18.42,19.1,13.83,0.99,-3.52,2.89,26.29,36.48,,,,42.0,250.0,19551.0,55.18,8.0,91.85,Financials,,,,17.46,1.12,1.59,0.96,19.96,Equity : Index Funds,Nil,3.0
Edelweiss Nifty500 Multicap Momentum Quality 50 ETF,Bhavesh Jain,EQ-ETF,Unrated,10.8,0.19,Open Ended,2024-10-31,Nifty500 Multicap Momentum Quality 50 - TRI,45.85,48.38,43.97,-2.42,-2.11,3.25,11.97,15.99,,,,18.0,50.0,96310.0,55.69,30.92,11.94,Capital Goods,,,,4.33,1.34,2.01,0.88,12.37,Equity : ETFs,,1.0
Edelweiss Nifty500 Multicap Momentum Quality 50 Index Fund-Reg(G),Bhavesh Jain,EQ-INDX,Unrated,156.2,1.1,Open Ended,2024-10-31,Nifty500 Multicap Momentum Quality 50 - TRI,10.04,10.61,9.64,-2.5,-2.11,3.25,11.97,15.99,,,,18.0,50.0,96608.0,56.63,31.22,12.09,Capital Goods,,,,4.33,1.34,2.01,0.88,12.37,Equity : Index Funds,0.10% on or before 30D Nil after 30D,1.0
Edelweiss Overnight Fund-Reg(G),Pranavi Kulkarni,DT-ON,3,538.6,0.16,Open Ended,2019-07-24,CRISIL Liquid Overnight Index,1297.61,1297.61,1217.59,0.55,1.6,3.23,6.59,6.6,5.92,4.87,,0.0,50.0,156243.5,55.18,14.37,15.24,Not Applicable,0.01,0.01,6.64,0.25,30.78,1.88,0.88,0.01,Debt : Overnight,Nil,6.0
Edelweiss Recently Listed IPO Fund-Reg(G),Bhavesh Jain,EQ-THEM,4,974.0,2.26,Open Ended,2018-02-22,India Recent 100 IPO Index,29.08,29.08,20.99,4.09,1.92,10.0,29.47,32.38,11.76,23.87,,101.0,55.0,16953.0,9.43,16.75,70.97,Capital Goods,,,,19.91,1.35,1.96,0.78,17.69,Equity : Thematic,2% upto 180D Nil after 180D,7.0
Edelweiss Silver ETF,Amit Vora,GOLD-ETF,Unrated,97.3,0.39,Open Ended,2023-11-21,Silver,88.72,100.4,71.04,-3.79,-4.53,-2.16,15.79,15.99,,,,18.0,50.0,156243.5,55.18,14.37,15.24,Not Applicable,,,,12.63,0.62,1.04,0.48,22.76,Gold : ETFs,,2.0
Edelweiss Small Cap Fund-Reg(G),Trideep Bhattacharya,EQ-SML,4,4373.6,1.83,Open Ended,2019-02-07,Nifty Smallcap 250 - TRI,45.73,46.97,34.06,0.1,-2.39,4.91,25.36,33.67,22.29,32.42,,16.0,78.0,21599.0,1.0,28.32,68.91,Financials,,,,16.58,1.27,1.87,0.78,16.12,Equity : Small Cap,1% on or before 90D Nil after 90D,6.0
Edelweiss Technology Fund-Reg(G),Sumanta Khan,EQ-TECH,Unrated,690.2,2.29,Open Ended,2024-03-05,BSE TECk Index - TRI,12.26,12.74,9.54,1.02,2.49,10.23,11.97,15.99,,,,18.0,80.0,151151.0,42.45,20.23,13.58,Technology,,,,4.33,1.34,2.01,0.88,12.37,Equity : Sectoral - Technology,1% on or before 90D Nil after 90D,1.0
Edelweiss US Technology Equity FOF-Reg(G),Bhavesh Jain,FOF-OVR,Unrated,2571.3,2.35,Open Ended,2020-03-05,Russell 1000 Equal Weighted Technology Index,26.3,27.92,19.18,-0.61,12.0,9.97,28.79,45.91,9.04,,,18.0,50.0,156243.5,55.18,14.37,15.24,Not Applicable,,,,21.8,1.02,1.58,1.69,25.96,FoFs : Overseas,1% on or before 90D Nil after 90D,5.0
Edelweiss US Value Equity Offshore Fund-Reg(G),Bhavesh Jain,FOF-OVR,Unrated,140.3,2.33,Open Ended,2013-08-07,Russell 1000 Index,31.19,33.63,26.54,-6.96,0.1,7.06,14.64,11.53,8.71,11.67,9.62,18.0,50.0,156243.5,55.18,14.37,15.24,Not Applicable,,,,9.9,0.96,1.59,0.49,11.71,FoFs : Overseas,1% on or before 90D Nil after 90D,12.0
Franklin Asian Equity Fund(G),Shyam Sundar Sriram,EQ-INTL,Unrated,245.5,2.53,Open Ended,2008-01-16,MSCI Asia (ex-Japan) Standard Index,28.79,30.34,23.11,2.09,-4.29,4.04,14.47,7.37,-0.45,3.17,5.99,62.14,52.0,246567.0,28.61,10.54,15.24,Financials,,,,7.86,0.79,1.29,0.56,13.54,Equity : International,1% on or before 1Y,17.0
Franklin Build India Fund(G),Ajay Argal,EQ-INFRA,2,2848.5,2.0,Open Ended,2009-09-04,BSE India Infrastructure Index - TRI,140.28,148.58,108.59,-2.24,-5.42,-3.22,28.34,39.47,29.58,26.9,17.4,23.04,41.0,101163.0,50.63,8.39,34.83,Energy,,,,17.87,1.21,1.69,1.12,19.36,Equity : Sectoral - Infrastructure,1% on or before 1Y,16.0
Franklin India Arbitrage Fund-Reg(G),Rajasa Kakulavarapu,HY-ARB,Unrated,141.3,1.05,Open Ended,2024-11-19,Nifty 50 Arbitrage - TRI,10.07,10.07,10.0,0.6,-2.11,3.25,11.97,15.99,,,,73.55,60.0,226190.0,53.49,14.42,0.75,Financials,0.09,0.09,6.69,4.33,1.34,2.01,0.88,12.37,Hybrid : Arbitrage,0.25% on or before 30D Nil after 30D,1.0
Franklin India Balanced Advantage Fund-Reg(G),Rajasa Kakulavarapu,HY-DYN,Unrated,2428.3,1.96,Open Ended,2022-09-06,NIFTY 50 Hybrid Composite Debt 50:50 Index,14.12,14.15,12.1,0.81,0.1,3.29,15.59,17.62,,,,319.02,49.0,237958.0,47.17,8.36,10.56,Financials,2.88,2.4,7.44,8.24,1.67,2.49,0.93,6.57,Hybrid : Dynamic Asset Allocation,Nil upto 10% of units and 1% for remaining units on or before 1Y Nil after 1Y,3.0
Franklin India Banking & PSU Debt Fund(G),Chandni Gupta,DT-B&PSU,3,580.3,0.52,Open Ended,2014-04-25,NIFTY Banking and PSU Debt Index,21.51,21.51,19.97,0.64,1.65,3.98,7.72,7.27,5.92,6.07,7.16,0.0,50.0,156243.5,55.18,14.37,15.24,Not Applicable,4.15,2.73,7.42,3.02,6.51,13.48,0.21,0.56,Debt : Banking & PSU,Nil,11.0
Franklin India Bluechip Fund(G),Venkatesh Sanjeevi,EQ-LC,5,7847.5,1.84,Open Ended,1993-12-01,NIFTY 100 - TRI,1004.62,1072.65,828.65,-1.07,-6.57,1.57,16.82,19.9,12.23,16.09,11.27,77.98,47.0,291811.0,77.64,17.03,2.29,Financials,,,,8.16,0.98,1.56,0.86,12.76,Equity : Large Cap,1% on or before 1Y,32.0
Franklin India Corp Debt Fund-A(G),Anuj Tagra,DT-CORP,1,757.6,0.79,Open Ended,1997-06-23,NIFTY Corporate Bond Index,94.34,94.34,87.61,0.59,1.77,4.06,7.66,7.09,5.77,5.96,7.17,0.0,50.0,156243.5,55.18,14.37,15.24,Not Applicable,4.18,2.76,7.58,3.0,6.28,12.97,0.19,0.57,Debt : Corporate Bond,Nil,28.0
Franklin India Debt Hybrid Fund(G),Rohan Maru,HY-DT(CO),2,245.1,1.4,Open Ended,2000-09-28,CRISIL Hybrid 85+15 - Conservative Index,87.53,87.69,78.63,0.46,0.23,3.57,10.79,11.24,8.78,8.23,7.59,0.0,49.0,221165.0,15.48,2.9,3.89,Financials,4.23,3.2,7.34,4.49,1.81,2.69,0.66,3.56,Hybrid : Debt Oriented (Conservative),Nil,25.0
Franklin India Dynamic Asset Allocation FOFs(G),Rajasa Kakulavarapu,FOF-DOM,Unrated,1314.1,1.38,Open Ended,2003-10-31,CRISIL Hybrid 50+50 - Moderate Index,159.67,162.32,140.9,0.28,-1.16,3.12,13.01,17.2,13.76,13.08,10.35,74.54,50.0,156243.5,55.18,14.37,15.24,Not Applicable,,,,5.7,1.45,2.16,1.06,6.13,FoFs : Domestic,Nil for 10% of units on or before 1Y and For remaining investment 1% on or before 1Y and Nil after 1Y,22.0
Franklin India ELSS Tax Saver Fund(G),R. Janakiraman,EQ-ELSS,3,6889.6,1.8,Open Ended,1999-04-10,NIFTY 500 - TRI,1495.43,1556.69,1191.73,0.25,-4.13,3.23,22.82,27.81,19.94,20.68,13.82,26.59,55.0,251335.0,71.59,16.14,9.34,Financials,,,,13.28,1.3,1.92,0.93,13.85,Equity : Tax Saving (ELSS),Nil,26.0
Franklin India Equity Advantage Fund(G),Venkatesh Sanjeevi,EQ-L&M,3,3544.8,2.0,Open Ended,2005-03-02,NIFTY LargeMidcap 250 - TRI,183.32,198.32,148.68,-0.61,-6.67,1.75,19.18,23.09,13.8,18.03,11.87,106.44,51.0,124058.0,45.64,37.27,12.49,Financials,,,,10.66,1.08,1.64,0.87,13.92,Equity : Large & Mid Cap,1% on or before 1Y,20.0
Franklin India Equity Hybrid Fund(G),Rajasa Kakulavarapu,HY-EQ,4,2050.0,2.09,Open Ended,1999-12-10,CRISIL Hybrid 35+65 - Aggressive Index,267.92,272.84,223.77,0.49,-1.77,3.27,17.95,20.72,15.16,16.34,11.92,58.55,51.0,216241.0,47.36,8.8,12.22,Financials,3.15,2.36,7.78,8.82,1.31,1.91,1.54,10.16,Hybrid : Equity Oriented,Nil upto 10% of units on or before 1Y For excess units 1% on or before 1Y & Nil after 1Y,26.0
Franklin India Equity Savings Fund(G),Rajasa Kakulavarapu,HY-EQ,2,726.0,1.12,Open Ended,2018-08-27,NIFTY 50 Equity Savings Index,15.93,15.95,14.55,0.3,0.53,3.29,8.99,9.61,7.63,8.79,,697.54,59.0,328937.0,58.74,6.75,1.18,Financials,3.69,2.52,7.29,3.43,1.86,2.95,0.43,2.52,Hybrid : Equity Oriented,Nil,7.0
Franklin India Feeder - Franklin U.S. Opportunities Fund(G),Sandeep Manam,FOF-OVR,Unrated,3775.6,1.53,Open Ended,2012-02-06,Russell 3000 Growth Index,72.37,75.88,54.93,-1.86,3.51,7.33,27.13,32.32,6.89,15.88,14.3,4.01,50.0,156243.5,55.18,14.37,15.24,Not Applicable,,,,22.2,1.28,2.09,0.25,17.91,FoFs : Overseas,1% on or before 1Y,13.0
Franklin India Feeder - Templeton European Opportunities Fund(G),Sandeep Manam,FOF-OVR,Unrated,15.6,1.4,Open Ended,2014-05-16,MSCI Europe Index (Total Return Net),10.04,11.18,9.45,-1.13,-9.24,-1.63,-0.61,5.28,1.74,-0.04,1.35,4.98,50.0,156243.5,55.18,14.37,15.24,Not Applicable,,,,-7.11,-0.26,-0.42,1.16,14.58,FoFs : Overseas,1% on or before 1Y,11.0
Franklin India Flexi Cap Fund(G),R. Janakiraman,EQ-FLEX,4,17808.4,1.7,Open Ended,1994-09-29,NIFTY 500 - TRI,1643.57,1713.01,1318.7,0.22,-4.18,2.94,22.1,27.17,19.52,22.38,14.47,26.79,57.0,239092.0,69.66,16.86,9.78,Financials,,,,12.73,1.27,1.87,0.91,13.65,Equity : Flexi Cap,1% on or before 1Y,31.0
Franklin India Floating Rate Fund(G),Pallab Roy,DT-FL,2,301.8,0.96,Open Ended,2001-04-23,Nifty Short Duration Debt Index,38.97,38.97,36.04,0.48,1.56,3.99,8.11,7.72,6.54,5.76,6.13,0.0,50.0,156243.5,55.18,14.37,15.24,Not Applicable,6.0,1.38,7.49,3.7,7.06,16.18,0.11,0.57,Debt : Floater,Nil,24.0
Franklin India Focused Equity Fund(G),Ajay Argal,EQ-MLC,3,12183.3,1.76,Open Ended,2007-07-26,NIFTY 500 - TRI,106.86,115.08,87.43,-0.9,-6.81,-0.38,20.26,22.19,17.84,20.06,13.96,19.87,29.0,281586.0,76.03,14.54,5.1,Financials,4.82,3.33,14.04,11.14,1.17,1.77,0.9,13.41,Equity : Multi Cap,1% on or before 1Y,18.0
Franklin India G-Sec Fund(G),Anuj Tagra,DT-GILT,1,151.2,1.15,Open Ended,2001-12-07,Nifty All Duration G-Sec Index,56.42,56.43,52.43,0.51,1.16,4.11,7.43,6.41,5.08,5.12,5.9,0.0,50.0,156243.5,55.18,14.37,15.24,Not Applicable,6.27,3.37,6.84,1.69,2.94,5.54,0.52,1.1,Debt : Gilt,Nil,24.0
Franklin India Liquid Fund-Super Inst(G),Pallab Roy,DT-LIQ,4,2293.0,0.2,Open Ended,2005-09-02,Nifty Liquid Fund Index,3798.23,3798.23,3537.7,0.6,1.76,3.58,7.38,7.17,6.4,5.34,6.39,0.0,50.0,156243.5,55.18,14.37,15.24,Not Applicable,0.11,0.1,7.09,0.76,11.15,5.61,0.88,0.07,Debt : Liquid,0.007% for Day 1 0.0065% on Day 2 0.0060% on Day 3 0.0055% on Day 4 0.0050% on Day 5 0.0045% on Day 6 NIL after 7D,20.0
Franklin India Long Duration Fund-Reg(G),Chandni Gupta,DT-LD,Unrated,709.5,1.08,Open Ended,2024-12-11,CRISIL Long Duration Debt Index,10.0,10.01,9.98,0.31,-2.11,3.25,11.97,15.99,,,,18.0,50.0,156243.5,55.18,14.37,15.24,Not Applicable,,,,4.33,1.34,2.01,0.88,12.37,Debt : Long Duration,Nil,1.0
Franklin India Medium to Long Duration Fund-Reg(G),Chandni Gupta,DT-M&LD,Unrated,62.7,0.83,Open Ended,2024-09-24,CRISIL Medium to Long Term Debt Index,10.15,10.15,9.99,0.46,1.12,3.25,11.97,15.99,,,,0.0,50.0,156243.5,55.18,14.37,15.24,Not Applicable,8.14,4.24,7.33,4.33,1.34,2.01,0.88,12.37,Debt : Medium to Long Duration,Nil,1.0
Franklin India Money Market Fund(G),Rohan Maru,DT-MM,4,2271.5,0.29,Open Ended,2002-02-11,Nifty Money Market Index,48.24,48.24,44.84,0.64,1.78,3.68,7.62,7.45,6.44,5.77,6.83,0.0,50.0,156243.5,55.18,14.37,15.24,Not Applicable,0.42,0.39,7.44,3.48,10.99,22.8,0.03,0.33,Debt : Money Market,Nil,23.0
Franklin India Multi Cap Fund-Reg(G),R. Janakiraman,EQ-MLC,Unrated,4597.2,1.81,Open Ended,2024-07-29,Nifty500 Multicap 50:25:25 - TRI,10.31,10.66,9.67,0.76,-3.13,3.25,11.97,15.99,,,,9.63,66.0,83430.0,42.97,22.04,30.33,Financials,,,,4.33,1.34,2.01,0.88,12.37,Equity : Multi Cap,1% before 1Y,1.0
Franklin India Multi-Asset Solution FoF(G),Rajasa Kakulavarapu,FOF-DOM,Unrated,60.1,1.44,Open Ended,2014-11-28,NIFTY 500 - TRI,18.95,19.43,16.75,-0.13,-1.86,2.47,11.89,13.39,10.11,7.59,6.56,40.13,50.0,156243.5,55.18,14.37,15.24,Not Applicable,,,,5.64,1.35,2.21,0.71,5.76,FoFs : Domestic,1% on or before 3Y Nil after 3Y,11.0
Franklin India NSE Nifty 50 Index Fund(G),Shyam Sundar Sriram,EQ-INDX,2,698.4,0.63,Open Ended,2000-08-04,NIFTY 50,193.93,209.98,169.29,-1.65,-7.92,-1.42,9.88,15.74,12.18,14.82,11.3,8.61,50.0,555830.0,98.38,1.24,15.24,Financials,,,,1.49,0.47,0.71,0.99,13.92,Equity : Index Funds,Nil,25.0
Franklin India Opportunities Fund(G),R. Janakiraman,EQ-THEM,3,5904.9,1.8,Open Ended,2000-02-21,NIFTY 500 - TRI,255.38,261.13,182.81,0.61,-2.4,2.7,37.41,46.28,28.05,27.96,16.7,63.97,63.0,71933.0,41.53,11.82,40.44,Healthcare,,,,25.55,1.95,2.88,0.85,15.28,Equity : Thematic,1% on or before 1Y,25.0
Franklin India Overnight Fund(G),Pallab Roy,DT-ON,2,308.1,0.15,Open Ended,2019-05-08,Nifty 1D Rate Index,1307.34,1307.34,1226.46,0.55,1.61,3.23,6.62,6.58,5.93,4.8,,0.0,50.0,156243.5,55.18,14.37,15.24,Not Applicable,0.01,0.01,6.63,0.28,32.37,1.98,0.88,0.01,Debt : Overnight,Nil,6.0
Franklin India Pension Plan(G),Anuj Tagra,HY-SOL,2,518.5,2.26,Open Ended,1997-03-31,CRISIL Short Term Debt Hybrid 60+40 Index,213.91,214.55,188.15,0.52,-0.32,3.48,12.75,13.66,10.2,9.69,8.51,0.0,49.0,212748.0,26.59,5.05,6.84,Financials,2.38,2.07,7.58,5.62,1.46,2.14,0.93,5.73,Hybrid : Solution Oriented,3% on or beofre the 58Y of age Nil after age of 58Y,28.0
Franklin India Prima Fund(G),R. Janakiraman,EQ-MID,2,12441.5,1.76,Open Ended,1993-12-01,Nifty Midcap 150 - TRI,2802.08,2856.59,2072.9,1.31,-2.57,4.95,31.91,34.81,23.1,23.52,15.87,23.91,78.0,58660.0,14.89,62.88,20.05,Financials,,,,21.14,1.62,2.48,0.89,15.84,Equity : Mid Cap,1% on or before 1Y,32.0
Franklin India Smaller Cos Fund(G),R. Janakiraman,EQ-SML,1,14045.3,1.73,Open Ended,2006-01-13,Nifty Smallcap 250 - TRI,181.9,188.14,139.74,0.52,-3.15,-0.91,23.55,37.41,25.2,29.06,17.25,27.73,93.0,19008.0,4.68,12.86,76.42,Financials,,,,15.04,1.19,1.73,0.8,16.09,Equity : Small Cap,1% on or before 1Y,19.0
Franklin India ST Income Plan(G),Santosh Kamath,DT-SD,1,12.5,1.08,Open Ended,2002-01-31,CRISIL Short Term Bond Index,5149.41,5149.41,5149.41,0.0,0.0,0.0,0.0,3.37,5.09,4.75,6.27,0.0,50.0,156243.5,55.18,14.37,15.24,Not Applicable,1.17,1.05,10.88,-4.11,-133.56,-78.85,0.88,12.37,Debt : Short Duration,Nil,23.0
Franklin India Technology Fund(G),R. Janakiraman,EQ-TECH,Unrated,1950.1,2.03,Open Ended,1998-08-22,BSE TECk Index - TRI,547.91,570.03,417.35,1.03,0.02,9.22,28.81,39.37,14.78,26.74,17.42,67.58,29.0,275044.0,63.35,7.36,16.34,Technology,,,,19.4,1.55,2.81,0.68,14.68,Equity : Sectoral - Technology,1% on or before 1Y,27.0
Franklin India Ultra Short Duration Fund-Reg(G),Rohan Maru,DT-USD,Unrated,216.3,0.73,Open Ended,2024-08-29,NIFTY Ultra Short Duration Debt Index,10.24,10.24,10.0,0.57,1.68,3.25,11.97,15.99,,,,0.0,50.0,156243.5,55.18,14.37,15.24,Not Applicable,0.65,0.38,7.37,4.33,1.34,2.01,0.88,12.37,Debt : Ultra Short Duration,Nil,1.0
Groww Aggressive Hybrid Fund-Reg(G),Anupam Tiwari,HY-EQ,Unrated,46.0,2.3,Open Ended,2018-12-13,CRISIL Hybrid 35+65 - Aggressive Index,20.43,21.7,17.86,-1.74,-5.66,-2.16,12.41,15.65,11.75,12.87,,158.0,30.0,371037.0,64.21,3.21,2.55,Financials,,,,2.6,0.72,1.07,1.97,11.61,Hybrid : Equity Oriented,1% on or before 7D Nil after 7D,7.0
Groww Banking & Financial Services Fund-Reg(G),Anupam Tiwari,EQ-FIN,Unrated,47.7,2.3,Open Ended,2024-02-06,Nifty Financial Services - TRI,11.15,11.53,9.81,-0.3,-2.25,0.63,11.97,15.99,,,,65.0,28.0,230740.0,68.07,9.51,18.87,Financials,,,,4.33,1.34,2.01,0.88,12.37,Equity : Sectoral - Financial Services,1% on or before 30D Nil after 30D,1.0
Groww Dynamic Bond Fund-Reg(G),Kaustubh Sule,DT-DYN,Unrated,52.4,1.45,Open Ended,2018-12-04,CRISIL Dynamic Bond Index,1414.96,1417.2,1322.4,0.32,0.56,3.57,6.81,6.08,4.97,5.12,,0.0,50.0,156243.5,55.18,14.37,15.24,Not Applicable,17.07,6.77,6.99,0.55,1.89,3.33,0.71,1.41,Debt : Dynamic Bond,Nil,7.0
Groww ELSS Tax Saver Fund-Reg(G),Anupam Tiwari,EQ-ELSS,Unrated,50.0,2.25,Open Ended,2017-12-28,BSE 500 - TRI,20.52,21.68,16.97,-0.93,-4.87,0.74,18.49,22.4,15.51,15.01,,134.0,46.0,86978.0,45.43,24.81,23.99,Financials,,,,9.42,0.92,1.37,0.97,15.49,Equity : Tax Saving (ELSS),Nil,8.0
Groww Gold ETF,Wilfred Gonsalves,GOLD-ETF,Unrated,55.6,0.51,Open Ended,2024-10-22,Gold-India,76.69,79.3,73.44,-0.16,-2.11,3.25,11.97,15.99,,,,18.0,50.0,156243.5,55.18,14.37,15.24,Not Applicable,,,,4.33,1.34,2.01,0.88,12.37,Gold : ETFs,,1.0
Groww Gold ETF FOF-Reg(G),Wilfred Gonsalves,GOLD-MF,Unrated,14.8,0.55,Open Ended,2024-11-06,Gold-India,9.75,10.0,9.43,-0.31,-2.11,3.25,11.97,15.99,,,,18.0,50.0,156243.5,55.18,14.37,15.24,Not Applicable,,,,4.33,1.34,2.01,0.88,12.37,Gold : MFs,1% on or before 30D Nil after 30D,1.0
Groww Largecap Fund-Reg(G),Anupam Tiwari,EQ-LC,Unrated,127.2,2.42,Open Ended,2012-02-10,NIFTY 100 - TRI,42.02,45.73,36.24,-2.08,-8.09,-4.08,13.13,18.22,13.55,13.04,11.23,161.0,31.0,322282.0,86.18,3.62,3.16,Financials,,,,4.26,0.63,0.94,1.02,15.05,Equity : Large Cap,1% on or before 7D Nil after 7D,13.0
Groww Liquid Fund-Reg(G),Kaustubh Sule,DT-LIQ,4,154.1,0.2,Open Ended,2011-10-25,CRISIL Liquid Debt Index,2440.38,2440.38,2273.59,0.59,1.75,3.55,7.36,7.05,6.24,5.13,6.24,0.0,4.0,156243.5,55.18,14.37,15.24,Not Applicable,0.06,0.07,7.1,1.74,10.68,13.31,0.88,0.16,Debt : Liquid,0.007% for Day 1 0.0065% on Day 2 0.0060% on Day 3 0.0055% on Day 4 0.0050% on Day 5 0.0045% on Day 6 NIL on or after 7D,14.0
Groww Multicap Fund-Reg(G),Anupam Tiwari,EQ-MLC,Unrated,709.5,1.08,Open Ended,2024-12-16,Nifty500 Multicap 50:25:25 - TRI,10.07,10.07,9.92,0.31,-2.11,3.25,11.97,15.99,,,,18.0,50.0,156243.5,55.18,14.37,15.24,,,,,4.33,1.34,2.01,0.88,12.37,Equity : Multi Cap,1% on or before 1Y Nil after 1Y,1.0
Groww Nifty 1D Rate Liquid ETF,Kaustubh Sule,DT-ETF,Unrated,41.2,0.29,Open Ended,2024-09-24,Nifty 1D Rate Index,101.82,101.82,100.0,0.56,1.6,3.25,11.97,15.99,,,,0.0,50.0,156243.5,55.18,14.37,15.24,Not Applicable,0.01,0.01,6.68,4.33,1.34,2.01,0.88,12.37,Debt : ETFs,,1.0
Groww Nifty EV & New Age Automotive ETF,Abhishek Jain,EQ-ETF,Unrated,223.8,0.47,Open Ended,2024-08-07,Nifty EV and New Age Automotive - TRI,30.51,35.3,29.41,-2.0,-14.43,3.25,11.97,15.99,,,,9.0,33.0,102156.0,51.52,34.29,14.09,Automobile and Ancillaries,,,,4.33,1.34,2.01,0.88,12.37,Equity : ETFs,,1.0
Groww Nifty EV & New Age Automotive ETF FOF-Reg(G),Abhishek Jain,FOF-DOM,Unrated,109.8,0.62,Open Ended,2024-08-12,Nifty EV and New Age Automotive - TRI,9.38,10.92,9.06,-1.96,-14.55,3.25,11.97,15.99,,,,18.0,50.0,156243.5,55.18,14.37,15.24,Not Applicable,,,,4.33,1.34,2.01,0.88,12.37,FoFs : Domestic,1% on or before 30D Nil after 30D,1.0
Groww Nifty India Defence ETF,Abhishek Jain,EQ-ETF,Unrated,76.2,0.43,Open Ended,2024-10-08,Nifty India Defence - TRI,65.74,70.19,59.77,-2.52,-2.11,3.25,11.97,15.99,,,,18.0,16.0,77368.0,41.53,35.53,22.81,Capital Goods,,,,4.33,1.34,2.01,0.88,12.37,Equity : ETFs,,1.0
Groww Nifty India Defence ETF FOF-Reg(G),Abhishek Jain,FOF-DOM,Unrated,27.0,0.63,Open Ended,2024-10-11,Nifty India Defence - TRI,9.72,10.39,8.87,-2.14,-2.11,3.25,11.97,15.99,,,,18.0,50.0,156243.5,55.18,14.37,15.24,Not Applicable,,,,4.33,1.34,2.01,0.88,12.37,FoFs : Domestic,1% on or before 30D Nil after 30D,1.0
Groww Nifty Non-Cyclical Consumer Index Fund-Reg(G),Abhishek Jain,EQ-INDX,Unrated,45.6,1.0,Open Ended,2024-05-22,Nifty Non-Cyclical Consumer - TRI,11.07,12.38,9.73,-0.32,-10.19,3.58,11.97,15.99,,,,6.0,30.0,233584.0,82.73,15.65,1.66,FMCG,,,,4.33,1.34,2.01,0.88,12.37,Equity : Index Funds,1% on or before 30D Nil after 30D,1.0
Groww Nifty Smallcap 250 Index Fund-Reg(G),Abhishek Jain,EQ-INDX,Unrated,95.0,1.05,Open Ended,2024-02-29,Nifty Smallcap 250 - TRI,11.94,12.38,9.0,0.97,-3.55,2.78,11.97,15.99,,,,32.0,250.0,19551.0,55.18,8.01,92.08,Financials,,,,4.33,1.34,2.01,0.88,12.37,Equity : Index Funds,0.25% on or before 7D Nil after 7D,1.0
Groww Nifty Total Market Index Fund-Reg(G),Abhishek Jain,EQ-INDX,Unrated,254.9,1.05,Open Ended,2023-10-23,Nifty Total Market - TRI,13.5,14.48,11.36,-0.93,-7.31,-0.96,15.59,15.99,,,,12.0,752.0,195010.0,67.97,17.92,14.07,Financials,,,,6.96,0.8,1.15,1.0,15.04,Equity : Index Funds,0.25% on or before 7D Nil after 7D,2.0
Groww Overnight Fund-Reg(G),Kaustubh Sule,DT-ON,Unrated,26.4,0.24,Open Ended,2019-07-08,CRISIL Liquid Overnight Index,1290.53,1290.53,1211.15,0.54,1.59,3.21,6.57,6.44,5.79,4.71,,0.0,50.0,156243.5,55.18,14.37,15.24,Not Applicable,0.01,0.01,6.68,1.13,8.26,10.95,0.88,0.14,Debt : Overnight,Nil,6.0
Groww Short Duration Fund-Reg(G),Kaustubh Sule,DT-SD,Unrated,58.8,1.6,Open Ended,2013-09-13,CRISIL Short Duration Debt Index,1993.08,1993.17,1867.2,0.5,1.28,3.54,6.75,6.11,4.74,4.59,5.96,0.0,50.0,156243.5,55.18,14.37,15.24,Not Applicable,3.38,2.74,7.18,1.86,4.31,8.98,0.28,0.62,Debt : Short Duration,Nil,12.0
Groww Value Fund-Reg(G),Anupam Tiwari,EQ-VAL,Unrated,46.7,2.3,Open Ended,2015-09-07,NIFTY 500 - TRI,25.87,27.68,22.56,-2.38,-6.7,-1.72,11.97,21.78,14.85,16.87,,103.0,36.0,176329.0,64.9,12.79,15.81,Financials,,,,3.58,0.57,0.83,0.96,14.84,Equity : Value / Contra,1% on or before 1Y Nil after 1Y,10.0
HDFC Arbitrage-WP(G),Arun Agarwal,HY-ARB,2,16790.6,0.93,Open Ended,2007-10-23,Nifty 50 Arbitrage,29.66,29.66,27.57,0.69,1.86,3.54,7.65,7.45,6.35,5.25,5.75,304.88,156.0,234004.0,58.77,15.07,3.4,Financials,0.49,0.44,7.43,3.65,3.44,8.28,-0.07,1.0,Hybrid : Arbitrage,0.25% on or before 1M Nil after 1M,18.0
HDFC Asset Allocator FoF-Reg(G),Srinivasan Ramamurthy,FOF-DOM,Unrated,3397.8,1.15,Open Ended,2021-05-05,NIFTY 50 Hybrid Composite Debt 65:35 Index,17.12,17.46,14.87,-0.25,-2.05,2.81,14.12,17.71,14.91,,,18.0,50.0,156243.5,55.18,14.37,15.24,Not Applicable,,,,5.92,1.41,2.06,1.27,6.83,FoFs : Domestic,Nil upto 15% of units and 1% for remaining units on or before 1Y Nil after 1Y,4.0
HDFC Balanced Advantage Fund(G),Gopal Agrawal,HY-DYN,4,95569.9,1.35,Open Ended,2000-09-11,NIFTY 50 Hybrid Composite Debt 50:50 Index,504.01,517.12,428.38,-0.46,-2.78,1.08,16.64,24.03,22.45,19.8,14.21,21.71,161.0,277334.0,53.13,6.64,6.82,Financials,7.82,4.21,7.27,6.8,1.15,1.58,1.96,10.89,Hybrid : Dynamic Asset Allocation,Nil upto 15% of Units For excess Units 1% on or before 1Y and Nil after 1Y,25.0
HDFC Banking & Financial Services Fund-Reg(G),Anand Laddha,EQ-FIN,Unrated,3687.2,1.9,Open Ended,2021-07-01,Nifty Financial Services - TRI,15.76,16.73,13.5,-0.52,-4.47,-1.62,10.35,16.21,16.04,,,20.07,33.0,220154.0,65.72,15.23,17.76,Financials,,,,2.24,0.46,0.65,1.04,16.5,Equity : Sectoral - Financial Services,1% on or before 30D Nil after 30D,4.0
HDFC Banking and PSU Debt Fund-Reg(G),Anil Bamboli,DT-B&PSU,4,5881.5,0.79,Open Ended,2014-03-26,NIFTY Banking and PSU Debt Index,22.02,22.02,20.42,0.54,1.46,3.95,7.82,7.32,5.96,6.38,7.48,0.0,50.0,156243.5,55.18,14.37,15.24,Not Applicable,5.27,3.69,7.42,2.7,5.15,9.78,0.35,0.73,Debt : Banking & PSU,Nil,11.0
HDFC BSE 500 ETF,Abhishek Mor,EQ-ETF,Unrated,15.1,0.3,Open Ended,2023-02-15,BSE 500 - TRI,36.37,39.14,30.57,-1.07,-7.59,-1.23,15.64,15.99,,,,62.81,501.0,224480.0,71.41,18.07,10.47,Financials,,,,7.31,0.8,1.16,1.0,14.9,Equity : ETFs,,2.0
HDFC BSE 500 Index Fund-Reg(G),Nirman Morakhia,EQ-INDX,Unrated,195.6,0.81,Open Ended,2023-04-21,BSE 500 - TRI,15.16,16.33,12.86,-1.11,-7.66,-1.56,14.56,15.99,,,,27.76,501.0,224537.0,71.41,18.05,10.47,Financials,,,,6.02,0.74,1.08,1.0,14.85,Equity : Index Funds,Nil,2.0
HDFC BSE Sensex ETF,Abhishek Mor,EQ-ETF,Unrated,465.4,0.05,Open Ended,2015-12-09,BSE SENSEX - TRI,88.99,807.26,78.33,-1.63,-6.69,-0.81,9.84,15.69,12.46,15.21,,21.9,30.0,684545.0,99.27,0.72,15.24,Financials,,,,1.79,0.46,0.72,0.99,13.84,Equity : ETFs,,10.0
HDFC BSE Sensex Index Fund(G)(Post Addendum),Nirman Morakhia,EQ-INDX,2,7812.8,0.36,Open Ended,2002-07-17,BSE SENSEX - TRI,735.66,789.41,642.5,-1.67,-6.77,-0.98,9.49,15.27,12.03,14.71,11.95,7.46,30.0,684545.0,99.28,0.72,15.24,Financials,,,,1.08,0.44,0.68,1.0,13.9,Equity : Index Funds,0.25% on or before 3D Nil after 3D,23.0
HDFC Business Cycle Fund-Reg(G),Rahul Baijal,EQ-THEM,Unrated,3011.5,1.95,Open Ended,2022-11-30,NIFTY 500 - TRI,14.63,15.6,12.55,0.04,-5.59,1.09,14.08,21.41,,,,32.36,62.0,158414.0,61.12,12.76,19.51,Financials,,,,5.82,0.76,1.11,0.9,13.56,Equity : Thematic,1% on or before 1Y Nil after 1Y,3.0
HDFC Capital Builder Value Fund(G),Anand Laddha,EQ-VAL,2,7384.1,1.84,Open Ended,1994-02-01,NIFTY 500 - TRI,723.08,772.62,585.68,-1.01,-6.53,0.86,21.09,25.75,18.12,20.01,13.76,19.27,89.0,159002.0,65.67,13.75,19.53,Financials,,,,11.79,1.15,1.67,0.94,14.42,Equity : Value / Contra,1% on or before 1Y Nil after 1Y,31.0
HDFC Charity Fund for Cancer Cure-Reg(50% IDCW Donation Option),Anil Bamboli,DT-FMP,Unrated,189.8,1.08,Closed Ended,2023-08-14,NIFTY Medium Duration Debt Index,10.15,10.46,10.04,0.58,1.58,3.97,8.32,15.99,,,,0.0,50.0,156243.5,55.18,14.37,15.24,Not Applicable,1.79,1.63,7.04,3.63,6.03,13.57,0.19,0.7,Debt : FTP/FMP,,2.0
HDFC Childrens Fund,Chirag Setalvad,HY-SOL,4,9937.5,1.73,Open Ended,2001-03-02,NIFTY 50 Hybrid Composite Debt 65:35 Index,294.42,299.86,249.47,-0.08,-2.07,2.47,16.3,21.8,16.66,18.52,13.55,13.27,46.0,126151.0,37.5,1.16,27.18,Financials,9.6,4.7,7.09,6.02,1.15,1.66,1.97,10.26,Hybrid : Solution Oriented,Nil,24.0
HDFC Corp Bond Fund(G),Anupam Joshi,DT-CORP,4,32841.1,0.61,Open Ended,2010-06-29,NIFTY Corporate Bond Index,31.14,31.14,28.7,0.51,1.51,4.22,8.5,7.85,6.3,6.87,7.68,0.0,50.0,156243.5,55.18,14.37,15.24,Not Applicable,6.12,3.95,7.44,3.43,6.26,11.42,0.33,0.7,Debt : Corporate Bond,Nil,15.0
HDFC Credit Risk Debt Fund-(G),Shobhit Mehrotra,DT-CR,5,7404.3,1.58,Open Ended,2014-03-25,NIFTY Credit Risk Bond Index,23.05,23.05,21.32,0.48,1.44,4.11,8.16,7.42,6.18,7.24,7.66,0.0,50.0,156243.5,55.18,14.37,15.24,Not Applicable,3.09,2.11,8.46,3.45,5.34,10.04,0.23,0.77,Debt : Credit Risk,Nil for 15% of Units For excess of limits 1% on or before 12M and 0.50% after 12M but on or before 18M Nil after 18M,11.0
HDFC Defence Fund-Reg(G),Abhishek Poddar,EQ-THEM,Unrated,4609.6,1.86,Open Ended,2023-06-02,Nifty India Defence - TRI,21.65,24.86,15.0,-3.11,-0.56,-8.99,40.74,15.99,,,,22.13,21.0,51791.0,49.18,7.9,42.02,Capital Goods,,,,29.11,1.23,1.78,1.27,28.96,Equity : Thematic,1% on or before 1Y Nil after 1Y,2.0
HDFC Developed World Indexes FoF-Reg(G),Nirman Morakhia,FOF-OVR,Unrated,1286.7,0.63,Open Ended,2021-10-06,MSCI World,14.5,14.71,11.62,0.31,3.34,9.3,22.04,22.58,10.64,,,18.0,50.0,156243.5,55.18,14.37,15.24,Not Applicable,,,,15.12,1.65,2.7,0.56,10.14,FoFs : Overseas,1% on or before 30D Nil after 30D,4.0
HDFC Dividend Yield Fund-Reg(G),Gopal Agrawal,EQ-DIV,Unrated,6140.2,1.8,Open Ended,2020-12-18,NIFTY 500 - TRI,24.96,26.9,20.98,-0.91,-7.89,-1.21,16.02,27.36,20.38,,,15.12,117.0,142612.0,64.44,10.11,23.76,Financials,,,,7.86,0.83,1.18,1.0,15.53,Equity : Thematic - Dividend Yield,1% on or before 1Y Nil after 1Y,5.0
HDFC Dynamic Debt Fund(G),Anil Bamboli,DT-DYN,4,790.8,1.52,Open Ended,1997-04-28,NIFTY Composite Debt Index,86.21,86.39,79.35,0.28,0.41,3.85,8.54,7.59,5.55,6.57,6.29,0.0,50.0,156243.5,55.18,14.37,15.24,Not Applicable,15.84,7.59,7.1,1.54,2.43,3.96,0.95,1.79,Debt : Dynamic Bond,Nil,28.0
HDFC Dynamic PE Ratio FOF-Reg(G),Srinivasan Ramamurthy,FOF-DOM,Unrated,49.0,1.0,Open Ended,2012-02-06,NIFTY 50 Hybrid Composite Debt 65:35 Index,39.7,40.2,34.9,0.18,-1.58,3.05,12.96,17.9,14.4,15.62,11.17,0.0,50.0,156243.5,55.18,14.37,15.24,Not Applicable,2.95,2.16,,4.91,1.26,1.8,1.27,6.88,FoFs : Domestic,1% on or before 1Y Nil after 1Y,13.0
HDFC ELSS Tax saver(G),Roshi Jain,EQ-ELSS,2,15945.0,1.71,Open Ended,1996-03-31,NIFTY 500 - TRI,1346.32,1434.89,1088.15,-1.05,-6.08,0.9,21.79,27.94,21.96,20.7,12.68,40.8,51.0,244307.0,74.91,6.66,10.66,Financials,,,,12.5,1.34,2.04,0.84,12.51,Equity : Tax Saving (ELSS),Nil,29.0
HDFC Equity Savings Fund(G),Srinivasan Ramamurthy,HY-EQ,2,5516.2,1.89,Open Ended,2004-09-17,NIFTY 50 Equity Savings Index - TRI,63.96,64.88,57.72,-0.1,-1.51,2.17,10.33,12.22,10.2,11.05,9.36,22.56,68.0,332765.0,58.03,3.56,4.31,Financials,4.0,2.82,7.19,3.48,1.27,1.84,0.91,4.84,Hybrid : Equity Oriented,NIL upto 15% of investment and 1% in excess of 15% of investment on or before 1M NIL after 1M,21.0
HDFC Flexi Cap Fund(G),Roshi Jain,EQ-FLEX,3,66304.2,1.42,Open Ended,1995-01-01,NIFTY 500 - TRI,1891.42,1980.58,1503.01,-0.93,-4.43,3.01,23.83,27.65,24.65,22.59,14.77,37.16,53.0,262039.0,72.4,3.91,10.97,Financials,1.14,0.92,6.78,14.39,1.54,2.33,0.8,11.99,Equity : Flexi Cap,1% on or before 1Y Nil after 1Y,30.0
HDFC Floating Rate Debt Fund(G),Shobhit Mehrotra,DT-FL,3,15103.9,0.49,Open Ended,2007-10-23,CRISIL Short Duration Debt Index,47.85,47.85,44.22,0.56,1.79,4.07,8.26,7.95,6.82,6.71,7.4,0.0,50.0,156243.5,55.18,14.37,15.24,Not Applicable,4.33,1.36,7.71,3.91,9.32,20.11,0.09,0.45,Debt : Floater,Nil,18.0
HDFC FMP-Sr 46-1158D-July 2022-Reg(G),Anupam Joshi,DT-FMP,Unrated,160.6,1.08,Closed Ended,2022-07-26,CRISIL Medium Duration Debt Index,11.78,11.78,10.98,0.52,1.47,3.48,7.33,7.08,,,,0.0,50.0,156243.5,55.18,14.37,15.24,Not Applicable,0.65,0.62,6.86,2.97,7.49,17.19,0.1,0.44,Debt : FTP/FMP,,3.0
HDFC FMP-Sr 46-1162D-Mar 2022-Reg(G),Anupam Joshi,DT-FMP,Unrated,32.2,1.08,Closed Ended,2022-03-15,NIFTY Medium Duration Debt Index,11.71,11.71,10.9,0.56,1.58,3.52,7.41,7.19,,,,0.0,50.0,156243.5,55.18,14.37,15.24,Not Applicable,0.35,0.34,6.71,3.2,9.33,20.8,0.05,0.36,Debt : FTP/FMP,,3.0
HDFC FMP-Sr 46-1359D-Sep 2022-Reg(G),Anupam Joshi,DT-FMP,Unrated,314.9,1.08,Closed Ended,2022-10-11,NIFTY Medium Duration Debt Index,11.76,11.76,10.93,0.61,1.57,3.79,7.58,7.35,,,,0.0,50.0,156243.5,55.18,14.37,15.24,Not Applicable,1.41,1.36,6.86,2.82,5.44,11.86,0.22,0.64,Debt : FTP/FMP,,3.0
HDFC FMP-Sr 46-1406D-Aug 2022-Reg(G),Anupam Joshi,DT-FMP,Unrated,245.1,1.08,Closed Ended,2022-08-25,NIFTY Long Duration Debt Index,11.72,11.72,10.87,0.55,1.54,3.8,7.82,7.4,,,,0.0,50.0,156243.5,55.18,14.37,15.24,Not Applicable,1.4,1.3,6.99,3.23,5.9,14.53,0.16,0.63,Debt : FTP/FMP,,3.0
HDFC FMP-Sr 46-1861D-Mar 2022-Reg(G),Anupam Joshi,DT-FMP,Unrated,451.0,1.08,Closed Ended,2022-03-09,NIFTY Medium to Long Duration Debt Index,11.84,11.84,10.95,0.57,1.54,3.99,8.28,7.71,,,,0.0,50.0,156243.5,55.18,14.37,15.24,Not Applicable,2.22,2.03,7.01,3.2,5.55,12.65,0.29,0.73,Debt : FTP/FMP,,3.0
HDFC FMP-Sr 46-1876D-Mar 2022-Reg(G),Anupam Joshi,DT-FMP,Unrated,31.6,1.08,Closed Ended,2022-03-29,NIFTY Medium to Long Duration Debt Index,11.81,11.81,10.92,0.53,1.51,3.99,8.14,7.79,,,,0.0,50.0,156243.5,55.18,14.37,15.24,Not Applicable,2.26,2.06,7.0,3.07,5.73,13.62,0.3,0.69,Debt : FTP/FMP,,3.0
HDFC FMP-Sr 47-1204D-Dec 2022-Reg(G),Anupam Joshi,DT-FMP,Unrated,51.2,1.08,Closed Ended,2022-12-27,NIFTY Medium Duration Debt Index,11.49,11.49,10.72,0.57,1.49,3.61,7.24,7.13,,,,0.0,50.0,156243.5,55.18,14.37,15.24,Not Applicable,1.32,1.24,6.82,2.6,5.53,12.81,0.2,0.58,Debt : FTP/FMP,,3.0
HDFC FMP-Sr 47-1269D-March 2023-Reg(G),Anupam Joshi,DT-FMP,Unrated,76.0,1.08,Closed Ended,2023-03-21,NIFTY Medium Duration Debt Index,11.34,11.34,10.53,0.58,1.56,3.87,7.74,15.99,,,,0.0,50.0,156243.5,55.18,14.37,15.24,Not Applicable,1.75,1.69,6.87,2.8,4.76,10.35,0.28,0.77,Debt : FTP/FMP,,2.0
HDFC FMP-Sr 47-2638D-Feb 2023-Reg(G),Anupam Joshi,DT-FMP,Unrated,151.0,1.08,Closed Ended,2023-02-23,NIFTY Long Duration Debt Index,11.75,11.77,10.75,0.51,1.24,4.71,9.15,15.99,,,,0.0,50.0,156243.5,55.18,14.37,15.24,Not Applicable,5.19,4.94,6.95,2.55,2.99,5.65,0.83,1.67,Debt : FTP/FMP,,2.0
HDFC Focused 30 Fund(G),Roshi Jain,EQ-MLC,2,15520.7,1.67,Open Ended,2004-09-17,NIFTY 500 - TRI,218.46,228.88,173.45,-1.31,-4.2,2.86,24.35,27.4,24.41,22.6,13.84,32.26,30.0,206010.0,63.45,4.15,15.68,Financials,,,,15.02,1.66,2.52,0.74,11.33,Equity : Multi Cap,1% on or before 1Y Nil after 1Y,21.0
HDFC Gilt Fund(G),Anil Bamboli,DT-GILT,2,2857.2,0.89,Open Ended,2001-07-25,Nifty All Duration G-Sec Index,53.11,53.21,48.82,0.36,0.53,4.13,8.67,7.85,5.77,5.95,6.78,0.0,50.0,156243.5,55.18,14.37,15.24,Not Applicable,15.22,7.89,7.01,1.39,2.28,3.87,1.04,1.96,Debt : Gilt,Nil,24.0
HDFC Gold ETF,Bhagyesh Kagalkar,GOLD-ETF,Unrated,6429.4,0.59,Open Ended,2010-08-13,Gold-India,66.66,68.71,53.64,-0.72,0.7,5.42,19.31,16.88,15.85,13.48,9.83,18.0,50.0,156243.5,55.18,14.37,15.24,Not Applicable,,,,15.4,1.07,1.57,-0.07,14.24,Gold : ETFs,Nil,15.0
HDFC Gold ETF FoF(G),Nirman Morakhia,GOLD-MF,Unrated,2714.5,0.49,Open Ended,2011-11-01,Gold-India,23.33,24.18,18.88,0.04,1.18,5.81,19.31,16.52,15.48,13.14,9.68,18.0,50.0,156243.5,55.18,14.37,15.24,Not Applicable,,,,14.14,1.15,1.91,0.25,12.91,Gold : MFs,1% on or before 15D Nil after 15D,14.0
HDFC Housing Opp Fund-Reg(G),Srinivasan Ramamurthy,EQ-INFRA,1,1408.4,2.19,Open Ended,2017-12-06,Nifty Housing - TRI,22.51,24.67,19.31,-0.96,-8.96,-7.47,13.55,25.79,21.73,18.82,,6.3,36.0,113455.0,60.3,7.77,31.7,Financials,,,,5.29,0.57,0.8,1.13,19.17,Equity : Sectoral - Infrastructure,1% on or before 30D Nil after 30D,8.0
HDFC Hybrid Debt Fund(G),Srinivasan Ramamurthy,HY-DT(CO),4,3322.3,1.76,Open Ended,2003-12-26,NIFTY 50 Hybrid Composite Debt 15:85 Index,79.43,80.02,71.69,-0.02,-0.81,2.75,10.47,12.25,10.17,10.71,8.79,0.0,39.0,334329.0,17.97,1.98,1.92,Financials,9.1,5.08,7.4,3.43,1.57,2.25,0.99,4.07,Hybrid : Debt Oriented (Conservative),Nil for 15% of investment and 1% for remaining Investment on or before 1Y Nil after 1Y,22.0
HDFC Hybrid Equity Fund(G),Chirag Setalvad,HY-EQ,4,24184.8,1.68,Open Ended,2005-04-06,NIFTY 50 Hybrid Composite Debt 65:35 Index,115.35,118.72,100.45,-0.52,-2.76,1.07,13.16,15.66,13.53,15.58,10.11,34.81,40.0,253687.0,48.35,3.23,16.06,Financials,10.44,5.53,7.48,3.91,0.9,1.31,1.75,9.99,Hybrid : Equity Oriented,Nil upto 15% of Units For excess Units 1% on or before 1Y and Nil after 1Y,20.0
HDFC Income Fund(G),Shobhit Mehrotra,DT-M&LD,2,860.8,1.39,Open Ended,2000-09-11,CRISIL Medium to Long Term Debt Index,55.74,55.81,51.07,0.36,0.63,3.91,9.02,7.45,5.22,5.33,6.0,0.0,50.0,156243.5,55.18,14.37,15.24,Not Applicable,11.35,6.7,7.09,1.66,2.5,4.32,1.04,1.9,Debt : Medium to Long Duration,Nil,25.0
HDFC Infrastructure Fund(G),Srinivasan Ramamurthy,EQ-INFRA,1,2496.2,2.06,Open Ended,2008-03-10,BSE India Infrastructure Index - TRI,46.98,50.26,37.93,-0.91,-6.65,-3.66,22.61,38.12,32.01,24.38,10.99,13.52,62.0,71453.0,44.82,7.43,41.26,Infrastructure,,,,14.21,1.05,1.47,1.03,18.45,Equity : Sectoral - Infrastructure,1% on or before 30D Nil after 30D,17.0
HDFC Large and Mid Cap Fund-Reg(G),Gopal Agrawal,EQ-L&M,4,23989.0,1.66,Open Ended,1994-02-18,NIFTY LargeMidcap 250 - TRI,335.4,355.77,274.64,-0.13,-6.41,0.15,19.55,28.95,21.85,23.26,14.06,5.35,205.0,119282.0,46.86,36.37,15.33,Financials,,,,10.74,1.02,1.46,0.96,15.35,Equity : Large & Mid Cap,1% on or before 1Y Nil after 1Y,31.0
HDFC Liquid Fund(G),Anupam Joshi,DT-LIQ,2,72653.3,0.29,Open Ended,2000-10-17,CRISIL Liquid Debt Index,4952.9,4952.9,4615.66,0.58,1.73,3.52,7.33,7.13,6.35,5.26,6.24,0.0,50.0,156243.5,55.18,14.37,15.24,Not Applicable,0.12,0.11,7.06,0.73,9.73,5.46,0.88,0.07,Debt : Liquid,0.007% for Day 1 0.0065% on Day 2 0.0060% on Day 3 0.0055% on Day 4 0.0050% on Day 5 0.0045% on Day 6 NIL after 7D,25.0
HDFC Long Duration Debt Fund-Reg(G),Shobhit Mehrotra,DT-LD,Unrated,5483.1,0.65,Open Ended,2023-01-20,NIFTY Long Duration Debt Index,11.84,11.89,10.59,0.34,-0.36,3.66,11.44,15.99,,,,0.0,50.0,156243.5,55.18,14.37,15.24,Not Applicable,29.73,11.9,7.13,1.51,2.06,3.65,1.8,3.35,Debt : Long Duration,Nil,2.0
HDFC Low Duration Fund(G),Anupam Joshi,DT-LOWD,4,18497.0,1.04,Open Ended,1999-11-18,NIFTY Low Duration Debt Index,55.54,55.54,51.74,0.56,1.69,3.57,7.36,7.2,6.16,6.04,6.73,0.0,50.0,156243.5,55.18,14.37,15.24,Not Applicable,1.95,0.9,7.8,3.18,9.99,19.53,0.05,0.33,Debt : Low Duration,Nil,26.0
HDFC Manufacturing Fund-Reg(G),Rakesh Sethia,EQ-THEM,Unrated,12755.4,1.68,Open Ended,2024-05-16,Nifty India Manufacturing - TRI,10.59,11.48,9.86,-0.83,-8.62,-3.46,11.97,15.99,,,,18.0,95.0,104208.0,60.6,17.5,19.08,Automobile and Ancillaries,,,,4.33,1.34,2.01,0.88,12.37,Equity : Thematic,1% on or before 1M Nil after 1M,1.0
HDFC Medium Term Debt Fund(G),Shobhit Mehrotra,DT-MD,4,3987.6,1.33,Open Ended,2002-02-06,NIFTY Medium Duration Debt Index,53.86,53.86,49.86,0.44,1.2,4.0,8.02,7.37,5.86,6.46,7.15,0.0,50.0,156243.5,55.18,14.37,15.24,Not Applicable,5.82,3.82,7.72,2.55,4.39,7.92,0.46,0.89,Debt : Medium Duration,Nil,23.0
HDFC Mid-Cap Opportunities Fund(G),Chirag Setalvad,EQ-MID,3,76060.9,1.39,Open Ended,2007-06-25,Nifty Midcap 150 - TRI,192.44,195.31,148.3,1.69,-2.42,4.8,28.25,36.34,28.13,28.8,18.04,19.61,75.0,47588.0,6.05,62.22,23.47,Financials,,,,18.42,1.44,2.14,0.87,15.83,Equity : Mid Cap,1% on or before 1Y Nil after 1Y,18.0
HDFC MNC Fund-Reg(G),Rahul Baijal,EQ-MNC,Unrated,632.8,2.42,Open Ended,2023-03-09,NIFTY MNC - TRI,13.82,15.4,12.02,-1.8,-11.19,-6.79,8.11,15.99,,,,35.93,32.0,70069.0,47.41,17.7,27.77,FMCG,,,,1.89,0.42,0.64,0.7,13.02,Equity : Thematic - MNC,1% on or before 1Y Nil after 1Y,2.0
HDFC Money Market Fund-Reg(G),Praveen Jain,DT-MM,4,26787.6,0.41,Open Ended,2000-01-03,CRISIL Money Market Index,5499.51,5499.51,5110.1,0.62,1.77,3.66,7.64,7.46,6.55,5.98,6.75,0.0,50.0,156243.5,55.18,14.37,15.24,Not Applicable,0.32,0.3,7.33,3.5,11.21,22.94,0.03,0.32,Debt : Money Market,Nil,25.0
HDFC Multi Cap Fund-Reg(G),Gopal Agrawal,EQ-MLC,Unrated,17249.8,1.67,Open Ended,2021-12-10,Nifty500 Multicap 50:25:25 - TRI,19.12,20.13,15.4,0.97,-5.67,0.36,21.25,30.95,23.68,,,5.42,217.0,91267.0,42.54,27.75,26.63,Financials,3.37,2.84,7.48,12.27,1.11,1.6,0.95,15.39,Equity : Multi Cap,1% on or before 1Y Nil after 1Y,4.0
HDFC Multi-Asset Fund(G),Srinivasan Ramamurthy,HY-MULTI,Unrated,3817.8,1.91,Open Ended,2005-08-17,NIFTY 50 - TRI,67.5,69.37,58.74,-0.44,-2.85,2.11,13.72,16.03,12.14,14.8,10.55,19.87,71.0,294689.0,56.42,3.24,7.5,Financials,4.24,2.84,7.15,6.07,1.33,1.97,1.12,7.0,Hybrid : Multi Asset Allocation,Nil upto 15% of units For remaining units 1% or or before 12M Nil after 12M,20.0
HDFC NIFTY 100 Equal Weight Index Fund-Reg(G),Nirman Morakhia,EQ-INDX,Unrated,327.8,0.83,Open Ended,2022-02-23,Nifty100 Equal Weight - TRI,15.89,17.77,13.25,-2.07,-11.21,-4.11,16.55,23.6,,,,35.96,100.0,199920.0,88.91,10.95,15.24,Financials,,,,7.94,0.81,1.17,1.01,16.09,Equity : Index Funds,Nil,3.0
HDFC Nifty 100 ETF,Abhishek Mor,EQ-ETF,Unrated,23.7,0.3,Open Ended,2022-08-05,NIFTY 100 - TRI,25.51,27.76,21.77,-1.84,-8.45,-1.98,12.93,17.63,,,,21.28,100.0,437037.0,96.9,3.09,15.24,Financials,,,,4.61,0.64,0.95,1.02,14.52,Equity : ETFs,,3.0
HDFC NIFTY 100 Index Fund-Reg(G),Nirman Morakhia,EQ-INDX,Unrated,280.9,0.75,Open Ended,2022-02-23,NIFTY 100 - TRI,14.51,15.82,12.45,-1.89,-8.57,-2.25,12.37,16.95,,,,6.71,100.0,437008.0,96.85,3.09,15.24,Financials,,,,3.75,0.61,0.9,1.02,14.54,Equity : Index Funds,Nil,3.0
HDFC Nifty 1D Rate Liquid ETF,Swapnil Jangam,DT-ETF,Unrated,75.2,0.5,Open Ended,2023-08-24,Nifty 1D Rate Index,1000.0,1000.0,1000.0,0.48,1.41,2.84,5.9,15.99,,,,0.0,50.0,156243.5,55.18,14.37,15.24,Not Applicable,0.01,0.01,6.65,0.6,4.64,5.73,0.88,0.13,Debt : ETFs,,2.0
HDFC Nifty 50 ETF,Abhishek Mor,EQ-ETF,Unrated,4019.7,0.05,Open Ended,2015-12-09,NIFTY 50 - TRI,267.26,289.25,232.24,-1.61,-7.82,-1.24,10.39,16.48,12.91,15.68,,11.79,50.0,555827.0,98.74,1.25,15.24,Financials,,,,2.32,0.5,0.76,0.99,13.91,Equity : ETFs,,10.0
HDFC Nifty 50 Index Fund(G)(Post Addendum),Nirman Morakhia,EQ-INDX,4,18412.1,0.36,Open Ended,2002-07-17,NIFTY 50 - TRI,227.79,246.76,198.6,-1.64,-7.91,-1.43,10.0,16.05,12.48,15.2,11.92,10.8,50.0,555827.0,98.76,1.25,15.24,Financials,,,,1.59,0.47,0.72,1.0,13.97,Equity : Index Funds,0.25% on or before 3D Nil after 3D,23.0
HDFC NIFTY Bank ETF,Abhishek Mor,EQ-ETF,Unrated,2728.0,0.16,Open Ended,2020-08-21,NIFTY BANK - TRI,52.61,488.02,45.44,-1.93,-3.55,-2.7,6.59,10.01,13.97,,,40.52,12.0,538945.0,86.42,13.58,15.24,Financials,,,,-1.29,0.21,0.32,1.08,17.43,Equity : ETFs,,5.0
HDFC NIFTY G-Sec Apr 2029 Index Fund-Reg(G),Anupam Joshi,DT-M&LD,Unrated,163.8,0.37,Open Ended,2023-03-10,NIFTY G- Sec Apr 2029 Index,11.59,11.59,10.7,0.45,1.27,4.29,8.32,15.99,,,,0.0,50.0,156243.5,55.18,14.37,15.24,Not Applicable,4.36,3.66,6.83,2.37,3.32,6.12,0.61,1.26,Debt : Medium to Long Duration,Nil,2.0
HDFC Nifty G-Sec Dec 2026 Index Fund-Reg(G),Anupam Joshi,DT-GILT,Unrated,1312.2,0.36,Open Ended,2022-11-10,Nifty G-sec Dec 2026 Index,11.66,11.66,10.85,0.54,1.46,3.72,7.47,7.36,,,,0.0,50.0,156243.5,55.18,14.37,15.24,Not Applicable,1.9,1.75,6.81,2.6,5.01,11.79,0.25,0.67,Debt : Gilt,Nil,3.0
HDFC Nifty G-Sec Jul 2031 Index Fund-Reg(G),Anupam Joshi,DT-GILT,Unrated,666.0,0.37,Open Ended,2022-11-10,Nifty G-Sec July 2031 Index,11.9,11.9,10.89,0.59,1.08,4.56,9.08,8.54,,,,0.0,50.0,156243.5,55.18,14.37,15.24,Not Applicable,6.51,5.12,6.93,2.04,2.8,5.4,0.92,1.7,Debt : Gilt,Nil,3.0
HDFC Nifty G-Sec Jun 2027 Index Fund-Reg(G),Anupam Joshi,DT-GILT,Unrated,742.5,0.36,Open Ended,2022-12-09,Nifty G-Sec Jun 2027 Index,11.6,11.6,10.77,0.5,1.46,3.9,7.71,7.56,,,,0.0,50.0,156243.5,55.18,14.37,15.24,Not Applicable,2.52,2.21,6.79,2.62,4.72,10.0,0.34,0.77,Debt : Gilt,Nil,3.0
HDFC NIFTY G-Sec Jun 2036 Index Fund-Reg(G),Anupam Joshi,DT-LD,Unrated,786.4,0.38,Open Ended,2023-03-15,Nifty G-Sec Jun 2036 Index,11.81,11.85,10.67,0.48,0.91,4.62,10.55,15.99,,,,0.0,50.0,156243.5,55.18,14.37,15.24,Not Applicable,11.4,7.64,6.99,2.17,2.35,3.97,1.33,2.61,Debt : Long Duration,Nil,2.0
HDFC Nifty G-Sec Sep 2032 Index Fund-Reg(G),Anupam Joshi,DT-GILT,Unrated,600.9,0.38,Open Ended,2022-12-09,Nifty G-Sec Sep 2032 Index,11.82,11.83,10.8,0.43,0.94,4.69,9.33,8.62,,,,0.0,50.0,156243.5,55.18,14.37,15.24,Not Applicable,7.69,5.74,6.92,2.12,2.71,4.94,0.99,1.87,Debt : Gilt,Nil,3.0
HDFC NIFTY Growth Sectors 15 ETF,Abhishek Mor,EQ-ETF,Unrated,13.5,0.3,Open Ended,2022-09-23,Nifty Growth Sectors 15 - TRI,125.14,132.75,107.17,0.02,-7.11,6.74,11.64,20.28,,,,61.11,15.0,515081.0,98.9,1.1,15.24,Technology,,,,5.22,0.65,1.24,0.64,12.65,Equity : ETFs,,3.0
HDFC Nifty India Digital Index Fund-Reg(G),Nirman Morakhia,EQ-INDX,Unrated,709.5,1.08,Open Ended,2024-12-11,Nifty India Digital  - TRI,9.87,10.1,9.66,0.31,-2.11,3.25,11.97,15.99,,,,18.0,50.0,156243.5,55.18,14.37,15.24,,,,,4.33,1.34,2.01,0.88,12.37,Equity : Index Funds,Nil,1.0
HDFC NIFTY IT ETF,Abhishek Mor,EQ-ETF,Unrated,79.8,0.2,Open Ended,2022-11-16,NIFTY IT - TRI,45.77,379.88,33.16,0.48,2.7,18.34,23.53,26.14,,,,39.13,10.0,429493.0,83.85,16.15,15.24,Technology,,,,16.28,1.01,1.85,0.74,19.46,Equity : ETFs,,3.0
HDFC Nifty LargeMidcap 250 Index Fund-Reg(G),Nirman Morakhia,EQ-INDX,Unrated,471.1,0.8,Open Ended,2024-10-09,NIFTY LargeMidcap 250 - TRI,9.69,10.06,9.23,-0.16,-2.11,3.25,11.97,15.99,,,,18.0,251.0,158806.0,51.29,45.32,3.42,Financials,,,,4.33,1.34,2.01,0.88,12.37,Equity : Index Funds,Nil,1.0
HDFC NIFTY Midcap 150 ETF,Abhishek Mor,EQ-ETF,Unrated,70.1,0.2,Open Ended,2023-02-15,Nifty Midcap 150 - TRI,21.6,22.62,17.01,1.62,-5.04,1.2,24.09,15.99,,,,38.46,151.0,58757.0,6.44,86.74,6.77,Financials,,,,15.47,1.14,1.64,0.96,17.53,Equity : ETFs,,2.0
HDFC NIFTY Midcap 150 Index Fund-Reg(G),Nirman Morakhia,EQ-INDX,Unrated,261.3,0.83,Open Ended,2023-04-21,Nifty Midcap 150 - TRI,18.09,18.99,14.35,1.53,-5.22,0.8,23.02,15.99,,,,23.56,151.0,58754.0,6.44,86.73,6.77,Financials,,,,14.29,1.09,1.57,0.95,17.48,Equity : Index Funds,Nil,2.0
HDFC NIFTY Next 50 ETF,Abhishek Mor,EQ-ETF,Unrated,67.8,0.15,Open Ended,2022-08-05,NIFTY NEXT 50 - TRI,69.83,78.51,53.58,-3.41,-11.55,-5.18,28.42,28.37,,,,46.24,50.0,143041.0,88.22,11.76,15.24,Financials,,,,18.17,1.16,1.69,1.14,20.15,Equity : ETFs,,3.0
HDFC NIFTY Next 50 Index Fund-Reg(G),Nirman Morakhia,EQ-INDX,Unrated,1782.3,0.66,Open Ended,2021-11-03,NIFTY NEXT 50 - TRI,15.97,18.02,12.36,-3.69,-11.86,-5.69,27.23,27.39,17.44,,,59.85,50.0,143043.0,88.22,11.76,15.24,Financials,,,,16.86,1.12,1.62,1.14,20.17,Equity : Index Funds,Nil,4.0
HDFC NIFTY Private Bank ETF,Abhishek Mor,EQ-ETF,Unrated,317.9,0.15,Open Ended,2022-11-16,Nifty Private Bank - TRI,25.54,250.34,22.67,-1.72,-5.98,-4.82,0.71,7.73,,,,42.28,10.0,417379.0,83.31,13.6,3.08,Financials,,,,-6.88,-0.12,-0.18,1.04,17.11,Equity : ETFs,,3.0
HDFC Nifty PSU Bank ETF,Abhishek Mor,EQ-ETF,Unrated,28.5,0.35,Open Ended,2024-01-31,NIFTY PSU BANK - TRI,66.3,80.41,62.75,-3.94,-3.26,-10.58,11.97,15.99,,,,18.0,12.0,188009.0,62.22,37.78,15.24,Financials,,,,4.33,1.34,2.01,0.88,12.37,Equity : ETFs,,1.0
HDFC NIFTY Realty Index Fund-Reg(G),Nirman Morakhia,EQ-INDX,Unrated,116.9,0.89,Open Ended,2024-03-26,NIFTY REALTY - TRI,11.77,12.91,10.0,1.92,-5.32,-5.7,11.97,15.99,,,,18.0,10.0,81254.0,37.38,48.81,13.79,Construction,,,,4.33,1.34,2.01,0.88,12.37,Equity : Index Funds,Nil,1.0
HDFC Nifty SDL Oct 2026 Index Fund-Reg(G),Anupam Joshi,DT-MD,Unrated,191.7,0.36,Open Ended,2023-02-24,Nifty SDL Oct 2026 Index,11.49,11.49,10.65,0.56,1.51,3.81,7.95,15.99,,,,0.0,50.0,156243.5,55.18,14.37,15.24,Not Applicable,1.66,1.51,7.04,3.28,5.81,13.27,0.18,0.66,Debt : Medium Duration,Nil,2.0
HDFC NIFTY SDL Plus G-Sec Jun 2027 40:60 Index Fund-Reg(G),Anupam Joshi,DT-MD,Unrated,48.4,0.35,Open Ended,2023-03-23,NIFTY SDL Plus G-Sec Jun 2027 40:60 Index,11.39,11.39,10.56,0.53,1.48,3.91,7.95,15.99,,,,0.0,50.0,156243.5,55.18,14.37,15.24,Not Applicable,2.41,2.12,6.9,2.92,5.56,12.12,0.3,0.68,Debt : Medium Duration,Nil,2.0
HDFC NIFTY Smallcap 250 ETF,Abhishek Mor,EQ-ETF,Unrated,727.3,0.2,Open Ended,2023-02-15,Nifty Smallcap 250 - TRI,180.79,187.06,135.17,1.08,-3.35,3.21,26.91,15.99,,,,71.36,250.0,19552.0,55.18,8.01,91.95,Financials,,,,18.24,1.14,1.61,0.97,20.05,Equity : ETFs,,2.0
HDFC NIFTY Smallcap 250 Index Fund-Reg(G),Nirman Morakhia,EQ-INDX,Unrated,370.8,0.81,Open Ended,2023-04-21,Nifty Smallcap 250 - TRI,19.38,20.1,14.6,0.94,-3.55,2.77,25.76,15.99,,,,38.17,250.0,19549.0,55.18,8.0,91.96,Financials,,,,17.04,1.1,1.55,0.96,19.99,Equity : Index Funds,Nil,2.0
HDFC NIFTY100 Low Volatility 30 ETF,Abhishek Mor,EQ-ETF,Unrated,14.3,0.3,Open Ended,2022-10-11,Nifty100 Low Volatility 30 - TRI,19.86,21.94,17.08,-0.48,-10.04,0.66,12.2,22.57,,,,52.37,30.0,323072.0,96.55,3.45,15.24,FMCG,,,,5.07,0.73,1.25,0.7,11.44,Equity : ETFs,,3.0
HDFC NIFTY100 Low Volatility 30 Index Fund-Reg(G),Nirman Morakhia,EQ-INDX,Unrated,358.2,0.84,Open Ended,2024-07-10,Nifty100 Low Volatility 30 - TRI,10.04,11.11,9.65,-0.53,-10.19,3.25,11.97,15.99,,,,18.0,30.0,323009.0,96.57,3.45,15.24,FMCG,,,,4.33,1.34,2.01,0.88,12.37,Equity : Index Funds,Nil,1.0
HDFC NIFTY100 Quality 30 ETF,Abhishek Mor,EQ-ETF,Unrated,16.7,0.3,Open Ended,2022-09-23,NIFTY100 Quality 30 - TRI,57.73,64.26,49.36,-2.81,-11.26,-1.95,11.16,22.38,,,,29.27,30.0,277341.0,91.1,8.9,15.24,FMCG,,,,4.13,0.6,0.99,0.76,12.75,Equity : ETFs,,3.0
HDFC NIFTY200 Momentum 30 ETF,Abhishek Mor,EQ-ETF,Unrated,83.9,0.3,Open Ended,2022-10-11,Nifty200 Momentum 30 - TRI,33.7,38.34,27.5,-3.95,-12.8,-7.46,20.59,31.42,,,,115.14,30.0,199228.0,87.09,12.91,15.24,Automobile and Ancillaries,,,,11.89,0.8,1.17,1.24,22.09,Equity : ETFs,,3.0
HDFC NIFTY200 Momentum 30 Index Fund-Reg(G),Nirman Morakhia,EQ-INDX,Unrated,794.9,0.89,Open Ended,2024-02-28,Nifty200 Momentum 30 - TRI,11.18,12.76,9.78,-4.14,-13.04,-7.86,11.97,15.99,,,,18.0,30.0,199229.0,87.08,12.91,15.24,Automobile and Ancillaries,,,,4.33,1.34,2.01,0.88,12.37,Equity : Index Funds,Nil,1.0
HDFC NIFTY50 Equal Weight Index Fund-Reg(G),Nirman Morakhia,EQ-INDX,Unrated,1391.4,0.86,Open Ended,2021-08-20,NIFTY50 Equal Weight - TRI,16.6,18.59,14.5,-1.59,-11.7,-3.07,10.12,20.62,15.95,,,23.79,50.0,290186.0,96.33,3.66,15.24,Financials,,,,1.99,0.48,0.74,0.96,14.34,Equity : Index Funds,Nil,4.0
HDFC NIFTY50 Value 20 ETF,Abhishek Mor,EQ-ETF,Unrated,33.5,0.15,Open Ended,2022-09-23,Nifty50 Value 20 - TRI,141.53,150.34,116.54,-1.85,-6.84,2.98,17.16,24.09,,,,37.28,20.0,515697.0,98.33,1.63,15.24,Technology,,,,9.05,0.94,1.53,0.94,14.34,Equity : ETFs,,3.0
HDFC Nifty500 Multicap 50:25:25 Index Fund-Reg(G),Nirman Morakhia,EQ-INDX,Unrated,417.2,0.8,Open Ended,2024-08-23,Nifty500 Multicap 50:25:25 - TRI,9.79,10.39,9.3,-0.3,-6.47,3.25,11.97,15.99,,,,18.0,501.0,121058.0,49.95,24.99,24.99,Financials,,,,4.33,1.34,2.01,0.88,12.37,Equity : Index Funds,Nil,1.0
HDFC Non-Cyclical Consumer Fund-Reg(G),Amit Sinha,EQ-CONS,Unrated,896.0,2.31,Open Ended,2023-07-12,Nifty India Consumption - TRI,14.55,15.88,11.26,0.97,-7.71,7.91,22.86,15.99,,,,64.63,46.0,106738.0,64.97,4.48,25.14,FMCG,,,,14.97,1.42,2.4,0.58,12.65,Equity : Thematic - Consumption,1% on or before 30D Nil after 30D,2.0
HDFC Overnight Fund(G),Anil Bamboli,DT-ON,3,12133.2,0.19,Open Ended,2002-02-06,CRISIL Liquid Overnight Index,3695.48,3695.48,3467.66,0.54,1.59,3.2,6.59,6.56,5.89,4.79,5.51,0.0,50.0,156243.5,55.18,14.37,15.24,Not Applicable,0.01,0.01,6.65,0.25,22.48,1.86,0.88,0.01,Debt : Overnight,Nil,23.0
HDFC Pharma and Healthcare Fund-Reg(G),Nikhil Mathur,EQ-PHRM,Unrated,1459.6,2.15,Open Ended,2023-10-04,BSE Health Care - TRI,17.16,17.16,11.51,3.77,5.78,29.11,50.48,15.99,,,,56.44,29.0,58051.0,36.92,23.21,38.09,Healthcare,,,,36.54,3.01,5.65,0.43,12.85,Equity : Sectoral - Pharma,1% on or before 30D Nil after 30D,2.0
HDFC Retirement Savings Fund-Equity Plan-Reg(G),Srinivasan Ramamurthy,HY-SOL,5,6009.4,1.78,Open Ended,2016-02-25,NIFTY 500 - TRI,50.13,53.02,41.72,-0.17,-5.39,0.98,18.5,25.72,19.96,23.53,,14.55,70.0,170579.0,59.34,9.37,22.7,Financials,,,,8.32,1.11,1.61,1.97,12.68,Hybrid : Solution Oriented,NIL - Upon completion of Lock-in Period,9.0
HDFC Retirement Savings Fund-Hybrid-Debt Plan-Reg(G),Srinivasan Ramamurthy,HY-SOL,2,161.4,2.14,Open Ended,2016-02-25,NIFTY 50 Hybrid Composite Debt 15:85 Index,20.97,21.16,18.98,0.04,-0.87,2.77,9.98,10.66,8.33,8.75,,0.0,43.0,346177.0,30.15,1.05,7.52,Technology,8.02,4.73,7.23,3.2,1.57,2.31,0.88,3.71,Hybrid : Solution Oriented,NIL - Upon completion of Lock-in Period,9.0
HDFC Retirement Savings Fund-Hybrid-Equity Plan-Reg(G),Srinivasan Ramamurthy,HY-SOL,4,1582.9,2.08,Open Ended,2016-02-25,NIFTY 50 Hybrid Composite Debt 65:35 Index,38.0,39.67,32.86,-0.75,-4.04,1.42,14.25,19.79,14.72,16.99,,12.51,68.0,154044.0,45.26,4.29,21.19,Financials,4.74,3.18,7.01,5.22,1.03,1.51,1.66,9.79,Hybrid : Solution Oriented,NIL - Upon completion of Lock-in Period,9.0
HDFC Short Term Debt Fund(G),Anil Bamboli,DT-SD,5,14975.8,0.71,Open Ended,2010-06-25,CRISIL Short Duration Debt Index,30.63,30.63,28.29,0.56,1.6,4.12,8.27,7.69,6.29,6.69,7.47,0.0,50.0,156243.5,55.18,14.37,15.24,Not Applicable,4.08,2.83,7.57,3.23,6.47,12.83,0.31,0.64,Debt : Short Duration,Nil,15.0
HDFC Silver ETF,Bhagyesh Kagalkar,GOLD-ETF,Unrated,418.6,0.4,Open Ended,2022-09-02,Silver,84.94,96.5,67.91,-4.22,-5.3,-0.58,17.32,9.68,,,,18.0,50.0,156243.5,55.18,14.37,15.24,Not Applicable,,,,16.18,0.59,1.0,-0.01,27.55,Gold : ETFs,,3.0
HDFC Silver ETF FoF-Reg(G),Nirman Morakhia,GOLD-MF,Unrated,180.4,0.6,Open Ended,2022-10-28,Silver,14.7,16.65,11.82,-3.83,-4.75,-3.01,14.76,11.51,,,,18.0,50.0,156243.5,55.18,14.37,15.24,Not Applicable,,,,11.24,0.57,0.98,0.69,23.44,Gold : MFs,1% on or before 15D Nil after 15D,3.0
HDFC Small Cap Fund-Reg(G),Chirag Setalvad,EQ-SML,2,33841.9,1.57,Open Ended,2008-04-03,BSE 250 Small Cap - TRI,141.4,146.29,111.67,0.23,-1.67,4.33,20.97,32.45,22.77,29.1,18.43,14.2,85.0,14406.0,4.07,8.16,81.49,Technology,,,,13.08,1.05,1.53,0.76,16.18,Equity : Small Cap,1% on or before 1Y Nil after 1Y,17.0
HDFC Technology Fund-Reg(G),Balakumar B,EQ-TECH,Unrated,1427.2,2.16,Open Ended,2023-09-08,BSE TECk Index - TRI,14.94,15.27,10.73,0.81,1.95,19.23,33.27,15.99,,,,4.12,28.0,224308.0,62.42,11.72,19.46,Technology,,,,22.81,1.63,3.14,0.76,16.33,Equity : Sectoral - Technology,1% on or before 30D Nil after 30D,2.0
HDFC Large Cap Fund(G),Rahul Baijal,EQ-LC,1,36587.2,1.6,Open Ended,1996-09-03,NIFTY 100 - TRI,1115.15,1216.71,973.54,-1.68,-8.32,-1.22,11.97,21.23,17.82,17.07,12.25,15.06,45.0,465971.0,92.71,5.41,15.24,Financials,,,,3.45,0.59,0.86,1.0,14.43,Equity : Large Cap,1% on or before 1Y Nil after 1Y,29.0
HDFC Transportation and Logistics Fund-Reg(G),Priya Ranjan,EQ-AUTO,Unrated,1325.4,2.18,Open Ended,2023-08-17,Nifty Transportation & Logistics - TRI,15.44,17.14,11.64,-0.76,-11.12,-5.67,29.19,15.99,,,,43.51,28.0,83323.0,59.29,15.47,22.84,Automobile and Ancillaries,,,,19.33,1.44,2.26,0.87,16.47,Equity : Sectoral - Auto,1% on or before 30D Nil after 30D,2.0
HDFC Ultra Short Term Fund-Reg(G),Anil Bamboli,DT-USD,4,14890.3,0.69,Open Ended,2018-09-24,CRISIL Ultra Short Term Debt Index,14.61,14.61,13.6,0.63,1.74,3.57,7.43,7.18,6.29,5.75,,0.0,50.0,156243.5,55.18,14.37,15.24,Not Applicable,0.53,0.47,7.52,3.3,11.1,22.55,0.03,0.3,Debt : Ultra Short Duration,Nil,7.0
Helios Balanced Advantage Fund-Reg(G),Alok Bahl,HY-DYN,Unrated,263.9,2.38,Open Ended,2024-03-27,CRISIL Hybrid 50+50 - Moderate Index,11.26,11.44,10.0,0.36,-0.36,2.29,11.97,15.99,,,,302.0,59.0,223609.0,62.33,15.07,8.62,Financials,,,,4.33,1.34,2.01,0.88,12.37,Hybrid : Dynamic Asset Allocation,Nil upto 10% of units and 1% for remaining units on or before 3M Nil after 3M,1.0
Helios Financial Services Fund-Reg(G),Alok Bahl,EQ-FIN,Unrated,135.4,2.39,Open Ended,2024-06-24,Nifty Financial Services - TRI,10.99,11.39,9.78,-0.73,-1.01,5.56,11.97,15.99,,,,27.0,22.0,186883.0,57.64,20.76,19.37,Financials,,,,4.33,1.34,2.01,0.88,12.37,Equity : Sectoral - Financial Services,Nil upto 10% of  units and 1% for remaining units or before 3M Nil after 3M,1.0
Helios Flexi Cap Fund-Reg(G),Alok Bahl,EQ-FLEX,Unrated,2321.6,1.97,Open Ended,2023-11-13,NIFTY 500 - TRI,14.47,14.78,11.16,0.78,-0.7,5.78,28.21,15.99,,,,62.0,59.0,134660.0,54.23,21.71,22.17,Financials,,,,17.56,1.35,1.89,1.02,16.8,Equity : Flexi Cap,Nil upto 10% of units and 1% for remaining units on or before 3M Nil after 3M,2.0
Helios Large & Mid Cap Fund-Reg(G),Alok Bahl,EQ-L&M,Unrated,213.9,2.38,Open Ended,2024-10-30,NIFTY LargeMidcap 250 - TRI,10.38,10.67,9.75,0.49,-2.11,3.25,11.97,15.99,,,,1.0,38.0,197077.0,59.91,33.39,2.01,Financials,,,,4.33,1.34,2.01,0.88,12.37,Equity : Large & Mid Cap,Nil upto 10% of units and 1% for remaining units on or before 3M Nil after 3M,1.0
Helios Overnight Fund-Reg(G),Alok Bahl,DT-ON,Unrated,131.5,0.18,Open Ended,2023-10-25,CRISIL Liquid Overnight Index,1080.03,1080.03,1013.42,0.54,1.61,3.22,6.59,15.99,,,,0.0,50.0,156243.5,55.18,14.37,15.24,Not Applicable,,,6.66,1.16,8.36,10.95,0.88,0.14,Debt : Overnight,Nil,2.0
HSBC Aggressive Hybrid Fund-Reg(G),Cheenu Gupta,HY-EQ,3,5719.9,1.85,Open Ended,2011-02-07,NIFTY 50 Hybrid Composite Debt 65:35 Index,56.52,57.88,44.93,1.54,-0.3,3.74,23.67,24.21,14.15,15.61,11.93,76.0,72.0,87128.0,35.88,22.9,17.64,Capital Goods,2.03,1.73,7.0,10.61,1.24,1.76,2.65,14.76,Hybrid : Equity Oriented,Nil for 10% of units and 1% for remaining units on or before 1Y Nil after 1Y,14.0
HSBC Arbitrage Fund-Reg(G),Praveen Ayathan,HY-ARB,5,2447.6,0.93,Open Ended,2014-06-30,Nifty 50 Arbitrage,18.39,18.39,17.15,0.66,1.77,3.36,7.29,7.2,6.1,5.32,5.86,1404.0,127.0,135029.0,45.89,19.24,12.76,Financials,0.25,0.24,6.25,3.38,3.0,6.39,-0.08,1.04,Hybrid : Arbitrage,0.25% on or before 1M Nil after 1M,11.0
HSBC Asia Pacific (Ex Japan) DYF-Reg(G),Sonal Gupta,FOF-OVR,Unrated,7.7,2.06,Open Ended,2014-02-24,MSCI Asia (ex-Japan) Standard Index,21.41,23.41,17.29,-0.1,-6.92,2.15,13.28,11.32,4.26,6.34,7.52,23.0,50.0,156243.5,55.18,14.37,15.24,Not Applicable,,,,6.07,0.68,1.11,1.31,15.49,FoFs : Overseas,1% on or before 1Y Nil after 1Y,11.0
HSBC Balanced Advantage Fund-Reg(G),Neelotpal Sahai,HY-DYN,2,1523.2,2.1,Open Ended,2011-02-07,CRISIL Short Term Bond Index,43.35,43.8,37.11,0.71,0.59,4.86,15.79,17.07,11.83,11.23,8.37,336.0,57.0,111913.0,34.16,14.98,18.6,Financials,2.36,2.1,7.21,7.66,1.5,2.17,1.2,7.45,Hybrid : Dynamic Asset Allocation,Nil for 10% of units and 1% for remaining units on or before 1Y Nil after 1Y,14.0
HSBC Banking and PSU Debt Fund-Reg(G),Mahesh Chhabria,DT-B&PSU,3,4390.9,0.61,Open Ended,2007-09-20,NIFTY Banking and PSU Debt Index,23.21,23.21,21.65,0.6,1.66,3.63,7.23,6.88,5.07,5.68,6.76,0.0,50.0,156243.5,55.18,14.37,15.24,Not Applicable,1.3,1.16,7.47,2.67,6.88,14.98,0.16,0.46,Debt : Banking & PSU,Nil,18.0
HSBC Brazil Fund(G),Sonal Gupta,FOF-OVR,Unrated,42.3,2.42,Open Ended,2011-05-06,MSCI Brazil 10/40 Index,5.75,7.91,5.75,-6.97,-19.09,-11.75,-29.09,-5.93,0.46,-10.62,-2.37,3.0,50.0,156243.5,55.18,14.37,15.24,Not Applicable,,,,-39.44,-1.96,-3.17,0.09,19.94,FoFs : Overseas,1% on or before 1Y Nil after 1Y,14.0
HSBC Business Cycles Fund-Reg(G),Gautam Bhupal,EQ-THEM,2,1016.3,2.27,Open Ended,2014-08-20,NIFTY 500 - TRI,43.94,45.44,31.54,0.08,-2.54,4.5,37.26,34.46,24.22,22.71,14.18,25.0,57.0,64474.0,39.78,10.91,45.89,Financials,,,,24.77,1.6,2.3,1.07,18.82,Equity : Thematic,Nil upto 10% of units and 1% for above the limits on or before 1Y Nil after 1Y,11.0
HSBC Conservative Hybrid Fund(G),Mahesh Chhabria,HY-DT(CO),Unrated,144.2,2.17,Open Ended,2004-02-24,NIFTY 50 Hybrid Composite Debt 15:85 Index,60.39,60.6,51.8,1.39,1.65,5.23,16.21,13.8,9.26,9.27,7.78,0.0,31.0,55833.0,8.9,6.91,7.47,Capital Goods,13.66,7.47,6.98,7.46,2.27,3.58,1.38,5.08,Hybrid : Debt Oriented (Conservative),Nil,21.0
HSBC Consumption Fund-Reg(G),Gautam Bhupal,EQ-CONS,Unrated,1601.5,2.08,Open Ended,2023-08-31,Nifty India Consumption - TRI,15.23,15.81,11.2,1.93,-1.85,10.28,33.54,15.99,,,,5.0,49.0,64463.0,38.16,18.86,39.36,FMCG,,,,22.78,1.89,3.02,0.71,13.98,Equity : Thematic - Consumption,Nil upto 10% of units and 1% for remaining units on or before 1% Nil after 1Y,2.0
HSBC Corporate Bond Fund-Reg(G),Kapil Punjabi,DT-CORP,5,6116.7,0.64,Open Ended,1997-03-31,NIFTY Corporate Bond Index,69.82,69.82,64.62,0.47,1.43,4.12,8.04,7.27,5.54,6.5,6.93,0.0,50.0,156243.5,55.18,14.37,15.24,Not Applicable,3.99,3.26,7.27,2.72,4.28,8.05,0.41,0.92,Debt : Corporate Bond,Nil,28.0
HSBC Credit Risk Fund-Reg(G),Shriram Ramanathan,DT-CR,3,581.7,1.68,Open Ended,2009-10-08,NIFTY Credit Risk Bond Index,27.6,27.6,25.77,0.51,1.4,3.6,7.1,6.79,5.58,5.46,6.16,0.0,50.0,156243.5,55.18,14.37,15.24,Not Applicable,3.3,2.47,8.08,2.14,4.99,9.83,0.3,0.6,Debt : Credit Risk,Nil upto 10% of units on or before 2Y For remaining units - 3% on or before 1Y 2% after 1Y but on or before 2Y Nil after 2Y,16.0
HSBC CRISIL IBX 50:50 Gilt Plus SDL Apr 2028 Index Fund-Reg(G),Kapil Punjabi,DT-M&LD,Unrated,1889.3,0.43,Open Ended,2022-03-31,CRISIL IBX 50:50 Gilt Plus SDL Index - April 2028,11.86,11.86,10.97,0.48,1.39,4.05,8.04,7.68,,,,0.0,50.0,156243.5,55.18,14.37,15.24,Not Applicable,3.16,2.74,6.97,2.65,4.2,9.07,0.4,0.92,Debt : Medium to Long Duration,Nil,3.0
HSBC CRISIL IBX Gilt June 2027 Index Fund-Reg(G),Kapil Punjabi,DT-MD,Unrated,194.6,0.45,Open Ended,2023-03-23,CRISIL IBX Gilt Index - June 2027,11.37,11.37,10.57,0.5,1.43,3.83,7.57,15.99,,,,0.0,50.0,156243.5,55.18,14.37,15.24,Not Applicable,2.46,2.16,6.79,2.47,4.59,9.66,0.34,0.75,Debt : Medium Duration,Nil,2.0
HSBC Dynamic Bond Fund-Reg(G),Mahesh Chhabria,DT-DYN,Unrated,158.9,0.78,Open Ended,2006-08-30,CRISIL Dynamic Bond Index,28.34,28.42,26.06,0.26,0.4,3.95,8.59,7.54,5.86,5.8,6.96,0.0,50.0,156243.5,55.18,14.37,15.24,Not Applicable,15.45,7.96,7.08,1.18,2.13,3.61,1.08,2.07,Debt : Dynamic Bond,Nil,19.0
HSBC ELSS Tax saver Fund-Reg(G),Abhishek Gupta,EQ-ELSS,2,4303.0,1.89,Open Ended,2006-02-27,NIFTY 500 - TRI,138.23,140.84,101.21,1.46,-1.82,5.2,34.47,31.77,19.06,19.76,14.12,52.0,84.0,104992.0,49.04,23.45,25.81,Financials,,,,22.08,1.57,2.29,1.05,17.39,Equity : Tax Saving (ELSS),Nil,19.0
HSBC Equity Savings Fund-Reg(G),Cheenu Gupta,HY-EQ,2,583.3,1.51,Open Ended,2011-10-18,NIFTY 50 Equity Savings Index,34.4,34.4,27.4,3.51,4.05,8.23,24.83,21.04,14.36,13.86,9.47,508.0,67.0,94064.0,31.55,27.78,15.89,Financials,2.05,1.86,7.2,14.46,2.31,3.56,1.46,8.1,Hybrid : Equity Oriented,Nil upto 10% of units and 0.50% for remaining units on or before 1M Nil after 1M,14.0
HSBC Flexi Cap Fund-Reg(G),Abhishek Gupta,EQ-FLEX,3,5048.5,1.93,Open Ended,2004-02-24,NIFTY 500 - TRI,224.03,229.69,170.24,0.35,-2.72,4.28,29.21,31.11,18.14,20.46,13.25,57.0,83.0,120505.0,51.94,22.55,22.84,Financials,,,,18.52,1.49,2.19,0.99,15.77,Equity : Flexi Cap,Nil upto 10% of investment and 1% for remaining investment on or before 1Y Nil after 1Y,21.0
HSBC Focused Fund-Reg(G),Neelotpal Sahai,EQ-MLC,Unrated,1773.8,2.09,Open Ended,2020-07-22,NIFTY 500 - TRI,26.19,26.44,20.59,1.25,-1.82,8.14,23.72,27.4,16.88,,,47.0,29.0,71161.0,34.96,22.39,34.85,Financials,,,,14.06,1.24,1.83,0.92,15.03,Equity : Multi Cap,Nil upto 10% of units and 1% for remaining units on before 1Y,5.0
HSBC Gilt Fund-Reg(G),Shriram Ramanathan,DT-GILT,2,258.9,1.7,Open Ended,2000-03-29,CRISIL Dynamic Gilt Index,63.71,63.99,58.82,0.16,-0.22,3.27,8.12,6.81,5.14,5.38,6.61,0.0,50.0,156243.5,55.18,14.37,15.24,Not Applicable,22.1,9.93,7.04,-0.03,1.55,2.56,1.3,2.5,Debt : Gilt,Nil,25.0
HSBC Global Emerging Markets Fund(G),Sonal Gupta,FOF-OVR,Unrated,34.1,2.36,Open Ended,2008-03-17,MSCI Emerging Market Index,18.54,20.16,15.81,0.52,-6.58,-2.17,9.31,6.99,-0.94,3.36,4.89,4.0,50.0,156243.5,55.18,14.37,15.24,Not Applicable,,,,3.3,0.48,0.81,1.19,14.59,FoFs : Overseas,1% on or before 1Y Nil after 1Y,17.0
HSBC Global Equity Climate Change FoF-Reg(G),Sonal Gupta,FOF-OVR,Unrated,74.2,2.09,Open Ended,2021-03-22,MSCI AC World Index,9.95,10.79,9.14,-3.84,-7.32,-0.3,2.42,7.01,-2.92,,,18.0,50.0,156243.5,55.18,14.37,15.24,Not Applicable,,,,-3.75,-0.05,-0.08,1.22,13.21,FoFs : Overseas,1% on or before 1Y Nil after 1Y,4.0
HSBC India Export Opportunities Fund-Reg(G),Abhishek Gupta,EQ-THEM,Unrated,1850.0,2.05,Open Ended,2024-09-25,NIFTY 500 - TRI,10.19,10.37,9.58,0.34,0.68,3.25,11.97,15.99,,,,18.0,50.0,78492.0,42.96,18.99,32.23,Technology,,,,4.33,1.34,2.01,0.88,12.37,Equity : Thematic,Nil upto 10% of units and 1% for remaining units on or before 1Y Nil after 1Y,1.0
HSBC Infrastructure Fund-Reg(G),Venugopal Manghat,EQ-INFRA,2,2585.3,2.01,Open Ended,2007-09-27,Nifty Infrastructure - TRI,48.93,51.93,37.19,-2.32,-6.26,-4.85,28.63,39.24,26.3,25.77,16.8,24.0,53.0,83631.0,46.94,14.17,36.22,Capital Goods,,,,18.07,1.11,1.56,1.19,21.74,Equity : Sectoral - Infrastructure,Nil upto 10% of units and 1% for above the limits on or before 1Y Nil after 1Y,18.0
HSBC Large & Mid Cap Fund-Reg(G),Cheenu Gupta,EQ-L&M,2,3978.9,1.92,Open Ended,2019-03-28,NIFTY LargeMidcap 250 - TRI,28.9,29.42,20.28,3.72,1.29,7.85,39.88,35.57,21.02,22.31,,94.0,81.0,97871.0,42.42,41.65,13.91,Capital Goods,,,,26.49,1.63,2.33,1.06,19.53,Equity : Large & Mid Cap,Nil upto 10% of investment and 1% for remaining investment on or before 1Y Nil after 1Y,6.0
HSBC Large Cap Fund(G),Neelotpal Sahai,EQ-LC,2,1946.2,2.13,Open Ended,2002-12-10,NIFTY 100 - TRI,481.98,507.52,396.28,-0.64,-5.36,2.53,18.82,21.97,14.47,16.09,12.29,47.0,38.0,324361.0,81.05,9.76,5.7,Financials,,,,9.37,0.95,1.39,1.04,15.39,Equity : Large Cap,Nil upto 10% of investment and 1% for remaining investment on or before 1Y Nil after 1Y,23.0
HSBC Liquid Fund(G),Kapil Punjabi,DT-LIQ,2,18790.2,0.22,Open Ended,2004-06-01,Nifty Liquid Fund Index,2516.77,2516.77,2345.09,0.59,1.74,3.54,7.34,7.17,6.4,5.28,6.29,0.0,50.0,156243.5,55.18,14.37,15.24,Not Applicable,0.11,0.11,7.07,0.73,9.79,5.53,0.88,0.08,Debt : Liquid,0.007% for Day 1 0.0065% on Day 2 0.0060% on Day 3 0.0055% on Day 4 0.0050% on Day 5 0.0045% on Day 6 NIL on or after 7D,21.0
HSBC Low Duration Fund-Reg(G),Shriram Ramanathan,DT-LOWD,2,481.9,0.63,Open Ended,2010-12-04,NIFTY Low Duration Debt Index,27.25,27.25,25.37,0.58,1.69,3.59,7.44,7.28,6.16,5.74,6.72,0.0,50.0,156243.5,55.18,14.37,15.24,Not Applicable,1.36,0.9,7.64,3.15,9.78,19.49,0.07,0.34,Debt : Low Duration,Nil,15.0
HSBC Managed Solutions India-Conservative(G),Gautam Bhupal,FOF-DOM,Unrated,22.4,1.29,Open Ended,2014-04-30,CRISIL Composite Bond Index,20.84,20.93,19.14,0.28,0.27,3.68,8.82,8.3,6.11,6.31,6.41,12.0,50.0,156243.5,55.18,14.37,15.24,Not Applicable,,,,2.14,2.13,3.29,0.86,2.21,FoFs : Domestic,1% on or before 1Y Nil after 1Y,11.0
HSBC Managed Solutions India-Growth(G),Gautam Bhupal,FOF-DOM,Unrated,42.2,1.9,Open Ended,2014-04-30,BSE 200 - TRI,39.91,41.49,33.56,-0.04,-3.09,3.08,18.44,21.17,13.34,16.67,12.22,18.0,50.0,156243.5,55.18,14.37,15.24,Not Applicable,,,,8.04,1.14,1.66,1.93,12.09,FoFs : Domestic,1% on or before 1Y Nil after 1Y,11.0
HSBC Managed Solutions India-Moderate(G),Gautam Bhupal,FOF-DOM,Unrated,59.1,1.92,Open Ended,2014-04-30,CRISIL Hybrid 35+65 - Aggressive Index,34.71,35.72,29.74,0.05,-2.32,3.21,16.3,18.28,11.69,14.53,11.12,18.0,50.0,156243.5,55.18,14.37,15.24,Not Applicable,,,,6.7,1.19,1.73,1.69,9.9,FoFs : Domestic,1% on or before 1Y Nil after 1Y,11.0
HSBC Medium Duration Fund-Reg(G),Shriram Ramanathan,DT-MD,3,841.4,1.1,Open Ended,2015-02-02,NIFTY Medium Duration Debt Index,19.49,19.49,18.01,0.52,1.33,3.95,8.21,7.58,5.88,6.31,,0.0,50.0,156243.5,55.18,14.37,15.24,Not Applicable,5.74,3.81,7.75,2.44,4.04,8.06,0.54,1.0,Debt : Medium Duration,Nil,10.0
HSBC Medium to Long Duration Fund Fund(G),Kapil Punjabi,DT-M&LD,Unrated,49.7,1.9,Open Ended,2002-12-10,NIFTY Medium to Long Duration Debt Index,40.4,40.49,37.47,0.26,0.41,3.54,7.61,6.6,4.52,4.8,5.7,0.0,50.0,156243.5,55.18,14.37,15.24,Not Applicable,10.51,6.44,6.96,0.4,1.79,3.02,1.0,1.89,Debt : Medium to Long Duration,Nil,23.0
HSBC Midcap Fund-Reg(G),Cheenu Gupta,EQ-MID,1,11912.4,1.72,Open Ended,2004-08-09,Nifty Midcap 150 - TRI,415.62,422.18,290.17,5.07,1.0,9.79,40.75,40.87,26.21,25.28,17.43,88.0,72.0,76029.0,25.09,62.44,10.79,Capital Goods,,,,27.52,1.68,2.46,1.03,19.41,Equity : Mid Cap,Nil upto 10% of units and 1% for above the limits on or before 1Y Nil after 1Y,21.0
HSBC Money Market Fund-Reg(G),Kapil Punjabi,DT-MM,2,2654.0,0.4,Open Ended,2005-08-10,Nifty Money Market Index,25.41,25.41,23.65,0.62,1.76,3.62,7.46,7.21,6.15,5.32,6.71,0.0,50.0,156243.5,55.18,14.37,15.24,Not Applicable,0.37,0.35,7.31,3.3,10.54,21.82,0.03,0.32,Debt : Money Market,Nil,20.0
HSBC Multi Asset Allocation Fund-Reg(G),Cheenu Gupta,HY-MULTI,Unrated,2133.3,1.88,Open Ended,2024-02-28,BSE 200 - TRI,12.35,12.54,9.71,3.0,1.9,6.92,11.97,15.99,,,,36.0,50.0,71814.0,25.34,24.87,17.17,Capital Goods,,,,4.33,1.34,2.01,0.88,12.37,Hybrid : Multi Asset Allocation,Nil upto 10% of units and 1% for remaining units on or before 1Y Nil after 1Y,1.0
HSBC Multi Cap Fund-Reg(G),Venugopal Manghat,EQ-MLC,Unrated,4361.9,1.86,Open Ended,2023-01-30,Nifty500 Multicap 50:25:25 - TRI,19.17,19.53,14.58,1.12,-2.5,3.19,29.37,15.99,,,,25.0,98.0,95296.0,42.97,29.5,26.44,Financials,,,,18.57,1.38,1.99,0.98,17.1,Equity : Multi Cap,Nil upto 10% of units and 1% for remaining units on or before 1Y Nil after 1Y,2.0
HSBC Nifty 50 Index Fund-Reg(G),Praveen Ayathan,EQ-INDX,Unrated,292.5,0.45,Open Ended,2020-04-15,NIFTY 50 - TRI,27.7,30.02,24.18,-1.65,-7.93,-1.47,9.89,15.99,12.38,,,8.0,50.0,555837.0,98.51,1.24,15.24,Financials,,,,1.49,0.47,0.71,0.99,13.95,Equity : Index Funds,Nil upto 10% of units and 1% for remaining units on or before 1M Nil after 1M,5.0
HSBC Nifty Next 50 Index Fund-Reg(G),Praveen Ayathan,EQ-INDX,Unrated,134.8,0.8,Open Ended,2020-04-15,NIFTY NEXT 50 - TRI,29.53,33.3,22.87,-3.59,-11.79,-5.63,27.21,27.4,17.44,,,41.0,50.0,143043.0,88.16,11.75,15.24,Financials,,,,16.83,1.12,1.62,1.14,20.17,Equity : Index Funds,Nil upto 10% of units and 1% for remaining units on or before 1M Nil after 1M,5.0
HSBC Overnight Fund-Reg(G),Kapil Punjabi,DT-ON,3,2275.8,0.16,Open Ended,2019-05-22,Nifty 1D Rate Index,1306.06,1306.06,1225.16,0.55,1.61,3.23,6.62,6.61,5.93,4.83,,0.0,50.0,156243.5,55.18,14.37,15.24,Not Applicable,0.01,0.01,6.65,0.28,30.45,2.03,0.88,0.01,Debt : Overnight,Nil,6.0
HSBC Short Duration Fund-Reg(G),Shriram Ramanathan,DT-SD,3,3844.6,0.75,Open Ended,2011-12-27,Nifty Short Duration Debt Index,25.29,25.29,23.53,0.49,1.43,3.91,7.48,7.03,5.58,5.84,6.77,0.0,50.0,156243.5,55.18,14.37,15.24,Not Applicable,3.56,2.8,7.37,2.42,4.97,9.89,0.33,0.68,Debt : Short Duration,Nil,14.0
HSBC Small Cap Fund-Reg(G),Venugopal Manghat,EQ-SML,3,17237.3,1.68,Open Ended,2014-05-12,Nifty Smallcap 250 - TRI,89.93,92.06,64.98,1.26,-0.81,4.04,29.81,37.41,24.31,31.06,20.27,30.0,100.0,23198.0,3.13,21.44,73.38,Financials,,,,19.73,1.36,1.99,0.84,17.65,Equity : Small Cap,Nil upto 10% of units and 1% for above the limits on or before 1Y Nil after 1Y,11.0
HSBC Tax Saver Equity Fund(G),Gautam Bhupal,EQ-ELSS,3,260.2,2.47,Open Ended,2007-01-05,NIFTY 500 - TRI,96.72,98.42,71.13,1.52,1.74,11.07,34.06,30.08,19.25,20.17,13.74,18.0,51.0,101969.0,43.4,20.47,34.16,Financials,,,,22.13,1.77,2.57,0.92,15.12,Equity : Tax Saving (ELSS),Nil,18.0
HSBC Ultra Short Duration Fund-Reg(G),Mahesh Chhabria,DT-USD,2,2741.7,0.47,Open Ended,2020-01-29,NIFTY Ultra Short Duration Debt Index,1304.86,1304.86,1215.41,0.62,1.74,3.57,7.38,7.18,6.31,,,0.0,50.0,156243.5,55.18,14.37,15.24,Not Applicable,0.47,0.41,7.33,3.23,11.04,21.93,0.03,0.3,Debt : Ultra Short Duration,Nil,5.0
HSBC Value Fund-Reg(G),Venugopal Manghat,EQ-VAL,4,13674.9,1.72,Open Ended,2010-01-08,NIFTY 500 - TRI,109.07,113.44,85.12,-0.58,-4.74,0.03,26.04,32.94,23.24,24.36,16.81,26.0,74.0,87768.0,42.71,16.98,39.56,Financials,,,,16.03,1.21,1.71,1.05,17.66,Equity : Value / Contra,Nil upto 10% of units and 1% for above the limits on or before 1Y Nil after 1Y,15.0
ICICI Pru All Seasons Bond Fund(G),Manish Banthia,DT-DYN,4,13409.9,1.29,Open Ended,2010-01-20,NIFTY Composite Debt Index,35.31,35.33,32.65,0.47,1.5,4.23,8.17,7.85,6.74,7.17,7.99,0.0,50.0,156243.5,55.18,14.37,15.24,Not Applicable,5.54,3.51,7.64,2.37,3.56,6.22,0.57,1.14,Debt : Dynamic Bond,0.25% on or before 1M Nil after 1M,15.0
ICICI Pru Asset Allocator Fund(FOF)(G),Sankaran Naren,FOF-DOM,Unrated,23352.9,1.26,Open Ended,2003-12-18,CRISIL Hybrid 50+50 - Moderate Index,113.18,115.21,99.41,-0.11,-1.48,3.4,13.56,15.88,13.28,13.92,11.76,0.0,50.0,156243.5,55.18,14.37,15.24,Not Applicable,4.42,2.42,7.59,6.73,1.99,3.23,0.81,4.61,FoFs : Domestic,Nil on 30% of units within 1Y and 1% for more than 30% of units within 1Y Nil after 1Y,22.0
ICICI Pru Balanced Advantage Fund(G),Manish Banthia,HY-DYN,3,60534.1,1.46,Open Ended,2006-12-30,CRISIL Hybrid 50+50 - Moderate Index,70.04,71.85,61.41,-0.07,-2.86,2.76,12.58,14.94,12.62,12.84,10.91,31.0,88.0,310924.0,60.81,6.57,1.37,Financials,2.39,1.08,7.46,5.32,1.42,2.27,0.97,5.74,Hybrid : Dynamic Asset Allocation,Nil upto 30% of units and 1% for remaining units on or before 1Y Nil after 1Y,19.0
ICICI Pru Banking & Fin Serv Fund(G),Roshan Chutkey,EQ-FIN,3,9025.7,1.82,Open Ended,2008-08-22,Nifty Financial Services - TRI,121.74,130.66,102.74,-1.38,-5.54,0.09,12.24,15.31,14.38,11.38,12.29,52.0,36.0,302810.0,70.14,15.26,9.38,Financials,,,,4.18,0.62,0.95,0.86,13.71,Equity : Sectoral - Financial Services,1% on or before 15D NIL after 15D,17.0
ICICI Pru Banking & PSU Debt Fund(G),Manish Banthia,DT-B&PSU,3,9126.6,0.74,Open Ended,2010-01-01,NIFTY Banking and PSU Debt Index,31.36,31.36,29.08,0.62,1.83,3.91,7.85,7.57,6.47,6.54,7.53,0.0,50.0,156243.5,55.18,14.37,15.24,Not Applicable,4.44,2.82,7.58,2.92,5.48,10.09,0.29,0.69,Debt : Banking & PSU,Nil,15.0
ICICI Pru Bharat 22 FOF-(G),Nishit Patel,FOF-DOM,Unrated,2266.7,0.13,Open Ended,2018-06-29,BSE Bharat 22 Index,32.1,35.44,26.82,-4.63,-10.3,-3.03,17.71,37.4,34.7,25.62,,18.0,22.0,156243.5,55.18,14.37,15.24,Not Applicable,,,,7.03,0.73,1.04,2.92,21.37,FoFs : Domestic,Nil,7.0
ICICI Pru Bharat Consumption Fund(G),Sankaran Naren,EQ-CONS,Unrated,3225.4,1.99,Open Ended,2019-04-12,Nifty India Consumption - TRI,25.26,27.85,21.27,-0.92,-10.07,2.26,16.51,26.0,20.46,18.99,,105.0,59.0,143894.0,67.23,7.79,17.72,FMCG,,,,9.05,1.12,1.93,0.58,10.68,Equity : Thematic - Consumption,1% on or before 3M Nil after 3M,6.0
ICICI Pru Bluechip Fund(G),Anish Tawakley,EQ-LC,4,63938.0,1.44,Open Ended,2008-05-23,NIFTY 100 - TRI,105.86,113.98,88.07,-1.52,-7.05,0.28,17.4,22.88,17.47,18.72,13.78,21.0,68.0,394642.0,84.81,5.95,0.67,Financials,,,,8.59,1.0,1.51,0.91,13.16,Equity : Large Cap,1% on or before 1Y NIL after 1Y,17.0
ICICI Pru Bond Fund(G),Manish Banthia,DT-M&LD,4,2968.5,1.03,Open Ended,2008-08-18,CRISIL Medium to Long Term Debt Index,38.41,38.43,35.32,0.4,1.33,4.42,8.62,8.09,6.4,6.66,7.37,0.0,50.0,156243.5,55.18,14.37,15.24,Not Applicable,7.63,5.0,7.24,1.94,2.76,4.68,0.84,1.61,Debt : Medium to Long Duration,Nil,17.0
ICICI Pru BSE 500 ETF,Nishit Patel,EQ-ETF,Unrated,350.3,0.32,Open Ended,2018-05-09,BSE 500 - TRI,38.3,41.19,32.18,-1.07,-7.53,-1.18,15.69,21.51,15.69,18.84,,8.0,501.0,224481.0,71.44,18.06,10.48,Financials,,,,7.36,0.8,1.17,1.0,14.91,Equity : ETFs,,7.0
ICICI Pru BSE 500 ETF FOF-Reg(G),Nishit Patel,FOF-DOM,Unrated,122.0,0.59,Open Ended,2021-12-01,BSE 500 - TRI,15.22,16.58,12.99,-1.6,-8.08,-1.6,14.38,19.99,14.46,,,18.0,50.0,156243.5,55.18,14.37,15.24,Not Applicable,,,,3.81,0.83,1.24,2.38,12.96,FoFs : Domestic,Nil,4.0
ICICI Pru BSE Liquid Rate ETF,Darshil Dedhia,DT-ETF,Unrated,2545.1,0.25,Open Ended,2018-09-25,BSE Liquid Rate Index,1000.0,1000.0,1000.0,0.54,1.57,3.15,6.46,6.47,5.81,4.53,,0.0,50.0,156243.5,55.18,14.37,15.24,Not Applicable,0.01,,6.64,1.06,7.9,10.24,0.88,0.13,Debt : ETFs,,7.0
ICICI Pru BSE Midcap Select ETF,Nishit Patel,EQ-ETF,Unrated,80.0,0.15,Open Ended,2016-07-04,BSE MidCap Select Index - TRI,18.69,159.15,15.24,3.81,-2.56,5.52,32.85,36.6,21.65,22.96,,75.0,30.0,73449.0,7.48,92.5,15.24,Financials,,,,21.75,1.41,2.16,1.03,18.85,Equity : ETFs,,9.0
ICICI Pru BSE Sensex ETF,Nishit Patel,EQ-ETF,Unrated,13895.5,0.03,Open Ended,2003-01-10,BSE SENSEX - TRI,901.68,966.58,784.86,-1.63,-6.68,-0.79,9.88,15.73,12.49,15.25,12.33,3.0,30.0,684546.0,99.27,0.72,15.24,Financials,,,,1.81,0.47,0.72,0.99,13.84,Equity : ETFs,Nil,22.0
ICICI Pru BSE Sensex Index Fund(G),Nishit Patel,EQ-INDX,3,1747.2,0.27,Open Ended,2017-09-21,BSE SENSEX - TRI,25.95,27.84,22.63,-1.65,-6.75,-0.93,9.65,15.33,12.1,14.91,,12.0,30.0,684574.0,99.21,0.72,15.24,Financials,,,,1.23,0.45,0.7,0.99,13.88,Equity : Index Funds,Nil,8.0
ICICI Pru Business Cycle Fund(G),Anish Tawakley,EQ-THEM,Unrated,11880.5,1.71,Open Ended,2021-01-18,NIFTY 500 - TRI,22.36,24.35,18.44,-1.97,-7.18,-0.93,20.47,26.48,20.87,,,36.0,72.0,305019.0,73.82,9.77,4.61,Financials,,,,11.77,1.28,1.92,0.81,12.36,Equity : Thematic,1% on or before 1M Nil after 1M,4.0
ICICI Pru Child Care Fund-Gift Plan,Lalit Kumar,HY-SOL,3,1319.8,2.2,Open Ended,2001-08-31,NIFTY 50 Hybrid Composite Debt 65:35 Index,310.6,329.44,259.59,-0.84,-6.22,-1.1,17.06,23.4,16.23,16.17,11.6,48.0,60.0,130263.0,58.3,15.41,9.43,Construction,,,,6.88,0.9,1.31,2.15,14.61,Hybrid : Solution Oriented,Nil,24.0
ICICI Pru Commodities Fund(G),Lalit Kumar,EQ-THEM,Unrated,2399.1,2.03,Open Ended,2019-10-15,NIFTY COMMODITIES - TRI,38.68,43.45,33.99,-2.51,-11.62,-11.19,8.05,16.82,16.76,29.61,,31.0,44.0,65240.0,41.46,35.81,19.52,Metals,,,,0.88,0.31,0.46,1.12,21.12,Equity : Thematic,1% on or before 3M Nil after 3M,6.0
ICICI Pru Constant Maturity Gilt Fund(G),Manish Banthia,DT-GL10Y,Unrated,2636.8,0.39,Open Ended,2014-09-12,Crisil 10 Yr Gilt Index,23.42,23.45,21.41,0.37,1.04,4.71,9.26,8.41,5.95,6.69,8.13,0.0,50.0,156243.5,55.18,14.37,15.24,Not Applicable,9.55,6.8,6.9,1.59,2.29,4.02,1.15,2.19,Debt : Gilt (10 Yr Constant Duration),Nil,11.0
ICICI Pru Corp Bond Fund(G),Manish Banthia,DT-CORP,3,28992.6,0.58,Open Ended,2009-08-11,NIFTY Corporate Bond Index,28.54,28.54,26.43,0.55,1.75,4.0,7.98,7.78,6.67,6.88,7.56,0.0,50.0,156243.5,55.18,14.37,15.24,Not Applicable,3.88,2.4,7.61,3.15,6.52,12.59,0.26,0.6,Debt : Corporate Bond,Nil,16.0
ICICI Pru Credit Risk Fund(G),Manish Banthia,DT-CR,5,6418.7,1.41,Open Ended,2010-12-03,CRISIL Credit Risk Debt Index,30.34,30.34,28.0,0.51,1.58,4.28,8.44,7.86,6.92,7.33,7.8,0.0,50.0,156243.5,55.18,14.37,15.24,Not Applicable,2.36,1.84,8.52,3.65,3.89,7.15,0.25,1.13,Debt : Credit Risk,Nil upto 10% of units and 1% on remaining units on or before 1Y Nil after 1Y,15.0
ICICI Pru Debt Mgmt Fund(FOF)(G),Manish Banthia,FOF-DOM,Unrated,116.1,0.66,Open Ended,2003-12-18,CRISIL Composite Bond Index,42.95,42.95,39.73,0.48,1.55,4.01,8.09,7.76,6.51,6.65,7.68,0.0,50.0,156243.5,55.18,14.37,15.24,Not Applicable,,,7.58,2.67,4.39,7.72,0.44,0.91,FoFs : Domestic,0.25% on or before 15D Nil after 15D,22.0
ICICI Pru Dividend Yield Equity Fund(G),Mittul Kalawadia,EQ-DIV,Unrated,4783.4,1.85,Open Ended,2014-05-16,NIFTY 500 - TRI,50.12,54.69,40.49,-1.68,-9.03,-0.06,21.44,30.59,23.24,25.34,14.45,32.0,64.0,276342.0,79.68,6.28,8.2,Financials,,,,12.2,1.2,1.75,0.92,14.03,Equity : Thematic - Dividend Yield,1% on or before 1Y Nil after 1Y,11.0
ICICI Pru ELSS Tax Saver Fund(G),Mittul Kalawadia,EQ-ELSS,3,14210.2,1.72,Open Ended,1999-08-19,NIFTY 500 - TRI,895.02,978.31,745.07,-1.49,-8.28,1.71,17.33,20.89,14.47,17.67,12.84,28.0,78.0,215645.0,70.83,11.39,16.32,Financials,,,,8.77,1.04,1.6,0.82,12.37,Equity : Tax Saving (ELSS),Nil,26.0
ICICI Pru Energy Opportunities Fund-Reg(G),Sankaran Naren,EQ-POWER,Unrated,9855.2,1.71,Open Ended,2024-07-22,NIFTY ENERGY - TRI,9.64,10.43,9.43,-2.05,-8.0,3.25,11.97,15.99,,,,23.0,43.0,200082.0,62.62,14.24,11.32,Energy,,,,4.33,1.34,2.01,0.88,12.37,Equity : Sectoral - Energy / Power,1% on or before 3M Nil after 3M,1.0
ICICI Pru Equity & Debt Fund(G),Sankaran Naren,HY-EQ,5,40089.0,1.58,Open Ended,1999-11-03,CRISIL Hybrid 35+65 - Aggressive Index,368.98,392.33,308.63,-0.92,-6.09,1.37,17.79,23.17,19.46,21.17,14.95,27.0,87.0,311311.0,61.77,3.52,5.04,Financials,2.59,1.28,7.64,7.99,1.25,1.86,1.74,10.47,Hybrid : Equity Oriented,Nil upto 30% of units and 1% for remaining units on or before 1Y Nil after 1Y,26.0
ICICI Pru Equity Minimum Variance Fund-Reg(G),Vaibhav Dusad,EQ-THEM,Unrated,709.5,1.08,Open Ended,2024-12-06,NIFTY 50 - TRI,9.96,10.04,9.81,0.31,-2.11,3.25,11.97,15.99,,,,18.0,50.0,156243.5,55.18,14.37,15.24,,,,,4.33,1.34,2.01,0.88,12.37,Equity : Thematic,1% on or before 12M Nil after 12M,1.0
ICICI Pru Equity Savings Fund(G),Dharmesh Kakkad,HY-EQ,1,12436.9,0.97,Open Ended,2014-12-05,NIFTY 50 Equity Savings Index,21.62,21.62,19.88,0.23,0.14,3.6,8.45,9.28,8.6,7.94,7.97,62.0,58.0,411936.0,71.23,1.82,0.7,Financials,1.99,1.25,7.05,3.7,1.98,4.0,0.21,2.18,Hybrid : Equity Oriented,Nil upto 10% of units and 0.25% for remaining units on or before 7D Nil after 7D,11.0
ICICI Pru Equity-Arbitrage Fund(G),Archana Nair,HY-ARB,3,24759.6,0.89,Open Ended,2006-12-30,Nifty 50 Arbitrage,33.18,33.18,30.87,0.65,1.85,3.54,7.56,7.36,6.3,5.38,5.89,0.0,164.0,223116.0,54.06,13.25,3.0,Financials,0.15,0.14,6.84,3.58,3.36,7.76,-0.07,1.0,Hybrid : Arbitrage,0.25% on or before 1M Nil after 1M,19.0
ICICI Pru ESG Exclusionary Strategy Fund(G),Mittul Kalawadia,EQ-THEM,Unrated,1528.7,2.14,Open Ended,2020-10-09,NIFTY100 ESG - TRI,21.55,23.5,17.66,-0.32,-7.23,6.0,22.1,27.02,15.9,,,20.0,47.0,155574.0,62.81,6.07,23.79,Financials,,,,13.56,1.37,2.11,0.77,12.75,Equity : Thematic,1% on or before 12M Nil after 12M,5.0
ICICI Pru Exports & Services Fund(G),Sankaran Naren,EQ-THEM,3,1450.5,2.26,Open Ended,2005-11-30,BSE 500 - TRI,155.52,168.92,125.44,-0.61,-6.99,2.98,23.48,25.16,18.85,21.6,14.15,125.0,57.0,259641.0,73.27,9.73,9.88,Financials,,,,14.11,1.52,2.3,0.79,11.91,Equity : Thematic,1% on or before 15D Nil after 15D,20.0
ICICI Pru Flexicap Fund(G),Rajat Chandak,EQ-FLEX,Unrated,16857.0,1.7,Open Ended,2021-07-19,BSE 500 - TRI,18.56,19.88,14.77,-0.6,-7.23,2.07,22.2,25.96,20.05,,,42.0,63.0,131687.0,66.26,10.37,21.98,Automobile and Ancillaries,,,,13.08,1.3,2.05,0.83,13.24,Equity : Flexi Cap,1% on or before 12M Nil after 12M,4.0
ICICI Pru Floating Interest Fund(G),Ritesh Lunawat,DT-FL,4,8330.1,1.19,Open Ended,2005-11-17,NIFTY Low Duration Debt Index,407.5,407.5,377.43,0.49,1.75,3.92,7.97,7.85,6.65,6.61,7.18,0.0,50.0,156243.5,55.18,14.37,15.24,Not Applicable,5.63,1.11,7.94,3.75,6.88,16.97,0.05,0.57,Debt : Floater,Nil,20.0
ICICI Pru FMCG Fund(G),Priyanka Khandelwal,EQ-CONS,1,1728.5,2.17,Open Ended,1999-03-31,NIFTY FMCG - TRI,477.53,554.32,440.95,-2.26,-12.73,-1.78,0.58,11.51,13.74,14.0,11.93,49.0,22.0,203387.0,76.27,7.49,10.37,FMCG,,,,-4.51,-0.19,-0.33,0.42,12.54,Equity : Thematic - Consumption,1% on or before 15D NIL after 15D,26.0
ICICI Pru FMP-85-10Y-I(G),Darshil Dedhia,DT-FMP,Unrated,440.6,1.08,Closed Ended,2019-03-15,CRISIL Composite Bond Index,15.92,15.97,14.59,0.31,1.22,4.32,9.3,8.18,6.52,7.02,,18.0,50.0,156243.5,55.18,14.37,15.24,Not Applicable,,,,4.13,3.66,7.01,0.29,1.36,Debt : FTP/FMP,,6.0
ICICI Pru FMP-88-1226D-F(G),Darshil Dedhia,DT-FMP,Unrated,128.8,1.08,Closed Ended,2022-12-08,CRISIL Medium Duration Debt Index,11.53,11.53,10.71,0.63,1.6,3.83,7.66,7.21,,,,18.0,50.0,156243.5,55.18,14.37,15.24,Not Applicable,,,,2.9,5.25,11.48,0.23,0.68,Debt : FTP/FMP,,3.0
ICICI Pru FMP-88-1303D-S(G),Darshil Dedhia,DT-FMP,Unrated,62.0,1.08,Closed Ended,2023-03-14,CRISIL Medium Duration Debt Index,11.43,11.43,10.6,0.55,1.52,3.8,7.97,15.99,,,,18.0,50.0,156243.5,55.18,14.37,15.24,Not Applicable,,,,3.3,5.78,13.07,0.18,0.67,Debt : FTP/FMP,,2.0
ICICI Pru Focused Equity Fund(G),Vaibhav Dusad,EQ-LC,5,9944.7,1.74,Open Ended,2009-05-28,BSE 500 - TRI,85.99,92.97,66.82,-0.94,-7.43,1.92,26.72,27.88,20.32,23.97,13.96,89.0,29.0,240132.0,77.6,14.37,1.78,Financials,,,,16.68,1.62,2.58,0.83,12.92,Equity : Large Cap,1% on or before 1Y Nil after 1Y,16.0
ICICI Pru Gilt Fund(G),Manish Banthia,DT-GILT,4,6780.6,1.09,Open Ended,1999-08-19,Nifty All Duration G-Sec Index,98.07,98.13,90.73,0.4,1.33,4.09,8.11,8.16,6.64,7.12,7.89,0.0,50.0,156243.5,55.18,14.37,15.24,Not Applicable,6.55,3.72,6.9,1.86,2.67,4.39,0.72,1.5,Debt : Gilt,Nil,26.0
ICICI Pru Global Advantage Fund(FOF)(G),Sankaran Naren,FOF-OVR,Unrated,326.5,1.34,Open Ended,2019-10-07,S&P Global 1200,15.73,16.87,12.59,-0.14,-4.33,8.15,18.01,14.11,5.33,6.7,,18.0,50.0,156243.5,55.18,14.37,15.24,Not Applicable,,,,12.75,1.03,1.64,0.6,14.01,FoFs : Overseas,1% on or before 1M Nil after 1M,6.0
ICICI Pru Global Stable Equity Fund(FOF)(G),Ritesh Lunawat,FOF-OVR,Unrated,120.4,1.51,Open Ended,2013-09-13,MSCI World,25.5,26.73,23.66,-2.89,-4.39,5.85,5.68,8.63,6.8,8.46,8.24,0.0,50.0,156243.5,55.18,14.37,15.24,Not Applicable,0.01,,,0.1,0.24,0.39,0.77,9.62,FoFs : Overseas,1% on or before 1M Nil after 1M,12.0
ICICI Pru Gold ETF,Gaurav Chikane,GOLD-ETF,Unrated,5724.6,0.5,Open Ended,2010-08-24,Gold-India,66.56,68.89,53.59,-0.17,1.3,6.33,19.91,16.84,15.86,13.35,9.76,0.0,50.0,156243.5,55.18,14.37,15.24,Not Applicable,,,7.58,16.03,1.22,1.83,-0.05,13.0,Gold : ETFs,Nil,15.0
ICICI Pru Housing Opp Fund-Reg(G),Anand Sharma,EQ-THEM,Unrated,2482.1,2.04,Open Ended,2022-04-18,Nifty Housing - TRI,16.6,17.79,14.06,-1.79,-6.59,-2.66,15.2,22.92,,,,74.0,44.0,131154.0,58.66,9.33,21.55,Financials,,,,6.83,0.78,1.11,0.95,14.93,Equity : Thematic,1% on or before 1M Nil after 1M,3.0
ICICI Pru Income Optimizer Fund(FOF)(G),Dharmesh Kakkad,FOF-DOM,Unrated,270.8,1.09,Open Ended,2003-12-18,CRISIL Composite Bond Index,60.32,60.48,53.61,0.24,-0.01,4.71,12.37,13.37,11.11,10.64,8.61,0.0,50.0,156243.5,55.18,14.37,15.24,Not Applicable,0.23,,,6.83,2.39,4.14,0.42,3.38,FoFs : Domestic,1% on or before 12M Nil after 12M,22.0
ICICI Pru India Equity (FOF)(G),Dharmesh Kakkad,FOF-DOM,Unrated,150.0,1.18,Open Ended,2020-02-25,BSE 500 - TRI,29.43,31.52,23.72,-0.83,-5.88,2.57,23.66,28.72,20.81,,,18.0,50.0,156243.5,55.18,14.37,15.24,Not Applicable,,,,12.98,1.49,2.25,1.91,12.54,FoFs : Domestic,1% on or before 12M Nil after 12M,5.0
ICICI Pru India Opp Fund(G),Sankaran Naren,EQ-THEM,3,24786.0,1.62,Open Ended,2019-01-15,NIFTY 500 - TRI,34.01,36.4,27.36,-1.09,-6.49,3.29,21.98,29.23,26.17,26.04,,77.0,68.0,201451.0,60.69,16.4,13.77,Financials,,,,13.18,1.52,2.38,0.72,11.08,Equity : Thematic,1% on or before 12M Nil after 12M,6.0
ICICI Pru Infrastructure Fund(G),Ihab Dalwai,EQ-INFRA,4,6989.6,1.87,Open Ended,2005-08-31,BSE India Infrastructure Index - TRI,188.23,202.73,145.87,-1.44,-8.19,-2.28,27.42,35.85,33.96,29.69,16.24,58.0,61.0,99385.0,50.26,15.13,29.49,Infrastructure,,,,17.29,1.27,1.77,1.05,17.85,Equity : Sectoral - Infrastructure,1% on or before 15D NIL after 15D,20.0
ICICI Pru Innovation Fund-Reg(G),Anish Tawakley,EQ-THEM,Unrated,6408.1,1.81,Open Ended,2023-04-28,NIFTY 500 - TRI,17.49,18.81,13.52,-0.34,-6.27,1.27,28.98,15.99,,,,87.0,64.0,122404.0,64.99,13.27,8.97,Healthcare,,,,19.1,1.87,2.91,0.73,12.19,Equity : Thematic,1% on or before 12M Nil after 12M,2.0
ICICI Pru Large & Mid Cap Fund(G),Ihab Dalwai,EQ-L&M,3,17694.5,1.7,Open Ended,1998-07-09,NIFTY LargeMidcap 250 - TRI,943.23,1024.17,764.47,-1.58,-8.82,0.18,20.79,26.11,21.38,22.87,14.64,63.0,89.0,123789.0,46.9,37.26,10.94,Financials,,,,12.2,1.27,1.87,0.82,12.89,Equity : Large & Mid Cap,1% on or before 1M Nil after 1M,27.0
ICICI Pru Liquid Fund(G),Darshil Dedhia,DT-LIQ,3,50756.3,0.29,Open Ended,2005-11-17,CRISIL Liquid Debt Index,373.73,373.73,348.19,0.59,1.74,3.54,7.36,7.16,6.37,5.31,6.31,0.0,50.0,156243.5,55.18,14.37,15.24,Not Applicable,0.11,0.1,7.08,0.76,9.6,5.59,0.88,0.08,Debt : Liquid,0.007% for Day 1 0.0065% on Day 2 0.0060% on Day 3 0.0055% on Day 4 0.0050% on Day 5 0.0045% on Day 6 NIL on or after 7D,20.0
ICICI Pru Long Term Bond Fund(G),Manish Banthia,DT-LD,Unrated,1013.2,0.97,Open Ended,1998-07-09,CRISIL Long Duration Debt Index,85.99,86.09,77.93,0.34,1.05,4.56,10.17,8.38,5.94,5.72,7.24,0.0,50.0,156243.5,55.18,14.37,15.24,Not Applicable,10.08,6.83,7.1,2.87,3.13,5.57,0.99,1.86,Debt : Long Duration,Nil,27.0
ICICI Pru LT Wealth Enhancement Fund(G),Rajat Chandak,EQ-ELSS,Unrated,42.0,1.39,Closed Ended,2018-03-23,NIFTY 500 - TRI,28.74,30.65,22.14,-0.98,-6.6,4.01,27.32,26.74,22.7,19.83,,13.0,24.0,219483.0,76.92,4.96,16.53,Retail and Other Services,,,,17.46,1.68,2.79,0.8,12.78,Equity : Tax Saving (ELSS),,7.0
ICICI Pru Manufacturing Fund(G),Anish Tawakley,EQ-THEM,3,6699.1,1.81,Open Ended,2018-10-11,Nifty India Manufacturing - TRI,33.46,36.78,27.05,-2.77,-10.28,-8.34,21.6,34.61,25.1,26.05,,36.0,87.0,101938.0,57.95,17.91,21.78,Automobile and Ancillaries,,,,12.57,1.05,1.54,0.99,16.79,Equity : Thematic,1% on or before 1Y Nil after 1Y,7.0
ICICI Pru Medium Term Bond Fund(G),Manish Banthia,DT-MD,4,5928.5,1.35,Open Ended,2004-09-15,NIFTY Medium Duration Debt Index,42.75,42.75,39.56,0.51,1.61,4.14,8.03,7.51,6.38,6.97,7.42,0.0,50.0,156243.5,55.18,14.37,15.24,Not Applicable,4.38,3.28,8.16,2.52,4.39,8.25,0.46,0.89,Debt : Medium Duration,Nil upto 10% of units and 1% for Excess units on or before 1Y Nil after 1Y,21.0
ICICI Pru Midcap Fund(G),Lalit Kumar,EQ-MID,3,6368.5,1.88,Open Ended,2004-10-28,Nifty Midcap 150 - TRI,287.36,303.96,224.27,-0.15,-6.12,-1.57,26.91,30.17,20.67,24.46,15.4,67.0,92.0,59072.0,19.73,61.82,15.92,Construction,,,,17.29,1.26,1.84,0.97,17.58,Equity : Mid Cap,1% on or before 1Y Nil after 1Y,21.0
ICICI Pru MNC Fund(G),Roshan Chutkey,EQ-MNC,Unrated,1743.6,2.12,Open Ended,2019-06-17,NIFTY MNC - TRI,28.18,30.76,23.96,-0.39,-8.15,0.21,16.93,21.69,13.85,21.8,,61.0,46.0,84802.0,46.65,21.38,23.7,FMCG,,,,9.75,1.19,1.88,0.58,10.66,Equity : Thematic - MNC,1% on or before 12M Nil after 12M,6.0
ICICI Pru Money Market Fund(G),Manish Banthia,DT-MM,4,28736.3,0.32,Open Ended,2006-03-08,Nifty Money Market Index,365.03,365.03,339.01,0.63,1.79,3.7,7.69,7.53,6.6,5.93,6.78,0.0,50.0,156243.5,55.18,14.37,15.24,Not Applicable,0.3,0.28,7.27,3.55,11.1,23.08,0.03,0.33,Debt : Money Market,Nil,19.0
ICICI Pru Multi-Asset Fund(G),Sankaran Naren,HY-MULTI,Unrated,50987.9,1.45,Open Ended,2002-10-31,NIFTY 200 - TRI,694.53,730.56,593.98,-0.86,-4.38,1.83,16.42,20.22,19.1,20.08,14.06,30.0,86.0,248283.0,50.93,11.89,3.72,Financials,1.23,0.75,7.15,8.49,1.56,2.42,1.12,7.56,Hybrid : Multi Asset Allocation,Nil upto 30% of units and 1% for remaining units on or before 1Y Nil after 1Y,23.0
ICICI Pru Multicap Fund(G),Sankaran Naren,EQ-MLC,3,14193.2,1.74,Open Ended,1994-10-01,Nifty500 Multicap 50:25:25 - TRI,774.4,833.72,632.57,-1.83,-7.61,1.25,20.59,28.42,20.14,20.63,14.69,86.0,128.0,97299.0,41.2,24.04,27.4,Financials,,,,12.3,1.28,1.91,0.8,12.7,Equity : Multi Cap,1% on or before 12M Nil after 12M,31.0
ICICI Pru NASDAQ 100 Index Fund(G),Sharmila Dmello,EQ-INTL,Unrated,1730.0,0.98,Open Ended,2021-10-18,Nasdaq-100,15.45,16.06,11.66,1.94,7.18,9.6,28.51,40.41,13.63,,,13.0,101.0,156243.5,55.18,14.37,15.24,,,,,23.13,1.31,2.11,0.22,18.41,Equity : International,Nil,4.0
ICICI Pru Nifty 10 yr Benchmark G-Sec ETF,Darshil Dedhia,DT-GL10Y,Unrated,559.9,0.14,Open Ended,2022-12-13,Nifty 10 yr Benchmark G-Sec,242.39,243.02,221.49,0.41,1.0,4.66,9.27,8.32,,,,0.0,50.0,156243.5,55.18,14.37,15.24,Not Applicable,9.83,7.02,6.87,1.54,2.3,4.13,1.17,2.18,Debt : Gilt (10 Yr Constant Duration),,3.0
ICICI Pru Nifty 100 ETF,Nishit Patel,EQ-ETF,Unrated,105.2,0.48,Open Ended,2013-08-20,NIFTY 100 - TRI,27.61,258.33,25.03,-1.86,-8.48,-2.05,12.76,17.44,13.06,15.8,12.31,10.0,100.0,437035.0,96.91,3.09,15.24,Financials,,,,4.46,0.63,0.94,1.02,14.53,Equity : ETFs,Nil,12.0
ICICI Pru Nifty 100 Low Volatility 30 ETF,Nishit Patel,EQ-ETF,Unrated,3419.1,0.41,Open Ended,2017-07-04,Nifty100 Low Volatility 30 - TRI,21.37,196.79,19.02,-0.49,-10.07,0.61,12.09,22.45,15.02,18.22,,43.0,30.0,323008.0,96.55,3.45,15.24,FMCG,,,,4.96,0.72,1.24,0.7,11.44,Equity : ETFs,,8.0
ICICI Pru Nifty 100 Low Volatility 30 ETF FOF(G),Nishit Patel,EQ-ETF,Unrated,1370.7,0.54,Open Ended,2021-04-12,Nifty100 Low Volatility 30 - TRI,17.59,19.5,15.19,-0.49,-10.32,0.47,11.55,21.72,14.27,,,18.0,50.0,156243.5,55.18,14.37,15.24,,,,,3.98,0.7,1.16,1.25,10.92,Equity : ETFs,Nil,4.0
ICICI Pru Nifty 200 Momentum 30 ETF,Nishit Patel,EQ-ETF,Unrated,400.4,0.3,Open Ended,2022-08-04,Nifty200 Momentum 30 - TRI,34.03,38.81,27.79,-4.19,-12.99,-7.66,20.51,31.37,,,,92.0,30.0,199237.0,87.08,12.91,15.24,Automobile and Ancillaries,,,,11.82,0.8,1.17,1.25,22.11,Equity : ETFs,,3.0
ICICI Pru Nifty 200 Momentum 30 Index Fund-Reg(G),Nishit Patel,EQ-INDX,Unrated,505.9,0.99,Open Ended,2022-08-05,Nifty200 Momentum 30 - TRI,17.96,20.48,14.76,-4.02,-12.97,-7.87,19.7,30.19,,,,89.0,30.0,199226.0,87.5,12.97,15.24,Automobile and Ancillaries,,,,10.71,0.77,1.14,1.23,21.91,Equity : Index Funds,Nil,3.0
ICICI Pru Nifty 200 Quality 30 ETF,Nishit Patel,EQ-ETF,Unrated,126.5,0.3,Open Ended,2023-08-07,NIFTY200 Quality 30 - TRI,21.49,190.5,18.97,-2.08,-10.68,-0.01,13.9,15.99,,,,54.0,30.0,210987.0,75.3,23.75,0.94,Technology,,,,6.7,0.77,1.28,0.76,13.28,Equity : ETFs,,2.0
ICICI Pru Nifty 5 yr Benchmark G-SEC ETF,Darshil Dedhia,DT-M&LD,Unrated,80.9,0.2,Open Ended,2022-03-07,Nifty 5 yr Benchmark G-Sec Index TRI,58.89,58.89,54.34,0.5,1.23,4.55,8.3,7.92,,,,0.0,50.0,156243.5,55.18,14.37,15.24,Not Applicable,4.5,3.68,6.82,2.27,3.23,5.98,0.64,1.29,Debt : Medium to Long Duration,,3.0
ICICI Pru Nifty 50 ETF,Nishit Patel,EQ-ETF,Unrated,21527.6,0.03,Open Ended,2013-03-20,NIFTY 50 - TRI,268.68,290.77,233.42,-1.61,-7.82,-1.23,10.42,16.52,12.94,15.71,12.37,13.0,50.0,555827.0,98.74,1.25,15.24,Financials,,,,2.34,0.5,0.76,0.99,13.91,Equity : ETFs,Nil,12.0
ICICI Pru Nifty 50 Index Fund(G),Nishit Patel,EQ-INDX,4,11919.1,0.36,Open Ended,2002-02-26,NIFTY 50 - TRI,241.67,261.8,210.63,-1.64,-7.91,-1.43,10.04,16.05,12.46,15.19,11.65,11.0,50.0,555842.0,98.65,1.24,15.24,Financials,,,,1.61,0.47,0.73,1.0,13.97,Equity : Index Funds,Nil,23.0
ICICI Pru Nifty 500 Index Fund-Reg(G),Nishit Patel,EQ-INDX,Unrated,709.5,1.08,Open Ended,2024-12-20,NIFTY 500 - TRI,10.21,10.21,10.0,0.31,-2.11,3.25,11.97,15.99,,,,18.0,50.0,156243.5,55.18,14.37,15.24,,,,,4.33,1.34,2.01,0.88,12.37,Equity : Index Funds,Nil,1.0
ICICI Pru Nifty Alpha Low - Volatility 30 ETF,Nishit Patel,EQ-ETF,Unrated,1667.3,0.4,Open Ended,2020-08-12,NIFTY Alpha Low-Volatility 30 - TRI,28.49,273.29,26.56,-1.84,-12.33,-2.78,17.32,28.16,16.58,,,46.0,30.0,256538.0,87.0,13.0,15.24,Automobile and Ancillaries,,,,9.0,0.94,1.48,0.87,13.91,Equity : ETFs,,5.0
ICICI Pru Nifty Alpha Low - Volatility 30 ETF FOF(G),Nishit Patel,FOF-DOM,Unrated,864.6,0.53,Open Ended,2021-09-20,NIFTY Alpha Low-Volatility 30 - TRI,15.34,17.47,12.97,-1.92,-12.38,-2.92,16.78,27.56,15.75,,,18.0,50.0,156243.5,55.18,14.37,15.24,Not Applicable,,,,8.67,0.99,1.63,1.38,12.86,FoFs : Domestic,Nil,4.0
ICICI Pru Nifty Auto ETF,Nishit Patel,EQ-ETF,Unrated,114.4,0.2,Open Ended,2022-01-12,NIFTY AUTO - TRI,24.52,211.83,20.49,-1.0,-14.58,-8.2,25.19,38.41,,,,36.0,15.0,195419.0,86.02,12.41,1.55,Automobile and Ancillaries,,,,15.72,1.09,1.8,0.98,18.61,Equity : ETFs,,3.0
ICICI Pru Nifty Auto Index Fund-Reg(G),Nishit Patel,EQ-AUTO,Unrated,134.8,0.91,Open Ended,2022-10-11,NIFTY AUTO - TRI,18.96,21.84,14.51,-1.06,-14.7,-8.48,24.05,37.01,,,,57.0,15.0,195442.0,86.23,12.44,1.56,Automobile and Ancillaries,,,,14.49,1.04,1.72,0.98,18.62,Equity : Sectoral - Auto,Nil,3.0
ICICI Pru Nifty Bank ETF,Nishit Patel,EQ-ETF,Unrated,2796.3,0.15,Open Ended,2019-07-10,NIFTY BANK - TRI,52.46,55.3,45.28,-1.93,-3.56,-2.69,6.62,10.06,14.03,10.03,,30.0,12.0,538946.0,86.42,13.58,15.24,Financials,,,5.27,-1.26,0.22,0.32,1.08,17.43,Equity : ETFs,,6.0
ICICI Pru Nifty Bank Index Fund-Reg(G),Nishit Patel,EQ-INDX,Unrated,514.7,0.82,Open Ended,2022-03-02,NIFTY BANK - TRI,14.47,15.28,12.55,-2.0,-3.75,-3.08,6.02,9.2,,,,42.0,12.0,538950.0,86.28,13.55,15.24,Financials,,,,-2.24,0.19,0.27,1.08,17.32,Equity : Index Funds,Nil,3.0
ICICI Pru Nifty Commodities ETF,Nishit Patel,EQ-THEM,Unrated,41.4,0.3,Open Ended,2022-12-15,NIFTY COMMODITIES - TRI,83.05,98.94,75.46,-4.85,-17.14,-12.37,5.73,17.43,,,,117.0,31.0,212279.0,83.5,16.44,15.24,Energy,,,,-1.99,0.18,0.26,1.27,21.57,Equity : Thematic,,3.0
ICICI Pru Nifty Financial Services Ex-Bank ETF,Nishit Patel,EQ-ETF,Unrated,90.3,0.2,Open Ended,2022-11-25,Nifty Financial Services Ex-Bank - TRI,26.52,28.59,21.86,-0.05,-9.33,1.93,14.51,24.97,,,,51.0,30.0,126945.0,67.26,27.2,5.52,Financials,,,,6.73,0.6,0.9,1.1,19.73,Equity : ETFs,,3.0
ICICI Pru Nifty FMCG ETF,Nishit Patel,EQ-ETF,Unrated,436.2,0.2,Open Ended,2021-08-05,NIFTY FMCG - TRI,60.58,596.17,56.23,-1.58,-12.66,0.12,1.19,15.82,17.11,,,20.0,15.0,276719.0,88.8,8.93,2.27,FMCG,,,,-3.65,-0.1,-0.18,0.48,13.85,Equity : ETFs,,4.0
ICICI Pru Nifty G-Sec Dec 2030 Index Fund-Reg(G),Darshil Dedhia,DT-M&LD,Unrated,967.6,0.39,Open Ended,2022-10-11,Nifty G-Sec Dec 2030 Index,11.97,11.98,10.99,0.63,1.38,4.5,8.73,8.23,,,,0.0,50.0,156243.5,55.18,14.37,15.24,Not Applicable,5.81,4.47,6.91,2.39,3.09,5.58,0.73,1.48,Debt : Medium to Long Duration,Nil,3.0
ICICI Pru Nifty Healthcare ETF,Nishit Patel,EQ-ETF,Unrated,152.0,0.15,Open Ended,2021-05-18,Nifty Healthcare Index - TRI,153.45,153.45,109.73,6.16,1.71,19.41,41.26,38.19,19.51,,,10.0,20.0,120190.0,55.01,39.6,5.39,Healthcare,,,,30.09,2.23,4.16,0.46,14.44,Equity : ETFs,,4.0
ICICI Pru Nifty India Consumption ETF,Nishit Patel,EQ-ETF,Unrated,57.7,0.2,Open Ended,2021-10-28,Nifty India Consumption - TRI,119.67,133.52,96.36,-0.19,-10.75,2.39,20.49,25.19,19.23,,,59.0,30.0,277644.0,92.14,7.86,15.24,FMCG,,,,11.92,1.18,2.16,0.74,13.0,Equity : ETFs,,4.0
ICICI Pru Nifty Infrastructure ETF,Nishit Patel,EQ-ETF,Unrated,116.2,0.5,Open Ended,2022-08-17,Nifty Infrastructure - TRI,88.21,99.15,74.36,-2.73,-11.06,-6.74,16.68,27.87,,,,77.0,30.0,396688.0,87.99,11.95,15.24,Energy,,,,7.71,0.68,0.96,1.26,20.05,Equity : ETFs,,3.0
ICICI Pru Nifty IT ETF,Nishit Patel,EQ-ETF,Unrated,505.3,0.2,Open Ended,2020-08-17,NIFTY IT - TRI,47.59,49.37,34.46,0.5,2.73,18.37,23.61,26.24,6.45,,,64.0,10.0,429501.0,83.85,16.15,15.24,Technology,,,,16.35,1.02,1.86,0.74,19.47,Equity : ETFs,,5.0
ICICI Pru Nifty IT Index Fund-Reg(G),Nishit Patel,EQ-INDX,Unrated,546.3,0.89,Open Ended,2022-08-18,NIFTY IT - TRI,15.06,15.62,10.96,0.44,2.53,17.82,22.64,25.21,,,,28.0,10.0,429500.0,83.75,16.13,15.24,Technology,,,,15.3,0.98,1.78,0.75,19.52,Equity : Index Funds,Nil,3.0
ICICI Pru Nifty LargeMidcap 250 Index Fund-Reg(G),Nishit Patel,EQ-INDX,Unrated,175.6,0.83,Open Ended,2024-03-13,NIFTY LargeMidcap 250 - TRI,11.87,12.65,9.98,-0.17,-6.89,-0.7,11.97,15.99,,,,14.0,251.0,158874.0,51.22,45.23,3.41,Financials,,,,4.33,1.34,2.01,0.88,12.37,Equity : Index Funds,Nil,1.0
ICICI Pru Nifty Metal ETF,Nishit Patel,EQ-ETF,Unrated,112.3,0.4,Open Ended,2024-08-14,NIFTY METAL - TRI,8.74,10.22,8.62,-4.17,-15.31,3.25,11.97,15.99,,,,18.0,15.0,133461.0,72.06,23.47,4.41,Metals,,,,4.33,1.34,2.01,0.88,12.37,Equity : ETFs,,1.0
ICICI Pru Nifty Midcap 150 ETF,Nishit Patel,EQ-ETF,Unrated,424.9,0.15,Open Ended,2020-01-24,Nifty Midcap 150 - TRI,22.03,194.12,18.91,1.61,-5.02,1.22,24.18,34.39,23.48,,,31.0,151.0,58754.0,6.44,86.73,6.77,Financials,,,,15.55,1.14,1.64,0.96,17.54,Equity : ETFs,,5.0
ICICI Pru Nifty Midcap 150 Index Fund-Reg(G),Nishit Patel,EQ-INDX,Unrated,585.0,0.95,Open Ended,2021-12-22,Nifty Midcap 150 - TRI,18.71,19.65,14.83,1.52,-5.26,0.72,22.99,33.0,22.15,,,31.0,151.0,58761.0,6.41,86.31,6.74,Financials,,,,14.26,1.09,1.57,0.95,17.49,Equity : Index Funds,Nil,4.0
ICICI Pru Nifty Next 50 ETF,Nishit Patel,EQ-ETF,Unrated,1188.3,0.1,Open Ended,2018-08-23,NIFTY NEXT 50 - TRI,71.95,80.86,55.16,-3.41,-11.52,-5.14,28.54,28.53,18.56,20.08,,45.0,50.0,143042.0,88.22,11.76,15.24,Financials,,,,18.24,1.17,1.69,1.14,20.15,Equity : ETFs,,7.0
ICICI Pru Nifty Next 50 Index Fund(G),Nishit Patel,EQ-INDX,4,7010.4,0.66,Open Ended,2010-06-25,NIFTY NEXT 50 - TRI,60.63,68.42,46.84,-3.69,-11.88,-5.68,27.51,27.65,17.74,19.1,13.77,40.0,50.0,143044.0,88.15,11.75,15.24,Financials,,,,17.09,1.13,1.64,1.14,20.16,Equity : Index Funds,Nil,15.0
ICICI Pru Nifty Oil & Gas ETF,Nishit Patel,EQ-ETF,Unrated,144.5,0.4,Open Ended,2024-07-19,NIFTY OIL & GAS - TRI,10.96,13.54,10.5,-3.02,-16.84,3.25,11.97,15.99,,,,3.0,15.0,282620.0,73.76,20.32,5.92,Energy,,,,4.33,1.34,2.01,0.88,12.37,Equity : ETFs,,1.0
ICICI Pru Nifty Pharma Index Fund-Reg(G),Nishit Patel,EQ-PHRM,Unrated,81.3,0.93,Open Ended,2022-12-14,NIFTY PHARMA - TRI,17.89,18.11,13.13,5.38,0.39,18.44,38.04,35.52,,,,118.0,20.0,120906.0,62.24,29.09,8.94,Healthcare,,,,27.67,2.05,3.85,0.46,14.64,Equity : Sectoral - Pharma,Nil,3.0
ICICI Pru Nifty Private Bank ETF,Nishit Patel,EQ-ETF,Unrated,3125.9,0.15,Open Ended,2019-08-09,Nifty Private Bank - TRI,25.32,248.18,23.09,-1.74,-5.99,-4.83,0.71,7.72,12.41,7.12,,64.0,10.0,417377.0,83.31,13.6,3.08,Financials,,,3.14,-6.88,-0.12,-0.18,1.04,17.12,Equity : ETFs,,6.0
ICICI Pru Nifty PSU Bank ETF,Nishit Patel,EQ-ETF,Unrated,85.1,0.4,Open Ended,2023-03-15,NIFTY PSU BANK - TRI,66.54,80.73,56.93,-3.96,-3.29,-10.6,14.14,15.99,,,,111.0,12.0,188008.0,62.22,37.78,15.24,Financials,,,,7.76,0.49,0.72,1.49,29.97,Equity : ETFs,,2.0
ICICI Pru Nifty PSU Bond Plus SDL Sep 2027 40:60 Index Fund-Reg(G),Darshil Dedhia,DT-M&LD,Unrated,8651.7,0.39,Open Ended,2021-09-28,Nifty PSU Bond Plus SDL Sep 2027 40:60 Index,11.84,11.84,10.95,0.57,1.51,3.93,8.15,7.34,5.5,,,0.0,50.0,156243.5,55.18,14.37,15.24,Not Applicable,2.63,2.29,7.21,3.18,5.41,12.17,0.27,0.74,Debt : Medium to Long Duration,Nil,4.0
ICICI Pru Nifty SDL Dec 2028 Index Fund-Reg(G),Darshil Dedhia,DT-M&LD,Unrated,973.8,0.37,Open Ended,2022-10-12,Nifty SDL Dec 2028 Index,11.93,11.95,10.97,0.42,1.35,4.31,8.61,7.92,,,,0.0,50.0,156243.5,55.18,14.37,15.24,Not Applicable,3.91,3.21,7.12,3.07,3.31,6.79,0.43,1.32,Debt : Medium to Long Duration,Nil,3.0
ICICI Pru Nifty SDL Sep 2026 Index Fund-Reg(G),Darshil Dedhia,DT-M&LD,Unrated,266.6,0.39,Open Ended,2022-12-21,Nifty SDL Sep 2026 Index,11.53,11.53,10.7,0.54,1.51,3.75,7.83,7.32,,,,0.0,50.0,156243.5,55.18,14.37,15.24,Not Applicable,1.6,1.45,7.03,3.2,5.85,13.81,0.17,0.63,Debt : Medium to Long Duration,Nil,3.0
ICICI Pru Nifty SDL Sep 2027 Index Fund-Reg(G),Darshil Dedhia,DT-M&LD,Unrated,1790.7,0.35,Open Ended,2022-03-24,Nifty SDL Sep 2027 Index,11.76,11.77,10.86,0.57,1.47,3.93,8.41,7.63,,,,0.0,50.0,156243.5,55.18,14.37,15.24,Not Applicable,2.66,2.34,7.08,3.3,4.6,10.02,0.29,0.91,Debt : Medium to Long Duration,Nil,3.0
ICICI Pru Nifty Smallcap 250 Index Fund(G),Nishit Patel,EQ-INDX,Unrated,438.1,0.89,Open Ended,2021-11-02,Nifty Smallcap 250 - TRI,18.1,18.77,13.62,0.99,-3.53,2.76,25.91,36.25,21.57,,,50.0,250.0,19549.0,55.18,7.99,91.81,Financials,,,,17.16,1.1,1.56,0.96,20.01,Equity : Index Funds,Nil,4.0
ICICI Pru Nifty200 Value 30 ETF,Nishit Patel,EQ-ETF,Unrated,6.7,0.3,Open Ended,2024-10-17,Nifty200 Value 30 - TRI,12.63,13.79,12.35,-4.22,-2.11,3.25,11.97,15.99,,,,18.0,31.0,144226.0,76.05,19.77,3.95,Energy,,,,4.33,1.34,2.01,0.88,12.37,Equity : ETFs,,1.0
ICICI Pru Nifty200 Value 30 Index Fund-Reg(G),Nishit Patel,EQ-INDX,Unrated,75.0,1.0,Open Ended,2024-10-18,Nifty200 Value 30 - TRI,9.15,10.0,8.94,-4.28,-2.11,3.25,11.97,15.99,,,,18.0,31.0,144249.0,76.23,19.81,3.96,Energy,,,,4.33,1.34,2.01,0.88,12.37,Equity : Index Funds,Nil,1.0
ICICI Pru Nifty50 Equal Weight Index Fund-Reg(G),Nishit Patel,EQ-INDX,Unrated,94.8,1.0,Open Ended,2022-10-03,NIFTY50 Equal Weight - TRI,15.33,17.18,13.44,-1.63,-11.77,-3.2,9.75,20.3,,,,45.0,50.0,290196.0,95.95,3.65,15.24,Financials,,,,1.66,0.46,0.7,0.96,14.28,Equity : Index Funds,Nil,3.0
ICICI Pru Nifty50 Value 20 ETF,Nishit Patel,EQ-ETF,Unrated,175.7,0.25,Open Ended,2016-06-17,Nifty50 Value 20 - TRI,15.35,138.0,13.24,-1.86,-6.86,2.91,17.03,23.96,16.19,21.65,,31.0,20.0,515690.0,98.32,1.63,15.24,Technology,,,,8.92,0.93,1.51,0.94,14.34,Equity : ETFs,,9.0
ICICI Pru Nifty50 Value 20 Index Fund-Reg(G),Nishit Patel,EQ-INDX,Unrated,85.3,0.75,Open Ended,2024-02-02,Nifty50 Value 20 - TRI,11.38,12.11,9.86,-1.89,-6.98,2.65,11.97,15.99,,,,16.0,20.0,515766.0,98.15,1.63,15.24,Technology,,,,4.33,1.34,2.01,0.88,12.37,Equity : Index Funds,Nil,1.0
ICICI Pru Overnight Fund(G),Nikhil Kabra,DT-ON,3,9891.5,0.16,Open Ended,2018-11-15,CRISIL Liquid Overnight Index,1347.85,1347.85,1263.94,0.55,1.61,3.23,6.66,6.62,5.95,4.82,,0.0,50.0,156243.5,55.18,14.37,15.24,Not Applicable,0.01,,6.69,0.3,10.96,2.19,0.88,0.03,Debt : Overnight,Nil,7.0
ICICI Pru Passive Multi-Asset FoF(G),Sankaran Naren,FOF-DOM,Unrated,1111.5,0.62,Open Ended,2022-01-14,CRISIL Hybrid 50+50 - Moderate Index,13.69,14.16,12.22,-1.03,-3.12,3.07,10.65,13.83,,,,18.0,1.0,156243.5,55.18,14.37,15.24,Not Applicable,,,,4.54,1.2,2.06,0.81,5.63,FoFs : Domestic,1% on or before 12M Nil after 12M,3.0
ICICI Pru Passive Strategy Fund(FOF)(G),Sankaran Naren,FOF-DOM,Unrated,174.6,0.42,Open Ended,2003-12-18,NIFTY 200 - TRI,157.14,167.28,132.35,-0.38,-6.05,2.27,16.15,23.25,16.56,17.8,12.9,8.0,50.0,156243.5,55.18,14.37,15.24,Not Applicable,,,,6.58,1.1,1.75,1.83,10.89,FoFs : Domestic,1% on or before 15D Nil after 15D,22.0
ICICI Pru Pharma Healthcare & Diagnostics (P.H.D) Fund-(G),Dharmesh Kakkad,EQ-PHRM,4,5044.6,1.92,Open Ended,2018-07-13,BSE Health Care - TRI,40.39,40.39,27.75,4.6,3.12,24.41,47.94,45.27,24.39,31.14,,91.0,44.0,50940.0,36.72,23.31,37.25,Healthcare,,,,34.78,2.95,5.52,0.46,12.56,Equity : Sectoral - Pharma,1% on or before 15D Nil after 15D,7.0
ICICI Pru PSU Equity Fund-Reg(G),Mittul Kalawadia,EQ-INDX,Unrated,2296.8,2.01,Open Ended,2022-09-12,BSE PSU - TRI,20.13,22.88,16.14,-4.69,-9.95,-5.42,23.66,38.14,,,,76.0,35.0,200731.0,68.65,19.92,4.41,Energy,,,,14.79,0.91,1.27,1.22,23.12,Equity : Index Funds,1% on or before 1M Nil after 1M,3.0
ICICI Pru Quant Fund(G),Roshan Chutkey,EQ-THEM,Unrated,96.5,1.39,Open Ended,2020-12-11,BSE 200 - TRI,22.04,23.55,18.26,-1.41,-7.43,1.07,18.4,22.96,15.23,,,102.0,55.0,184511.0,64.4,28.27,3.1,Financials,,,,10.23,1.17,1.8,0.78,12.1,Equity : Thematic,1% on or before 3M Nil after 3M,5.0
ICICI Pru Regular Gold Savings Fund(FOF)(G),Manish Banthia,GOLD-MF,Unrated,1359.6,0.39,Open Ended,2011-10-11,Gold-India,24.16,25.05,19.54,0.01,1.24,6.02,19.66,16.68,15.51,13.06,9.78,0.0,50.0,156243.5,55.18,14.37,15.24,Not Applicable,0.02,0.02,7.58,15.3,1.18,1.88,0.2,13.47,Gold : MFs,1% on or before 15D Nil after 15D,14.0
ICICI Pru Regular Savings Fund(G),Manish Banthia,HY-DT(CO),3,3201.0,1.66,Open Ended,2004-03-30,NIFTY 50 Hybrid Composite Debt 15:85 Index,72.48,72.48,64.8,0.47,0.0,4.07,11.47,11.49,9.38,9.76,9.35,26.0,56.0,85863.0,11.51,3.21,7.51,Financials,3.5,2.14,7.89,5.47,2.47,3.93,0.62,2.96,Hybrid : Debt Oriented (Conservative),Nil on 30% of units within 1Y and 1% for more than 30% of units within 1Y Nil after 1Y,21.0
ICICI Pru Retirement Fund-Hybrid Aggressive Plan(G),Lalit Kumar,HY-SOL,3,720.4,2.3,Open Ended,2019-02-27,CRISIL Hybrid 35+65 - Aggressive Index,24.61,25.79,20.0,-0.33,-5.1,-0.41,21.17,26.54,17.4,18.13,,42.0,70.0,92479.0,48.33,19.21,15.35,Technology,3.62,2.29,7.58,10.08,1.11,1.59,2.27,15.07,Hybrid : Solution Oriented,Nil,6.0
ICICI Pru Retirement Fund-Hybrid Cons Plan(G),Lalit Kumar,HY-SOL,Unrated,78.0,2.14,Open Ended,2019-02-27,NIFTY 50 Hybrid Composite Debt 15:85 Index,16.58,16.66,15.0,0.31,-0.66,2.45,10.06,12.58,8.93,9.07,,20.0,23.0,134205.0,17.2,5.61,1.9,Metals,4.24,2.4,7.61,4.03,1.32,1.98,0.66,4.56,Hybrid : Solution Oriented,Nil,6.0
ICICI Pru Retirement Fund-Pure Debt Plan(G),Darshil Dedhia,HY-SOL,1,112.7,2.17,Open Ended,2019-02-27,NIFTY Composite Debt Index,14.48,14.48,13.51,0.39,1.33,3.69,7.21,6.62,5.34,5.76,,0.0,50.0,156243.5,55.18,14.37,15.24,,5.07,2.71,7.62,2.12,3.9,7.48,0.34,0.8,Hybrid : Solution Oriented,Nil,6.0
ICICI Pru Retirement Fund-Pure Equity Plan(G),Lalit Kumar,HY-SOL,4,1049.7,2.14,Open Ended,2019-02-27,NIFTY 500 - TRI,30.48,32.06,24.25,-0.82,-5.79,0.4,23.7,31.18,20.9,23.38,,43.0,75.0,92443.0,58.11,18.25,19.07,Technology,0.01,0.01,5.27,11.29,1.09,1.54,2.79,17.83,Hybrid : Solution Oriented,Nil,6.0
ICICI Pru Rural Opportunities Fund-Reg(G),Sankaran Naren,EQ-THEM,Unrated,709.5,1.08,Open Ended,,Nifty Rural - TRI,26.17,27.64,22.01,0.31,-2.11,3.25,11.97,15.99,,,,18.0,50.0,156243.5,55.18,14.37,15.24,,,,,4.33,1.34,2.01,0.88,12.37,Equity : Thematic,1% on or before 12M Nil after 12M,
ICICI Pru Savings Fund(G),Nikhil Kabra,DT-LOWD,5,22970.7,0.53,Open Ended,2002-09-27,NIFTY Low Duration Debt Index,522.35,522.35,484.05,0.59,1.83,3.84,7.93,7.78,6.68,6.46,7.32,0.0,50.0,156243.5,55.18,14.37,15.24,Not Applicable,1.61,0.76,7.64,3.7,11.17,21.69,0.06,0.35,Debt : Low Duration,Nil,23.0
ICICI Pru Short Term Fund(G),Manish Banthia,DT-SD,5,19991.7,1.02,Open Ended,2001-10-25,Nifty Short Duration Debt Index,57.55,57.55,53.4,0.5,1.64,3.91,7.79,7.58,6.6,6.82,7.46,0.0,50.0,156243.5,55.18,14.37,15.24,Not Applicable,3.95,2.27,7.74,2.8,5.72,11.29,0.31,0.65,Debt : Short Duration,Nil,24.0
ICICI Pru Silver ETF,Gaurav Chikane,GOLD-ETF,Unrated,4035.2,0.4,Open Ended,2022-01-24,Silver,88.17,99.8,70.46,-3.79,-4.51,-2.12,15.99,9.81,,,,18.0,50.0,156243.5,55.18,14.37,15.24,Not Applicable,,,,13.13,0.63,1.08,0.53,23.45,Gold : ETFs,,3.0
ICICI Pru Silver ETF FOF(G),Manish Banthia,FOF-DOM,Unrated,904.1,0.6,Open Ended,2022-02-01,Silver,13.53,15.32,10.88,-3.51,-4.56,-2.25,15.35,11.32,,,,18.0,50.0,156243.5,55.18,14.37,15.24,Not Applicable,,,,11.44,0.59,1.04,0.76,23.11,FoFs : Domestic,1% on or before 15D Nil after 15D,3.0
ICICI Pru Smallcap Fund(G),Anish Tawakley,EQ-SML,3,8374.5,1.79,Open Ended,2007-10-18,Nifty Smallcap 250 - TRI,87.25,93.01,71.53,-1.32,-6.97,-2.62,15.42,26.66,19.42,27.13,15.81,71.0,107.0,18501.0,11.67,5.12,68.22,Automobile and Ancillaries,,,,8.32,0.82,1.19,0.75,14.78,Equity : Small Cap,1% on or before 1Y NIL after 1Y,18.0
ICICI Pru Strategic Metal and Energy Equity FoF-Reg(G),Sharmila Dmello,FOF-OVR,Unrated,100.8,1.54,Open Ended,2022-02-02,NYSE Arca Gold Miners Index,14.03,15.98,12.24,-7.04,-5.88,-1.96,4.05,3.74,,,,18.0,50.0,156243.5,55.18,14.37,15.24,Not Applicable,,,,-1.21,0.11,0.17,1.19,20.26,FoFs : Overseas,1% on or before 1Y Nil after 1Y,3.0
ICICI Pru Technology Fund(G),Vaibhav Dusad,EQ-TECH,Unrated,13989.7,1.75,Open Ended,2000-03-03,BSE TECk Index - TRI,214.05,225.87,163.44,0.2,0.01,14.88,25.63,26.54,7.18,29.62,18.19,41.0,74.0,141075.0,66.71,8.14,15.95,Technology,,,,16.81,1.29,2.44,0.75,16.01,Equity : Sectoral - Technology,1% on or before 15D NIL after 15D,25.0
ICICI Pru Thematic Advantage Fund(FOF)(G),Sankaran Naren,FOF-DOM,Unrated,2104.2,1.59,Open Ended,2003-12-18,NIFTY 200 - TRI,213.97,221.67,173.34,0.39,-2.88,8.39,23.56,24.95,18.1,24.31,15.71,43.0,50.0,156243.5,55.18,14.37,15.24,Not Applicable,,,,14.19,1.85,2.99,1.32,9.83,FoFs : Domestic,1% on or before 1Y NIL After 1Y,22.0
ICICI Pru Transportation and Logistics Fund-Reg(G),Rajat Chandak,EQ-AUTO,Unrated,3115.3,1.95,Open Ended,2022-10-28,Nifty Transportation & Logistics - TRI,18.5,20.27,14.06,-0.39,-10.19,-2.55,26.82,37.34,,,,50.0,38.0,103666.0,69.87,5.6,18.81,Automobile and Ancillaries,,,,17.19,1.34,2.16,0.88,16.18,Equity : Sectoral - Auto,1% on or before 1M Nil after 1M,3.0
ICICI Pru Ultra Short Term Fund Fund(G),Manish Banthia,DT-USD,5,14550.9,0.8,Open Ended,2011-05-03,NIFTY Ultra Short Duration Debt Index,26.69,26.69,24.85,0.62,1.75,3.55,7.44,7.18,6.31,5.88,7.1,0.0,9.0,156243.5,55.18,14.37,15.24,Not Applicable,0.46,0.41,7.6,3.33,10.96,22.62,0.02,0.31,Debt : Ultra Short Duration,Nil,14.0
ICICI Pru US Bluechip Equity Fund(G),Ritesh Lunawat,EQ-INTL,Unrated,3348.6,1.99,Open Ended,2012-07-06,S&P 500 ,62.38,64.99,55.02,-3.53,-2.64,8.52,10.45,20.04,10.24,14.22,13.41,62.0,62.0,156243.5,55.18,14.37,15.24,,,,,6.7,0.59,0.97,0.09,11.94,Equity : International,1% on or before 1M Nil after 1M,13.0
ICICI Pru Value Discovery Fund(G),Sankaran Naren,EQ-VAL,4,48987.8,1.54,Open Ended,2004-08-16,NIFTY 500 - TRI,440.01,479.11,365.55,-1.57,-6.95,2.47,20.34,25.69,22.04,25.23,15.0,57.0,59.0,376688.0,73.77,5.84,4.72,Financials,,,,11.54,1.35,2.08,0.79,11.47,Equity : Value / Contra,1% on or before 12M Nil after 12M,21.0
Invesco India - Invesco EQQQ NASDAQ-100 ETF FoF-Reg(G),Herin Shah,FOF-OVR,Unrated,426.0,0.4,Open Ended,2022-04-21,Nasdaq-100 - TRI,16.86,17.41,12.68,2.49,8.04,9.42,29.98,41.22,,,,18.0,50.0,156243.5,55.18,14.37,15.24,Not Applicable,,,,23.66,1.55,2.53,1.25,17.61,FoFs : Overseas,Nil,3.0
Invesco India - Invesco Global Consumer Trends FoF-Reg(G),Herin Shah,FOF-OVR,Unrated,305.9,1.54,Open Ended,2020-12-24,MSCI World Consumer Discretionary Index - Net Dividend,9.32,9.72,6.84,2.08,14.04,20.55,28.26,26.67,-0.4,,,18.0,50.0,156243.5,55.18,14.37,15.24,Not Applicable,,,,22.68,1.19,1.95,1.27,22.05,FoFs : Overseas,Nil upto 10% of units and 1% for above the limits on or before 1Y Nil after 1Y,5.0
Invesco India - Invesco Global Equity Income FoF-Reg(G),Herin Shah,FOF-OVR,Unrated,25.6,1.4,Open Ended,2014-05-05,MSCI World Index-Net Dividend,26.05,26.82,21.88,-2.07,-1.91,7.32,13.72,20.1,12.24,12.84,9.85,18.0,1.0,156243.5,55.18,14.37,15.24,Not Applicable,,,,5.44,0.88,1.46,1.99,12.65,FoFs : Overseas,Nil upto 10% of units and 1% for above the limits on or before 1Y Nil after 1Y,11.0
Invesco India - Invesco Pan European Equity FoF-Reg(G),Herin Shah,FOF-OVR,Unrated,34.3,0.95,Open Ended,2014-01-31,MSCI Europe Index (Total Return Net),15.49,17.52,15.12,-1.16,-10.1,-4.01,-5.08,6.51,4.85,6.25,5.13,18.0,1.0,156243.5,55.18,14.37,15.24,Not Applicable,,,,-13.78,-0.62,-0.97,1.68,14.38,FoFs : Overseas,Nil upto 10% of units and 1% for above the limits on or before 1Y Nil after 1Y,11.0
Invesco India Aggressive Hybrid Fund-Reg(G),Dhimant Kothari,HY-EQ,3,574.0,2.38,Open Ended,2018-06-30,CRISIL Hybrid 35+65 - Aggressive Index,23.0,23.28,17.85,1.15,-1.12,6.13,26.39,25.47,16.11,15.57,,68.0,58.0,91447.0,33.55,19.41,11.11,Financials,10.72,5.69,7.21,14.21,1.77,2.71,2.09,11.47,Hybrid : Equity Oriented,Nil upto 10% of units and 1% for above the limits on or before 1Y Nil after 1Y,7.0
Invesco India Arbitrage Fund(G),Deepak Gupta,HY-ARB,3,18251.9,1.06,Open Ended,2007-04-30,Nifty 50 Arbitrage,30.87,30.87,28.72,0.66,1.85,3.51,7.56,7.47,6.69,5.54,5.92,1740.0,195.0,171606.0,46.16,20.4,7.05,Financials,0.51,0.43,7.02,3.6,3.35,7.81,-0.08,1.01,Hybrid : Arbitrage,0.50% on or before 15D Nil after 15D,18.0
Invesco India Balanced Advantage Fund(G),Dhimant Kothari,HY-DYN,2,926.0,2.16,Open Ended,2007-10-04,NIFTY 50 Hybrid Composite Debt 50:50 Index,53.86,54.39,45.63,0.55,-0.69,4.77,16.26,18.54,13.57,12.26,10.02,248.0,44.0,209088.0,55.02,9.98,4.15,Financials,1.6,1.3,6.88,7.16,1.36,2.0,1.48,8.48,Hybrid : Dynamic Asset Allocation,Nil upto 10% of units and 0.25% for above the limits on or before 3M Nil after 3M,18.0
Invesco India Banking and PSU Fund(G),Vikas Garg,DT-B&PSU,3,99.9,0.63,Open Ended,2012-12-29,NIFTY Banking and PSU Debt Index,2169.34,2169.34,2003.26,0.53,1.33,4.01,8.18,7.32,5.07,5.59,6.38,0.0,50.0,156243.5,55.18,14.37,15.24,Not Applicable,5.56,3.9,7.24,2.72,4.3,8.31,0.46,0.95,Debt : Banking & PSU,Nil,13.0
Invesco India Contra Fund(G),Taher Badshah,EQ-VAL,3,18018.8,1.64,Open Ended,2007-04-11,BSE 500 - TRI,136.45,142.97,102.35,0.24,-4.7,6.81,30.51,30.28,20.93,22.34,16.32,74.0,69.0,120818.0,55.0,23.67,16.29,Financials,,,,19.5,1.57,2.3,0.98,15.57,Equity : Value / Contra,Nil upto 10% of units and 1% for above the limits on or before 1Y Nil after 1Y,18.0
Invesco India Corporate Bond Fund(G),Vikas Garg,DT-CORP,3,5720.9,0.68,Open Ended,2007-08-02,NIFTY Corporate Bond Index,3036.75,3036.78,2809.98,0.49,1.35,4.08,8.04,7.35,5.84,6.16,6.67,0.0,50.0,156243.5,55.18,14.37,15.24,Not Applicable,5.25,3.83,7.38,2.72,4.82,9.23,0.41,0.82,Debt : Corporate Bond,Nil,18.0
Invesco India Credit Risk Fund(G),Vikas Garg,DT-CR,3,142.0,1.45,Open Ended,2014-09-04,NIFTY Credit Risk Bond Index,1815.24,1815.81,1693.14,0.45,1.17,3.53,7.21,9.38,6.95,6.29,5.74,0.0,1.0,132.0,55.18,14.37,15.24,Textile,4.85,3.41,7.57,1.92,3.75,7.28,0.41,0.84,Debt : Credit Risk,4% on or before 1Y Nil after 1Y,11.0
Invesco India ELSS Tax Saver Fund(G),Amit Nigam,EQ-ELSS,3,2954.4,1.91,Open Ended,2006-12-29,BSE 500 - TRI,130.88,133.18,101.66,1.19,-2.26,5.73,26.18,28.98,15.58,19.37,14.47,101.0,60.0,92429.0,45.35,28.46,24.09,Financials,,,,16.23,1.43,2.09,0.88,14.44,Equity : Tax Saving (ELSS),Nil,19.0
Invesco India Equity Savings Fund-Reg(G),Dhimant Kothari,HY-EQ,1,353.9,2.3,Open Ended,2019-03-07,NIFTY 50 Equity Savings Index,16.89,16.89,14.41,1.19,0.19,4.69,16.65,16.34,10.07,9.66,,483.0,74.0,183222.0,47.79,10.13,9.03,Financials,3.02,2.27,7.09,9.55,2.24,3.5,0.77,5.28,Hybrid : Equity Oriented,0.25% on or before 1M Nil after 1M,6.0
Invesco India ESG Integration Strategy Fund-Reg(G),Taher Badshah,EQ-THEM,Unrated,519.9,2.42,Open Ended,2021-03-20,NIFTY100 ESG - TRI,18.3,18.89,14.53,-0.33,-3.37,5.07,21.16,23.71,11.11,,,56.0,37.0,162708.0,63.44,18.02,17.45,Financials,,,,12.4,1.18,1.8,0.9,14.4,Equity : Thematic,Nil upto 10% of units and 1% for remaining units on or before 1Y Nil after 1Y,4.0
Invesco India Financial Services Fund(G),Hiten Jain,EQ-FIN,2,1110.4,2.2,Open Ended,2008-07-14,Nifty Financial Services - TRI,129.02,134.12,104.29,-0.83,-2.03,3.82,20.36,23.74,20.12,14.89,14.24,23.0,31.0,183889.0,56.28,20.88,21.43,Financials,,,,11.29,0.98,1.4,1.01,16.79,Equity : Sectoral - Financial Services,Nil upto 10% of units and 1% for above the limits on or before 1Y Nil after 1Y,17.0
Invesco India Flexi Cap Fund-Reg(G),Amit Ganatra,EQ-FLEX,Unrated,2415.3,1.97,Open Ended,2022-02-14,BSE 500 - TRI,19.24,19.5,14.0,2.15,-0.42,9.07,35.42,34.86,,,,80.0,65.0,91730.0,47.33,28.46,19.92,Financials,,,,23.21,1.87,2.84,0.9,14.83,Equity : Flexi Cap,Nil upto 10% of units and 1% for remaining units on or before 1Y Nil after 1Y,3.0
Invesco India Focused Fund-Reg(G),Taher Badshah,EQ-FLEX,Unrated,3443.2,1.9,Open Ended,2020-09-29,BSE 500 - TRI,29.24,29.65,20.14,2.83,0.59,10.79,44.51,39.51,21.27,,,47.0,20.0,173831.0,52.09,24.51,17.05,Financials,,,,30.32,2.11,3.26,0.91,16.53,Equity : Flexi Cap,Nil upto 10% of units and 1% for remaining units on or before 1Y Nil after 1Y,5.0
Invesco India Gilt Fund(G),Vikas Garg,DT-GILT,Unrated,1354.7,1.25,Open Ended,2008-02-09,Nifty All Duration G-Sec Index,2731.04,2744.54,2478.32,0.19,-0.31,3.46,9.95,8.14,6.18,5.38,6.46,0.0,50.0,156243.5,55.18,14.37,15.24,Not Applicable,28.45,11.05,7.09,0.81,1.84,3.21,1.6,3.03,Debt : Gilt,Nil,17.0
Invesco India Gold ETF,Herin Shah,GOLD-ETF,Unrated,144.4,0.55,Open Ended,2010-03-19,Gold-India,6785.26,7003.46,5457.02,-0.57,0.55,5.91,19.49,17.07,16.03,13.62,9.93,2.0,50.0,156243.5,55.18,14.37,15.24,Not Applicable,,,,15.88,1.11,1.69,-0.21,13.69,Gold : ETFs,Nil,15.0
Invesco India Gold ETF FoF(G),Herin Shah,GOLD-MF,Unrated,99.8,0.45,Open Ended,2011-12-05,Gold-India,22.11,22.98,17.87,-0.06,1.03,5.36,19.14,16.56,15.62,13.07,9.69,18.0,50.0,156243.5,55.18,14.37,15.24,Not Applicable,,,,13.63,1.06,1.76,0.46,14.2,Gold : MFs,Nil,14.0
Invesco India Infrastructure Fund(G),Amit Nigam,EQ-INFRA,4,1609.3,2.08,Open Ended,2007-10-24,BSE India Infrastructure Index - TRI,65.82,69.53,48.6,0.03,-5.02,-3.45,33.45,42.05,27.73,29.97,17.07,49.0,44.0,61761.0,32.9,30.45,34.59,Capital Goods,,,,22.43,1.31,1.82,1.11,21.41,Equity : Sectoral - Infrastructure,Nil upto 10% of units and 1% for above the limits on or before 1Y Nil after 1Y,18.0
Invesco India Large & Mid Cap Fund(G),Aditya Khemani,EQ-L&M,2,6340.1,1.81,Open Ended,2007-08-09,NIFTY LargeMidcap 250 - TRI,97.68,99.95,69.69,2.65,-1.71,8.1,37.98,35.24,22.28,21.67,15.94,83.0,47.0,62881.0,32.93,45.57,18.07,Financials,,,,25.3,1.9,2.95,0.91,15.69,Equity : Large & Mid Cap,Nil upto 10% of units and 1% for above the limits on or before 1Y Nil after 1Y,18.0
Invesco India Largecap Fund(G),Amit Nigam,EQ-LC,3,1316.6,2.09,Open Ended,2009-08-21,NIFTY 100 - TRI,68.63,72.12,55.35,-0.72,-5.3,1.46,20.57,24.81,14.91,17.86,13.11,83.0,49.0,255989.0,78.21,11.33,8.8,Financials,,,,11.14,1.09,1.6,0.96,14.64,Equity : Large Cap,Nil,16.0
Invesco India Liquid Fund(G),Krishna Cheemalapati,DT-LIQ,2,14857.6,0.22,Open Ended,2006-11-17,Nifty Liquid Fund Index,3469.47,3469.47,3231.87,0.59,1.75,3.56,7.37,7.17,6.4,5.29,6.3,0.0,50.0,156243.5,55.18,14.37,15.24,Not Applicable,0.14,0.14,7.07,0.76,10.57,5.62,0.88,0.07,Debt : Liquid,0.007% for Day 1 0.0065% on Day 2 0.0060% on Day 3 0.0055% on Day 4 0.0050% on Day 5 0.0045% on Day 6 NIL on or after 7D,19.0
Invesco India Low Duration Fund(G),Krishna Cheemalapati,DT-LOWD,4,1493.1,0.6,Open Ended,2007-01-18,NIFTY Low Duration Debt Index,3640.88,3640.88,3385.89,0.62,1.75,3.66,7.56,7.19,6.13,5.77,6.79,0.0,50.0,156243.5,55.18,14.37,15.24,Not Applicable,0.99,0.87,7.51,3.25,9.98,20.11,0.09,0.35,Debt : Low Duration,Nil,18.0
Invesco India Manufacturing Fund-Reg(G),Amit Ganatra,EQ-THEM,Unrated,827.5,2.26,Open Ended,2024-08-14,Nifty India Manufacturing - TRI,10.79,10.79,9.86,3.68,0.56,3.25,11.97,15.99,,,,18.0,60.0,52458.0,28.05,38.99,30.61,Healthcare,,,,4.33,1.34,2.01,0.88,12.37,Equity : Thematic,0.50% on or before 3M Nil after 3M,1.0
Invesco India Medium Duration Fund-Reg(G),Vikas Garg,DT-MD,Unrated,229.4,1.15,Open Ended,2021-07-16,NIFTY Medium Duration Debt Index,1185.21,1185.32,1098.27,0.43,1.16,3.8,7.84,6.96,5.16,,,0.0,50.0,156243.5,55.18,14.37,15.24,Not Applicable,5.24,3.76,7.25,2.07,3.56,7.03,0.54,1.04,Debt : Medium Duration,Nil,4.0
Invesco India Midcap Fund(G),Aditya Khemani,EQ-MID,3,5862.7,1.81,Open Ended,2007-04-19,BSE 150 MidCap - TRI,175.23,177.14,120.72,3.51,0.35,10.91,43.76,39.09,25.08,28.17,18.03,63.0,53.0,48446.0,14.92,57.6,26.44,Financials,,,,29.86,2.06,3.24,0.85,16.59,Equity : Mid Cap,Nil upto 10% of units and 1% for above the limits on or before 1Y Nil after 1Y,18.0
Invesco India Money Market Fund(G),Krishna Cheemalapati,DT-MM,2,5747.9,0.48,Open Ended,2009-08-28,Nifty Money Market Index,2934.19,2934.19,2731.35,0.61,1.71,3.55,7.45,7.22,6.11,5.52,6.52,0.0,50.0,156243.5,55.18,14.37,15.24,Not Applicable,0.5,0.5,7.33,3.33,10.04,21.71,0.03,0.34,Debt : Money Market,Nil,16.0
Invesco India Multi Asset Allocation Fund-Reg(G),Taher Badshah,HY-MULTI,Unrated,709.5,1.08,Open Ended,2024-12-17,NIFTY 200 - TRI,9.94,10.0,9.82,0.31,-2.11,3.25,11.97,15.99,,,,18.0,50.0,156243.5,55.18,14.37,15.24,,,,,4.33,1.34,2.01,0.88,12.37,Hybrid : Multi Asset Allocation,Nil upto 10% of units and 1% for remaining units on or before 1Y Nil after 1Y,1.0
Invesco India Multicap Fund(G),Dhimant Kothari,EQ-MLC,4,3897.1,1.89,Open Ended,2008-03-17,Nifty500 Multicap 50:25:25 - TRI,138.12,141.66,103.66,1.92,-1.67,8.71,30.58,31.4,19.37,23.07,14.97,119.0,65.0,50205.0,31.88,30.76,32.05,Financials,,,,19.76,1.55,2.31,0.89,15.68,Equity : Multi Cap,Nil upto 10% of units and 1% for above the limits on or before 1Y Nil after 1Y,17.0
Invesco India Nifty 50 ETF,Kuber Mannadi,EQ-ETF,Unrated,90.1,0.1,Open Ended,2011-06-16,NIFTY 50 - TRI,2721.7,2946.04,2366.47,-1.62,-7.84,-1.28,10.32,16.42,12.85,15.62,12.28,1.0,50.0,555827.0,98.72,1.25,15.24,Financials,,,,1.89,0.5,0.75,1.0,13.96,Equity : ETFs,Nil,14.0
Invesco India Nifty G-sec Jul 2027 Index Fund-Reg(G),Krishna Cheemalapati,DT-MD,Unrated,68.5,0.29,Open Ended,2023-03-20,Nifty G-sec Jul 2027 Index,1138.95,1139.14,1057.31,0.51,1.47,3.91,7.74,15.99,,,,0.0,50.0,156243.5,55.18,14.37,15.24,Not Applicable,2.48,2.17,6.79,2.65,4.81,10.12,0.34,0.76,Debt : Medium Duration,0.25% on or before 30D Nil after 30D,2.0
Invesco India Nifty G-sec Sep 2032 Index Fund-Reg(G),Krishna Cheemalapati,DT-LD,Unrated,45.6,0.29,Open Ended,2023-03-29,Nifty G-Sec Sep 2032 Index,1157.78,1157.78,1056.95,0.57,1.0,4.76,9.36,15.99,,,,0.0,50.0,156243.5,55.18,14.37,15.24,Not Applicable,7.23,5.49,6.93,2.27,2.87,5.14,0.96,1.79,Debt : Long Duration,0.25% on or before 30D Nil after 30D,2.0
Invesco India Overnight Fund-Reg(G),Krishna Cheemalapati,DT-ON,1,686.0,0.12,Open Ended,2020-01-08,Nifty 1D Rate Index,1266.99,1266.99,1187.89,0.55,1.61,3.26,6.68,6.64,5.97,,,0.0,50.0,156243.5,55.18,14.37,15.24,Not Applicable,0.01,0.01,6.73,0.3,20.6,2.28,0.88,0.02,Debt : Overnight,Nil,5.0
Invesco India PSU Equity Fund(G),Dhimant Kothari,EQ-THEM,1,1344.9,2.13,Open Ended,2009-11-18,BSE PSU - TRI,60.73,70.92,48.15,-4.36,-10.37,-10.99,25.0,39.47,33.16,26.36,16.13,58.0,24.0,125647.0,59.73,27.77,8.28,Energy,,,,16.15,0.85,1.18,1.38,27.12,Equity : Thematic,Nil upto 10% of units and 1% for above the limits on or before 1Y Nil after 1Y,16.0
Invesco India Short Duration Fund(G),Vikas Garg,DT-SD,3,485.3,1.05,Open Ended,2007-03-24,Nifty Short Duration Debt Index,3411.68,3411.68,3162.07,0.5,1.39,3.81,7.87,7.04,5.53,5.69,6.46,0.0,50.0,156243.5,55.18,14.37,15.24,Not Applicable,3.4,2.68,7.41,2.72,4.58,10.76,0.36,0.83,Debt : Short Duration,Nil,18.0
Invesco India Smallcap Fund-Reg(G),Taher Badshah,EQ-SML,2,5842.2,1.79,Open Ended,2018-10-30,BSE 250 Small Cap - TRI,43.59,44.26,30.1,2.92,1.5,11.77,38.39,41.02,25.81,31.66,,32.0,81.0,24607.0,2.67,27.46,64.78,Financials,,,,26.64,1.74,2.55,0.84,17.71,Equity : Small Cap,Nil upto 10% of units and 1% for above the limits on or before 1Y Nil after 1Y,7.0
Invesco India Technology Fund-Reg(G),Hiten Jain,EQ-TECH,Unrated,322.8,2.4,Open Ended,2024-09-23,NIFTY IT - TRI,10.73,10.88,9.59,4.44,5.38,3.25,11.97,15.99,,,,18.0,22.0,148691.0,44.28,39.81,13.39,Technology,,,,4.33,1.34,2.01,0.88,12.37,Equity : Sectoral - Technology,0.50% on or before 3M Nil after 3M,1.0
Invesco India Ultra Short Duration Fund(G),Krishna Cheemalapati,DT-USD,2,1763.8,0.79,Open Ended,2010-12-30,NIFTY Ultra Short Duration Debt Index,2600.38,2600.38,2420.75,0.61,1.72,3.49,7.45,7.03,6.06,5.25,6.55,0.0,50.0,156243.5,55.18,14.37,15.24,Not Applicable,0.45,0.42,7.37,3.3,9.21,23.21,0.03,0.37,Debt : Ultra Short Duration,Nil,15.0
ITI Arbitrage Fund-Reg(G),Rajesh Bhatia,HY-ARB,Unrated,37.5,0.93,Open Ended,2019-09-09,Nifty 50 Arbitrage,12.52,12.52,11.68,0.63,1.66,3.23,7.22,6.82,5.33,4.27,,18.0,31.0,249725.0,61.89,9.67,1.62,Financials,,,4.99,3.33,2.79,6.13,-0.09,1.09,Hybrid : Arbitrage,0.25% on or before 30D NIL after 30D,6.0
ITI Balanced Advantage Fund-Reg(G),Rajesh Bhatia,HY-DYN,Unrated,388.4,2.37,Open Ended,2019-12-31,NIFTY 50 Hybrid Composite Debt 50:50 Index,14.34,14.62,12.51,-0.07,-2.45,2.98,13.67,15.78,9.19,7.46,,711.0,37.0,321584.0,56.66,4.38,4.38,Financials,0.05,0.04,6.73,3.55,0.9,1.19,2.07,10.72,Hybrid : Dynamic Asset Allocation,Nil upto 10% of units and 1% for remaining units on or before 3M Nil after 3M,6.0
ITI Banking & Financial Services Fund-Reg(G),Nilay Dalal,EQ-FIN,Unrated,271.8,2.34,Open Ended,2021-12-06,Nifty Financial Services - TRI,13.7,14.5,12.17,-1.25,-5.03,-2.27,7.25,11.47,10.88,,,150.0,32.0,284050.0,71.01,13.95,10.09,Financials,0.2,0.19,3.51,-1.01,0.26,0.37,1.08,17.0,Equity : Sectoral - Financial Services,1% on or before 12M Nil after 12M,4.0
ITI Banking & PSU Debt Fund-Reg(G),Rajesh Bhatia,DT-B&PSU,Unrated,30.2,0.7,Open Ended,2020-10-22,CRISIL Banking and PSU Debt Index,12.51,12.51,11.62,0.53,1.47,3.65,7.62,6.92,6.03,,,0.0,50.0,156243.5,55.18,14.37,15.24,Not Applicable,1.98,1.47,7.09,2.34,4.44,8.9,0.39,0.79,Debt : Banking & PSU,Nil,5.0
ITI Dynamic Bond Fund-Reg(G),Rajesh Bhatia,DT-DYN,Unrated,44.5,1.2,Open Ended,2021-07-14,CRISIL Dynamic Bond Index,12.11,12.13,11.14,0.39,0.88,4.14,8.67,7.06,5.94,,,0.0,50.0,156243.5,55.18,14.37,15.24,Not Applicable,6.76,4.82,6.71,1.08,2.04,3.49,1.12,2.17,Debt : Dynamic Bond,Nil,4.0
ITI ELSS Tax Saver Fund-Reg(G),Alok Ranjan,EQ-ELSS,Unrated,398.6,2.31,Open Ended,2019-10-18,NIFTY 500 - TRI,24.3,26.27,19.48,-0.95,-7.61,-1.01,23.15,29.87,20.19,17.91,,126.0,61.0,70050.0,50.34,8.73,36.47,Financials,,,,13.13,1.06,1.54,1.01,17.21,Equity : Tax Saving (ELSS),Nil,6.0
ITI Flexi Cap Fund-Reg(G),Dhimant Shah,EQ-FLEX,Unrated,1287.6,2.05,Open Ended,2023-02-17,NIFTY 500 - TRI,18.1,18.93,14.16,-0.66,-4.76,0.83,26.41,15.99,,,,103.0,78.0,80542.0,43.19,15.39,37.97,Financials,,,,16.28,1.21,1.71,1.03,17.68,Equity : Flexi Cap,1% on or before 12M Nil after 12M,2.0
ITI Focused Equity Fund-Reg(G),Dhimant Shah,EQ-FLEX,Unrated,509.0,2.35,Open Ended,2023-06-19,NIFTY 500 - TRI,14.89,15.54,11.77,-0.67,-4.27,1.9,24.62,15.99,,,,96.0,30.0,145504.0,51.84,19.96,24.27,Financials,,,,14.84,1.15,1.64,1.05,17.54,Equity : Flexi Cap,1% on or before 12M Nil after 12M,2.0
ITI Large & Mid Cap Fund-Reg(G),Alok Ranjan,EQ-L&M,Unrated,828.8,2.2,Open Ended,2024-09-11,NIFTY LargeMidcap 250 - TRI,9.91,10.29,9.38,-1.04,-3.86,3.25,11.97,15.99,,,,18.0,62.0,95560.0,39.47,24.29,26.11,Financials,,,,4.33,1.34,2.01,0.88,12.37,Equity : Large & Mid Cap,0.50% on or before 3M Nil after 3M,1.0
ITI Large Cap Fund-Reg(G),Alok Ranjan,EQ-LC,Unrated,376.9,2.36,Open Ended,2020-12-24,NIFTY 100 - TRI,17.7,18.8,15.1,-0.8,-5.96,-3.21,14.64,19.85,12.88,,,89.0,63.0,260069.0,79.57,4.29,15.59,Financials,,,,5.95,0.68,0.94,1.09,16.8,Equity : Large Cap,1% on or before 3M Nil after 3M,5.0
ITI Liquid Fund-Reg(G),Rajesh Bhatia,DT-LIQ,Unrated,51.5,0.25,Open Ended,2019-04-24,CRISIL Liquid Debt Index,1316.18,1316.18,1230.94,0.57,1.69,3.4,6.94,6.78,6.07,4.88,,0.0,50.0,156243.5,55.18,14.37,15.24,Not Applicable,0.06,0.06,6.94,0.48,11.17,3.59,0.88,0.04,Debt : Liquid,0.007% for Day 1 0.0065% on Day 2 0.0060% on Day 3 0.0055% on Day 4 0.0050% on Day 5 0.0045% on Day 6 NIL on or after 7D,6.0
ITI Mid Cap Fund-Reg(G),Rohan Korde,EQ-MID,Unrated,1133.4,2.09,Open Ended,2021-03-05,Nifty Midcap 150 - TRI,21.49,22.79,16.33,0.78,-6.12,-1.59,30.17,36.07,23.64,,,132.0,77.0,52177.0,5.81,74.59,15.66,Financials,,,,19.96,1.28,1.79,1.05,19.68,Equity : Mid Cap,1% on or before 12M Nil after 12M,4.0
ITI Multi-Cap Fund-Reg(G),Dhimant Shah,EQ-MLC,Unrated,1381.8,2.02,Open Ended,2019-05-15,Nifty500 Multicap 50:25:25 - TRI,23.92,25.39,19.57,0.35,-6.3,-1.69,20.57,29.84,20.28,15.91,,99.0,82.0,80032.0,38.66,25.09,32.44,Financials,1.44,1.32,4.12,11.69,0.97,1.36,1.01,17.33,Equity : Multi Cap,1% on or before 3M Nil after 3M,6.0
ITI Overnight Fund-Reg(G),Rajesh Bhatia,DT-ON,Unrated,17.4,0.18,Open Ended,2019-10-24,CRISIL Liquid Overnight Index,1269.39,1269.39,1193.45,0.52,1.55,3.13,6.38,6.37,5.74,4.69,,0.0,50.0,156243.5,55.18,14.37,15.24,Not Applicable,0.01,0.01,6.69,0.13,8.2,0.92,0.88,0.01,Debt : Overnight,Nil,6.0
ITI Pharma & Healthcare Fund-Reg(G),Rohan Korde,EQ-PHRM,Unrated,217.9,2.35,Open Ended,2021-11-08,Nifty Healthcare Index - TRI,17.6,17.6,12.6,2.54,3.13,23.55,41.76,37.23,19.63,,,66.0,35.0,63266.0,28.86,31.46,34.94,Healthcare,,,,30.21,2.51,4.52,0.47,12.99,Equity : Sectoral - Pharma,1% on or before 12M Nil after 12M,4.0
ITI Small Cap Fund-Reg(G),Dhimant Shah,EQ-SML,Unrated,2438.9,1.94,Open Ended,2020-02-17,Nifty Smallcap 250 - TRI,29.63,30.4,21.22,1.41,-0.09,4.38,34.52,43.09,25.39,,,143.0,83.0,26209.0,5.91,24.88,66.15,Financials,,,,23.59,1.45,2.02,0.99,19.76,Equity : Small Cap,1% on or before 12M Nil after 12M,5.0
ITI Ultra Short Duration Fund-Reg(G),Rajesh Bhatia,DT-USD,Unrated,199.7,0.96,Open Ended,2021-05-05,CRISIL Ultra Short Term Debt Index,1196.39,1196.39,1122.86,0.55,1.58,3.21,6.56,6.42,5.54,,,0.0,50.0,156243.5,55.18,14.37,15.24,Not Applicable,0.3,0.27,7.07,2.42,9.18,18.66,0.03,0.27,Debt : Ultra Short Duration,Nil,4.0
ITI Value Fund-Reg(G),Rohan Korde,EQ-VAL,Unrated,311.4,2.35,Open Ended,2021-06-14,NIFTY 500 - TRI,17.08,18.04,14.17,-0.33,-5.5,-3.07,18.46,27.75,20.05,,,136.0,67.0,80759.0,43.49,12.35,40.0,Financials,,,,10.0,0.82,1.13,1.12,19.07,Equity : Value / Contra,1% on or before 3M Nil after 3M,4.0
JM Aggressive Hybrid Fund(G),Asit Bhandarkar,HY-EQ,Unrated,719.7,2.28,Open Ended,1995-04-01,CRISIL Hybrid 35+65 - Aggressive Index,124.89,130.54,98.52,0.14,-3.86,0.02,26.79,30.33,22.78,24.29,12.91,116.16,48.0,86278.0,36.67,7.53,30.7,Financials,,,,16.43,1.66,2.53,1.74,13.02,Hybrid : Equity Oriented,1% on or before 60D Nil after 60D,30.0
JM Arbitrage Fund(G),Asit Bhandarkar,HY-ARB,Unrated,177.8,1.06,Open Ended,2006-07-18,Nifty 50 Arbitrage,31.65,31.65,29.55,0.61,1.77,3.26,7.08,6.9,5.93,4.6,5.28,1225.7,60.0,153449.0,50.35,15.78,6.98,Financials,0.14,,,3.25,2.88,6.4,-0.09,1.04,Hybrid : Arbitrage,0.50% on or before 30D,19.0
JM Dynamic Bond Fund-Reg(G),Killol Pandya,DT-DYN,Unrated,44.2,0.97,Open Ended,2003-06-25,CRISIL Dynamic Bond Index,39.61,39.7,36.63,0.26,0.61,3.96,8.0,7.08,5.98,5.66,6.67,0.0,50.0,156243.5,55.18,14.37,15.24,Not Applicable,10.08,6.74,6.92,0.83,2.01,3.52,1.0,1.89,Debt : Dynamic Bond,Nil,22.0
JM ELSS Tax Saver Fund(G),Chaitanya Choksi,EQ-ELSS,Unrated,183.5,2.39,Open Ended,2008-03-31,BSE 500 - TRI,49.93,53.07,37.89,0.36,-6.2,1.17,29.6,30.97,20.08,21.82,15.87,112.19,61.0,75441.0,49.12,11.88,38.45,Financials,,,,19.15,1.37,1.97,1.04,17.81,Equity : Tax Saving (ELSS),Nil,17.0
JM Flexicap Fund-Reg(G),Satish Ramanathan,EQ-FLEX,3,5012.2,1.81,Open Ended,2008-09-23,BSE 500 - TRI,105.63,109.69,77.8,1.19,-4.13,0.76,33.49,37.3,26.77,24.61,17.3,119.56,64.0,93226.0,50.73,11.16,37.09,Financials,,,,22.23,1.55,2.2,1.01,17.67,Equity : Flexi Cap,1% on or before 30D Nil after 30D,17.0
JM Focused Fund-Reg(G),Asit Bhandarkar,EQ-LC,Unrated,211.9,2.38,Open Ended,2008-03-05,BSE 500 - TRI,20.86,21.56,16.39,0.88,-3.3,2.38,24.49,29.46,21.59,17.21,13.58,208.13,28.0,140785.0,56.31,18.46,19.89,Financials,,,,15.27,1.21,1.79,0.96,16.68,Equity : Large Cap,1% on or before 30D Nil after 30D,17.0
JM Large Cap Fund-Reg(G),Satish Ramanathan,EQ-LC,Unrated,495.1,2.36,Open Ended,1995-04-01,BSE 100 - TRI,155.68,168.7,132.07,-2.56,-8.22,-4.53,15.01,22.97,16.16,17.83,11.18,191.0,45.0,336939.0,86.5,5.13,5.72,Financials,,,,6.5,0.72,1.02,1.07,16.58,Equity : Large Cap,1% on or before 30D Nil after 30D,30.0
JM Liquid Fund(G),Killol Pandya,DT-LIQ,2,3204.7,0.25,Open Ended,1997-12-31,CRISIL Liquid Debt Index,68.91,68.91,64.27,0.57,1.72,3.5,7.23,7.09,6.34,5.25,6.3,0.0,50.0,156243.5,55.18,14.37,15.24,Not Applicable,0.13,0.12,7.09,0.66,11.57,4.87,0.88,0.06,Debt : Liquid,0.007% for Day 1 0.0065% on Day 2 0.0060% on Day 3 0.0055% on Day 4 0.0050% on Day 5 0.0045% on Day 6 NIL on or after 7D,28.0
JM Low Duration Fund(G),Killol Pandya,DT-LOWD,4,231.2,0.73,Open Ended,2006-09-27,CRISIL Low Duration Debt Index,35.66,35.66,33.24,0.59,1.7,3.61,7.31,6.94,5.99,9.24,6.28,0.0,50.0,156243.5,55.18,14.37,15.24,Not Applicable,1.03,0.9,7.64,3.02,9.72,19.27,0.08,0.34,Debt : Low Duration,Nil,19.0
JM Medium to Long Duration Fund-Reg(G),Killol Pandya,DT-M&LD,Unrated,27.5,1.09,Open Ended,1995-04-01,CRISIL Medium to Long Term Debt Index,59.16,59.28,54.76,0.26,0.64,3.83,7.94,7.21,4.98,5.26,3.95,0.0,50.0,156243.5,55.18,14.37,15.24,Not Applicable,9.41,6.35,6.91,0.76,1.98,3.46,1.01,1.9,Debt : Medium to Long Duration,Nil,30.0
JM Midcap Fund-Reg(G),Satish Ramanathan,EQ-MID,Unrated,1696.3,2.0,Open Ended,2022-11-21,Nifty Midcap 150 - TRI,19.9,20.86,14.46,2.15,-4.37,1.37,35.51,41.03,,,,125.9,63.0,36051.0,3.71,64.61,31.12,Healthcare,,,,24.52,1.58,2.27,0.92,18.49,Equity : Mid Cap,1% on or before 180D Nil after 180D,3.0
JM Overnight Fund-Reg(G),Killol Pandya,DT-ON,1,146.6,0.15,Open Ended,2019-12-03,CRISIL Liquid Overnight Index,1272.03,1272.03,1193.74,0.55,1.6,3.21,6.58,6.58,5.92,4.84,,0.0,50.0,156243.5,55.18,14.37,15.24,Not Applicable,0.01,0.01,6.66,0.25,26.02,1.82,0.88,0.01,Debt : Overnight,Nil,6.0
JM Short Duration Fund-Reg(G),Killol Pandya,DT-SD,Unrated,124.0,1.08,Open Ended,2022-08-29,CRISIL Short Duration Debt Index,11.52,11.52,10.77,0.48,1.37,3.66,7.01,6.54,,,,0.0,50.0,156243.5,55.18,14.37,15.24,Not Applicable,2.91,2.4,7.38,2.09,4.72,9.51,0.29,0.63,Debt : Short Duration,Nil,3.0
JM Small Cap Fund-Reg(G),Asit Bhandarkar,EQ-SML,Unrated,612.4,2.3,Open Ended,2024-06-18,Nifty Smallcap 250 - TRI,10.75,11.06,9.79,1.45,-3.18,6.32,11.97,15.99,,,,18.0,73.0,11196.0,55.18,5.33,89.61,Healthcare,,,,4.33,1.34,2.01,0.88,12.37,Equity : Small Cap,1% on or before 180D Nil after 180D,1.0
JM Value Fund(G),Satish Ramanathan,EQ-VAL,3,1072.7,2.2,Open Ended,1997-06-02,BSE 500 - TRI,102.29,110.82,81.29,-0.21,-7.29,-2.83,24.41,36.39,25.37,24.68,17.51,98.69,63.0,55418.0,39.55,11.74,47.93,Financials,,,,15.65,1.13,1.61,1.01,18.3,Equity : Value / Contra,1% on or before 30D Nil after 30D,28.0
Kotak Balanced Advantage Fund-Reg(G),Rohit Tandon,HY-DYN,3,16958.8,1.66,Open Ended,2018-08-03,NIFTY 50 Hybrid Composite Debt 50:50 Index,20.1,20.46,17.29,0.11,-2.04,3.49,14.67,15.67,11.65,12.21,,265.22,99.0,246411.0,52.14,9.81,5.47,Financials,9.89,4.86,7.26,6.3,1.39,2.15,1.31,7.36,Hybrid : Dynamic Asset Allocation,Nil upto 8% of investment and 1% for remaining investment on or before 1Y Nil after 1Y,7.0
Kotak Banking & Financial Services Fund-Reg(G),Shibani Kurian,EQ-FIN,Unrated,1031.0,2.19,Open Ended,2023-02-27,Nifty Financial Services - TRI,14.4,15.16,12.03,-1.71,-4.21,-0.25,12.82,15.99,,,,34.56,28.0,283727.0,71.3,12.0,10.85,Financials,,,,4.13,0.55,0.79,1.11,17.7,Equity : Sectoral - Financial Services,0.50% on or before 30D Nil after 30D,2.0
Kotak Banking and PSU Debt Fund(G),Deepak Agrawal,DT-B&PSU,4,5678.6,0.75,Open Ended,1998-12-29,CRISIL Banking and PSU Debt Index,62.58,62.58,57.95,0.49,1.41,4.05,7.98,7.35,6.1,6.49,7.47,0.0,50.0,156243.5,55.18,14.37,15.24,Not Applicable,5.55,3.64,7.43,2.65,4.48,8.07,0.42,0.87,Debt : Banking & PSU,Nil,27.0
Kotak Bluechip Fund(G),Rohit Tandon,EQ-LC,4,9497.9,1.75,Open Ended,2003-02-04,NIFTY 100 - TRI,558.24,596.44,463.8,-1.07,-6.72,-0.07,16.78,20.33,14.09,16.94,12.87,30.99,61.0,333191.0,83.76,7.9,4.76,Financials,,,,7.91,0.93,1.4,0.95,13.73,Equity : Large Cap,Nil upto 10% of investment and 1% for remaining investment on or before 1Y Nil after 1Y,22.0
Kotak Bond Fund-Reg(G),Abhishek Bisen,DT-M&LD,3,2033.8,1.65,Open Ended,1999-11-25,CRISIL Medium to Long Term Debt Index,73.71,73.81,67.99,0.35,0.54,3.74,8.22,7.43,5.49,6.12,6.59,0.0,50.0,156243.5,55.18,14.37,15.24,Not Applicable,13.09,6.16,7.1,1.08,2.2,3.76,0.98,1.82,Debt : Medium to Long Duration,Nil,26.0
Kotak Bond Short Term Fund(G),Deepak Agrawal,DT-SD,4,16673.0,1.12,Open Ended,2002-05-02,Nifty Short Duration Debt Index,49.92,49.92,46.34,0.47,1.4,3.93,7.71,7.07,5.7,6.03,6.91,0.0,50.0,156243.5,55.18,14.37,15.24,Not Applicable,4.63,2.76,7.47,2.57,5.11,10.58,0.36,0.71,Debt : Short Duration,Nil,23.0
Kotak BSE Housing Index Fund-Reg(G),Devender Singhal,EQ-INDX,Unrated,18.5,0.72,Open Ended,2023-08-28,BSE Housing - TRI,14.31,15.04,11.34,1.61,-5.86,-4.75,19.75,15.99,,,,54.12,24.0,86873.0,38.43,58.28,3.17,Construction,,,,11.11,0.86,1.29,1.05,19.11,Equity : Index Funds,Nil,2.0
Kotak BSE PSU Index Fund-Reg(G),Devender Singhal,EQ-INDX,Unrated,72.3,1.05,Open Ended,2024-07-31,BSE PSU - TRI,8.45,10.0,8.23,-4.93,-11.15,3.25,11.97,15.99,,,,8.39,59.0,193605.0,74.89,21.64,3.38,Energy,,,,4.33,1.34,2.01,0.88,12.37,Equity : Index Funds,Nil,1.0
Kotak BSE Sensex ETF,Devender Singhal,EQ-ETF,Unrated,27.3,0.18,Open Ended,2008-06-06,BSE SENSEX - TRI,86.23,92.47,75.21,-1.65,-6.72,-0.89,9.64,15.43,12.2,14.97,12.13,13.6,30.0,684539.0,99.26,0.72,15.24,Financials,,,,1.59,0.45,0.7,0.99,13.87,Equity : ETFs,Nil,17.0
Kotak Business Cycle Fund-Reg(G),Harish Bihani,EQ-THEM,Unrated,2675.7,1.95,Open Ended,2022-09-28,NIFTY 500 - TRI,16.04,16.63,12.11,0.85,-3.57,5.44,28.12,26.07,,,,44.51,54.0,91696.0,47.42,22.36,28.86,Financials,,,,18.04,1.65,2.49,0.84,13.56,Equity : Thematic,0.50% on or before 90D Nil after 90D,3.0
Kotak Consumption Fund-Reg(G),Devender Singhal,EQ-CONS,Unrated,1110.5,2.15,Open Ended,2023-11-16,Nifty India Consumption - TRI,13.78,14.92,10.24,0.13,-7.31,8.11,26.82,15.99,,,,29.83,40.0,92368.0,58.62,4.74,33.78,FMCG,,,,18.04,1.67,2.91,0.64,12.7,Equity : Thematic - Consumption,0.50% on or before 90D Nil after 90D,2.0
Kotak Corporate Bond Fund(G),Deepak Agrawal,DT-CORP,2,14332.8,0.67,Open Ended,2007-09-21,NIFTY Corporate Bond Index,3604.56,3604.8,3330.23,0.49,1.45,4.2,8.25,7.54,6.24,6.39,7.43,0.0,50.0,156243.5,55.18,14.37,15.24,Not Applicable,4.99,3.3,7.47,2.92,5.21,9.96,0.41,0.79,Debt : Corporate Bond,Nil,18.0
Kotak Credit Risk Fund(G),Deepak Agrawal,DT-CR,3,749.6,1.71,Open Ended,2010-05-11,CRISIL Credit Risk Debt Index,28.09,28.15,26.24,0.21,1.17,2.67,7.08,6.81,4.82,5.24,6.73,0.0,50.0,156243.5,55.18,14.37,15.24,Not Applicable,2.86,2.24,8.5,2.17,1.71,2.14,0.32,1.82,Debt : Credit Risk,Nil upto 6% of investment and 1% for remaining investment on or before 1Y Nil after 1Y,15.0
Kotak CRISIL-IBX AAA Financial Services Index - Sep 2027 Fund-Reg(G),Abhishek Bisen,DT-M&LD,Unrated,409.4,0.4,Open Ended,2024-09-13,CRISIL IBX AAA Financial Services Index - Sep 2027,10.25,10.25,10.0,0.62,1.92,3.25,11.97,15.99,,,,0.0,50.0,156243.5,55.18,14.37,15.24,Not Applicable,2.5,2.11,7.77,4.33,1.34,2.01,0.88,12.37,Debt : Medium to Long Duration,0.25% on or before 30D Nil after 30D,1.0
Kotak Debt Hybrid Fund(G),Shibani Kurian,HY-DT(CO),5,3034.6,1.66,Open Ended,2003-12-02,CRISIL Hybrid 85+15 - Conservative Index,56.88,57.59,50.84,-0.01,-1.52,3.31,11.3,12.74,9.9,11.26,9.53,0.0,45.0,160082.0,18.31,1.84,3.85,Financials,14.9,7.01,7.2,3.18,1.47,2.16,1.38,4.95,Hybrid : Debt Oriented (Conservative),Nil upto 8% of investments and 1% for remaining investments on or before 6M Nil after 6M,22.0
Kotak Dynamic Bond Fund-Reg(G),Deepak Agrawal,DT-DYN,4,3013.9,1.33,Open Ended,2008-05-28,NIFTY Composite Debt Index,35.96,36.07,32.91,0.25,-0.01,3.91,9.21,7.82,6.03,6.53,7.73,0.0,50.0,156243.5,55.18,14.37,15.24,Not Applicable,18.83,8.69,7.19,1.61,2.14,3.54,1.15,2.36,Debt : Dynamic Bond,Nil,17.0
Kotak ELSS Tax Saver Fund(G),Harsha Upadhyaya,EQ-ELSS,3,6232.3,1.76,Open Ended,2005-11-23,NIFTY 500 - TRI,116.92,123.71,93.38,-0.3,-5.64,-0.6,22.21,23.15,17.68,19.81,14.58,36.03,56.0,161989.0,65.6,16.74,15.93,Financials,,,,12.73,1.14,1.63,0.99,15.6,Equity : Tax Saving (ELSS),Nil,20.0
Kotak Emerging Equity Fund(G),Atul Bhole,EQ-MID,4,52048.9,1.42,Open Ended,2007-03-30,Nifty Midcap 150 - TRI,136.01,137.75,98.71,1.53,-1.7,5.21,34.17,33.22,23.18,27.05,18.49,47.7,65.0,55893.0,12.51,67.79,15.41,Technology,,,,22.73,1.69,2.52,0.9,16.19,Equity : Mid Cap,Nil upto 10% of investment and 1% for remaining investment on or before 1Y Nil after 1Y,18.0
Kotak Equity Arbitrage Fund(G),Hiten Shah,HY-ARB,4,54915.4,1.01,Open Ended,2005-09-29,Nifty 50 Arbitrage,36.25,36.25,33.65,0.69,1.91,3.54,7.8,7.61,6.58,5.58,6.03,2124.14,204.0,221159.0,57.5,14.51,2.96,Financials,0.2,0.2,7.25,3.86,3.59,8.17,-0.07,1.01,Hybrid : Arbitrage,0.25% on or before 30D Nil after 30D,20.0
Kotak Equity Hybrid Fund(G),Atul Bhole,HY-EQ,5,6815.5,1.76,Open Ended,2014-11-03,NIFTY 50 Hybrid Composite Debt 65:35 Index,61.89,63.32,49.87,-0.08,-3.01,3.82,21.9,21.5,15.85,18.03,13.08,68.88,60.0,146119.0,43.56,23.5,9.33,Financials,14.75,7.07,7.07,10.96,1.48,2.16,2.06,11.51,Hybrid : Equity Oriented,Nil upto 8% of investment and 1% for remaining investment on or before 1Y Nil after 1Y,11.0
Kotak Equity Opp Fund(G),Harsha Upadhyaya,EQ-L&M,3,25648.5,1.59,Open Ended,2004-09-09,NIFTY LargeMidcap 250 - TRI,339.25,355.58,265.83,-0.28,-5.3,-0.15,24.38,27.42,20.36,21.26,15.59,25.22,68.0,158922.0,55.81,34.82,6.23,Financials,,,,14.69,1.25,1.8,0.98,15.79,Equity : Large & Mid Cap,Nil upto 10% of investment and 1% for remaining investment on or before 1Y Nil after 1Y,21.0
Kotak Equity Savings Fund(G),Devender Singhal,HY-EQ,2,7973.6,1.76,Open Ended,2014-10-13,NIFTY 50 Equity Savings Index - TRI,25.43,25.75,22.53,-0.29,-1.44,2.84,11.53,13.89,11.54,11.16,9.4,459.67,94.0,181850.0,49.95,8.87,8.53,Financials,1.78,1.2,7.26,4.99,1.25,1.83,0.84,6.02,Hybrid : Equity Oriented,Nil upto 8% of investments and 1% for remaining investments on or before 90D Nil after 90D,11.0
Kotak ESG Exclusionary Strategy Fund-Reg(G),Mandar Pawar,EQ-THEM,Unrated,940.4,2.25,Open Ended,2020-12-11,NIFTY100 ESG - TRI,16.75,18.25,14.41,-2.22,-8.74,-3.01,12.65,17.14,10.81,,,14.62,42.0,259522.0,83.85,12.05,3.26,Financials,,,,4.21,0.64,0.97,0.95,14.13,Equity : Thematic,0.50% on or before 90D Nil after 90D,5.0
Kotak Flexicap Fund(G),Harsha Upadhyaya,EQ-FLEX,2,51275.7,1.47,Open Ended,2009-09-11,NIFTY 500 - TRI,80.82,85.84,67.16,-1.29,-6.1,-2.36,16.81,20.85,15.5,16.42,13.64,17.26,59.0,231993.0,70.39,22.51,5.47,Financials,,,,7.84,0.83,1.2,1.02,15.61,Equity : Flexi Cap,Nil upto 10% of investment and 1% for remaining investment on or before 1Y Nil after 1Y,16.0
Kotak Floating Rate Fund-Reg(G),Deepak Agrawal,DT-FL,4,3772.4,0.63,Open Ended,2019-05-14,NIFTY Ultra Short Duration Debt Index,1445.52,1445.9,1336.92,0.58,1.85,4.24,8.17,7.71,6.27,6.82,,0.0,50.0,156243.5,55.18,14.37,15.24,Not Applicable,5.93,1.57,7.85,3.88,8.12,18.43,0.08,0.51,Debt : Floater,Nil,6.0
Kotak FMP-292-1735D(G),Deepak Agrawal,DT-FMP,Unrated,441.8,1.08,Closed Ended,2021-08-13,CRISIL Composite Bond Index,12.05,12.05,11.18,0.55,1.55,3.79,7.75,7.35,5.63,,,18.0,50.0,156243.5,55.18,14.37,15.24,Not Applicable,,,,3.18,5.9,14.68,0.16,0.62,Debt : FTP/FMP,,4.0
Kotak FMP-292-1735D(IDCW),Deepak Agrawal,DT-FMP,Unrated,441.8,1.08,Closed Ended,2021-08-13,NIFTY Medium to Long Duration Debt Index,12.05,12.05,11.18,0.55,1.55,3.79,7.75,7.35,5.63,,,18.0,50.0,156243.5,55.18,14.37,15.24,Not Applicable,,,,3.18,5.9,14.68,0.16,0.62,Debt : FTP/FMP,,4.0
Kotak FMP-300-1223D(G),Deepak Agrawal,DT-FMP,Unrated,240.1,1.08,Closed Ended,2022-12-09,NIFTY Medium Duration Debt Index,11.55,11.55,10.72,0.65,1.63,3.89,7.75,7.32,,,,18.0,50.0,156243.5,55.18,14.37,15.24,Not Applicable,,,,2.97,5.38,11.79,0.23,0.68,Debt : FTP/FMP,,3.0
Kotak FMP-304-3119D(G),Deepak Agrawal,DT-FMP,Unrated,109.4,1.08,Closed Ended,2022-12-30,NIFTY Long Duration Debt Index,11.88,11.89,10.78,0.54,1.11,5.01,10.04,8.96,,,,18.0,50.0,156243.5,55.18,14.37,15.24,Not Applicable,,,,2.65,2.78,5.13,1.03,2.05,Debt : FTP/FMP,,3.0
Kotak FMP-305-1200D(G),Deepak Agrawal,DT-FMP,Unrated,33.6,1.08,Closed Ended,2023-01-19,NIFTY Medium Duration Debt Index,11.49,11.49,10.68,0.65,1.61,3.82,7.64,15.99,,,,18.0,50.0,156243.5,55.18,14.37,15.24,Not Applicable,,,,2.9,5.38,11.65,0.22,0.66,Debt : FTP/FMP,,2.0
Kotak FMP-308-1125D(G),Deepak Agarwal,DT-FMP,Unrated,93.4,1.08,Closed Ended,2023-03-29,NIFTY Medium Duration Debt Index,11.43,11.43,10.56,0.65,1.98,4.3,8.19,15.99,,,,18.0,50.0,156243.5,55.18,14.37,15.24,Not Applicable,,,,3.73,8.76,17.07,0.14,0.47,Debt : FTP/FMP,,2.0
Kotak FMP-310-1131D(G),Deepak Agrawal,DT-FMP,Unrated,124.9,1.08,Closed Ended,2023-03-27,NIFTY Medium Duration Debt Index,11.32,11.32,10.52,0.63,1.59,3.81,7.59,15.99,,,,18.0,50.0,156243.5,55.18,14.37,15.24,Not Applicable,,,,2.82,5.18,11.27,0.23,0.68,Debt : FTP/FMP,,2.0
Kotak Focused Equity Fund-Reg(G),Shibani Kurian,EQ-MLC,Unrated,3558.4,1.89,Open Ended,2019-07-16,NIFTY 500 - TRI,24.35,26.41,20.36,-1.91,-7.54,-1.38,16.84,20.48,13.87,17.2,,38.98,29.0,247971.0,78.82,11.72,6.93,Financials,,,,8.04,0.89,1.32,0.97,14.57,Equity : Multi Cap,Nil upto 10% of investment and 1% for remaining investment on or before 1Y Nil after 1Y,6.0
Kotak Gilt Fund-PF&Trust(G),Abhishek Bisen,DT-GILT,3,4398.4,1.48,Open Ended,2003-11-11,Nifty All Duration G-Sec Index,95.2,95.63,87.85,0.27,-0.29,3.57,8.22,7.66,5.89,6.5,7.22,0.0,50.0,156243.5,55.18,14.37,15.24,Not Applicable,26.86,10.79,7.09,-0.15,1.49,2.42,1.4,2.7,Debt : Gilt,Nil,22.0
Kotak Gilt Fund-Reg(G),Abhishek Bisen,DT-GILT,3,4398.4,1.48,Open Ended,1998-12-29,Nifty All Duration G-Sec Index,93.06,93.47,85.87,0.27,-0.29,3.57,8.21,7.66,5.89,6.5,7.21,0.0,50.0,156243.5,55.18,14.37,15.24,Not Applicable,26.86,10.79,7.09,-0.15,1.49,2.41,1.4,2.7,Debt : Gilt,Nil,27.0
Kotak Global Emerging Mkt Fund(G),Arjun Khanna,FOF-OVR,Unrated,87.9,1.62,Open Ended,2007-09-26,MSCI Emerging Market Index,22.12,24.41,20.1,-1.05,-6.97,-1.28,5.87,8.27,-0.09,5.08,5.04,3.39,50.0,156243.5,55.18,14.37,15.24,Not Applicable,,,,-0.96,0.22,0.36,1.18,12.32,FoFs : Overseas,Nil upto 10% of units and 1% for remaining units on or before 1Y Nil after 1Y,18.0
Kotak Global Innovation FoF-Reg(G),Arjun Khanna,FOF-OVR,Unrated,629.6,1.58,Open Ended,2021-07-29,MSCI AC World Index,10.44,11.01,8.46,-2.86,2.6,8.43,19.55,25.28,2.94,,,18.0,50.0,156243.5,55.18,14.37,15.24,Not Applicable,,,,15.32,1.04,1.69,0.41,15.9,FoFs : Overseas,1% on or before 1Y Nil after 1Y,4.0
Kotak Gold ETF,Abhishek Bisen,GOLD-ETF,Unrated,5176.8,0.55,Open Ended,2007-07-27,Gold-India,64.65,67.25,52.34,-0.16,1.29,6.31,19.89,16.39,15.63,13.29,9.83,17.7,1.0,156243.5,55.18,14.37,15.24,Not Applicable,,,,16.1,1.23,1.85,-0.05,12.93,Gold : ETFs,Nil,18.0
Kotak Gold Fund(G),Abhishek Bisen,GOLD-MF,Unrated,2250.5,0.5,Open Ended,2011-03-25,Gold-India,30.07,31.12,24.29,0.42,1.12,6.03,19.52,16.43,15.09,12.97,9.72,1.3,1.0,156243.5,55.18,14.37,15.24,Not Applicable,,,,13.61,1.17,1.88,0.49,12.89,Gold : MFs,1% on or before 15D Nil after 15D,14.0
Kotak Healthcare Fund-Reg(G),Shibani Kurian,EQ-PHRM,Unrated,418.7,2.39,Open Ended,2023-12-11,Nifty Healthcare Index - TRI,14.42,14.42,10.33,3.98,3.05,23.68,39.94,15.99,,,,38.52,28.0,57602.0,37.19,29.01,32.94,Healthcare,,,,28.95,2.35,4.18,0.46,13.34,Equity : Sectoral - Pharma,0.50% on or before 30D Nil after 30D,2.0
Kotak Income Plus Arbitrage FOF-Reg(G),Abhishek Bisen,FOF-DOM,Unrated,85.6,0.3,Open Ended,2022-11-17,NIFTY Composite Debt Index,11.82,11.82,10.85,0.6,0.47,4.28,8.99,8.32,,,,18.0,50.0,156243.5,55.18,14.37,15.24,Not Applicable,,,6.46,2.17,2.16,3.28,0.92,2.28,FoFs : Domestic,Nil,3.0
Kotak India EQ Contra Fund(G),Shibani Kurian,EQ-VAL,2,4034.3,1.87,Open Ended,2005-07-27,NIFTY 500 - TRI,148.69,158.68,119.39,-1.35,-6.74,-0.53,22.2,29.12,21.62,21.67,15.47,42.77,66.0,143140.0,59.94,14.85,22.02,Financials,,,,13.03,1.16,1.68,1.0,15.67,Equity : Value / Contra,1% on or before 90D Nil after 90D,20.0
Kotak Infra & Eco Reform Fund(G),Nalin Rasik Bhatt,EQ-INFRA,3,2395.3,1.98,Open Ended,2008-02-25,Nifty Infrastructure - TRI,68.56,72.77,51.21,0.67,-6.28,-3.94,32.53,34.88,28.41,27.56,16.28,23.09,53.0,45623.0,32.88,21.4,44.91,Automobile and Ancillaries,,,,21.6,1.45,2.05,1.0,18.42,Equity : Sectoral - Infrastructure,0.50% on or before 90D Nil after 90D,17.0
Kotak International REIT FOF-Reg(G),Arjun Khanna,FOF-OVR,Unrated,54.2,1.39,Open Ended,2020-12-29,S&P Asia Pacific ex Japan REIT - TRI,9.37,10.76,8.73,-4.62,-12.87,5.48,-3.7,0.53,-3.39,,,4.58,50.0,156243.5,55.18,14.37,15.24,Not Applicable,,,,-13.05,-0.4,-0.69,2.03,17.55,FoFs : Overseas,Nil upto 8% of units and 1% for remaining units on or before 1Y Nil after 1Y,5.0
Kotak Liquid Fund-Reg(G),Deepak Agrawal,DT-LIQ,4,34539.1,0.31,Open Ended,2003-11-04,Nifty Liquid Fund Index,5102.19,5102.19,4756.07,0.58,1.72,3.52,7.3,7.12,6.33,5.25,6.26,0.0,50.0,156243.5,55.18,14.37,15.24,Not Applicable,0.15,0.15,7.23,1.31,9.15,10.97,0.88,0.14,Debt : Liquid,0.007% for Day 1 0.0065% on Day 2 0.0060% on Day 3 0.0055% on Day 4 0.0050% on Day 5 0.0045% on Day 6 NIL on or after 7D,22.0
Kotak Long Duration Fund-Reg(G),Abhishek Bisen,DT-LD,Unrated,178.4,0.62,Open Ended,2024-03-11,NIFTY Long Duration Debt Index,10.65,10.69,9.89,0.48,-0.28,3.6,11.97,15.99,,,,0.0,50.0,156243.5,55.18,14.37,15.24,Not Applicable,27.67,11.64,7.09,4.33,1.34,2.01,0.88,12.37,Debt : Long Duration,Nil,1.0
Kotak Low Duration Fund(G),Deepak Agrawal,DT-LOWD,5,12509.5,1.17,Open Ended,2008-03-06,CRISIL Long Duration Debt Index,3218.89,3218.89,3000.02,0.59,1.77,3.6,7.32,7.01,5.96,5.83,7.02,0.0,50.0,156243.5,55.18,14.37,15.24,Not Applicable,1.71,0.98,7.85,3.1,9.82,18.97,0.06,0.33,Debt : Low Duration,Nil,17.0
Kotak Manufacture in India Fund-Reg(G),Harsha Upadhyaya,EQ-THEM,Unrated,2452.6,1.96,Open Ended,2022-02-22,Nifty India Manufacturing - TRI,18.68,19.84,14.47,1.22,-6.41,-2.11,26.52,29.62,,,,27.35,59.0,90657.0,55.55,26.35,15.08,Automobile and Ancillaries,,,,16.53,1.3,1.9,0.96,16.43,Equity : Thematic,0.50% on or before 90D Nil after 90D,3.0
Kotak Medium Term Fund(G),Deepak Agrawal,DT-MD,3,1828.1,1.63,Open Ended,2014-03-21,CRISIL Medium Duration Debt Index,21.71,21.71,19.92,0.25,1.18,4.34,8.97,7.55,6.09,6.22,7.04,0.0,1.0,156243.5,55.18,14.37,15.24,Not Applicable,4.97,3.35,8.24,3.53,3.92,7.12,0.45,1.25,Debt : Medium Duration,Nil,11.0
Kotak MNC Fund-Reg(G),Harsha Upadhyaya,EQ-MNC,Unrated,2410.0,1.96,Open Ended,2024-10-28,NIFTY MNC - TRI,10.26,10.36,9.87,-0.6,-2.11,3.25,11.97,15.99,,,,18.0,38.0,106531.0,49.09,19.26,17.27,FMCG,,,,4.33,1.34,2.01,0.88,12.37,Equity : Thematic - MNC,0.50% on or before 90D Nil after 90D,1.0
Kotak Money Market Fund(G),Deepak Agrawal,DT-MM,3,29774.4,0.35,Open Ended,2003-07-14,CRISIL Money Market Index,4320.56,4320.56,4013.51,0.62,1.78,3.67,7.67,7.49,6.62,5.83,6.76,0.0,50.0,156243.5,55.18,14.37,15.24,Not Applicable,0.46,0.46,7.51,3.53,10.98,23.0,0.03,0.33,Debt : Money Market,Nil,22.0
Kotak Multi Asset Allocation Fund-Reg(G),Devender Singhal,HY-MULTI,Unrated,7652.9,1.73,Open Ended,2023-09-22,NIFTY 500 - TRI,12.9,13.41,10.8,-1.03,-4.28,0.77,16.01,15.99,,,,174.89,72.0,149604.0,47.58,9.04,12.26,Financials,5.19,3.2,7.04,7.96,1.16,1.7,1.38,10.35,Hybrid : Multi Asset Allocation,Nil upto 30% of investment and 1% for remaining investment on or before 1Y Nil after 1Y,2.0
Kotak Multi Asset Allocator FoF-Dynamic(G),Devender Singhal,FOF-DOM,Unrated,1614.5,1.01,Open Ended,2004-08-09,NIFTY 50 Hybrid Composite Debt 50:50 Index,222.15,227.7,185.13,0.03,-2.17,2.73,19.2,21.25,17.87,20.63,14.38,41.29,50.0,156243.5,55.18,14.37,15.24,Not Applicable,,,,8.79,1.62,2.39,1.88,8.85,FoFs : Domestic,Nil upto 8% of units and 1% for remaining units on or before 1Y Nil after 1Y,21.0
Kotak Multicap Fund-Reg(G),Devender Singhal,EQ-MLC,Unrated,15816.5,1.65,Open Ended,2021-09-29,Nifty500 Multicap 50:25:25 - TRI,19.31,20.18,15.01,-0.07,-5.43,2.67,26.54,34.04,25.69,,,57.13,62.0,74545.0,43.05,24.34,28.81,Financials,,,,17.21,1.31,1.93,0.98,16.87,Equity : Multi Cap,Nil upto 10% of investment and 1% for remaining investments on or before 1Y Nil after 1Y,4.0
Kotak NASDAQ 100 FoF-Reg(G),Arjun Khanna,FOF-OVR,Unrated,3339.6,0.67,Open Ended,2021-02-02,Nasdaq-100 - TRI,18.13,18.75,13.68,2.43,8.05,9.03,28.21,42.01,13.48,,,1.15,50.0,156243.5,55.18,14.37,15.24,Not Applicable,,,,23.49,1.46,2.35,0.96,18.22,FoFs : Overseas,Nil,4.0
Kotak Nifty 100 Equal Weight Index Fund-Reg(G),Devender Singhal,EQ-INDX,Unrated,709.5,0.72,Open Ended,2024-12-23,Nifty100 Equal Weight - TRI,10.19,10.19,9.98,0.31,-2.11,3.25,11.97,15.99,,,,4.84,50.0,156243.5,55.18,14.37,15.24,,,,,4.33,1.34,2.01,0.88,12.37,Equity : Index Funds,Nil,1.0
Kotak Nifty 100 Low Volatility 30 ETF,Devender Singhal,EQ-ETF,Unrated,152.1,0.09,Open Ended,2022-03-23,Nifty100 Low Volatility 30 - TRI,20.25,22.36,17.38,-0.46,-9.99,0.75,12.4,22.77,,,,52.05,30.0,322998.0,96.54,3.45,15.24,FMCG,,,,5.27,0.74,1.29,0.7,11.46,Equity : ETFs,,3.0
Kotak NIFTY 100 Low Volatility 30 Index Fund-Reg(G),Devender Singhal,EQ-INDX,Unrated,80.7,0.95,Open Ended,2024-06-07,Nifty100 Low Volatility 30 - TRI,10.44,11.56,9.98,-0.56,-10.24,0.03,11.97,15.99,,,,33.1,30.0,323015.0,96.68,3.45,15.24,FMCG,,,,4.33,1.34,2.01,0.88,12.37,Equity : Index Funds,Nil,1.0
Kotak Nifty 1D Rate Liquid ETF,Abhishek Bisen,DT-LIQ,Unrated,855.8,0.19,Open Ended,2023-01-24,Nifty 1D Rate Index,1027.45,1027.45,1000.0,0.54,1.6,3.2,6.49,15.99,,,,0.0,50.0,156243.5,55.18,14.37,15.24,Not Applicable,,,6.73,0.71,6.32,8.37,0.88,0.11,Debt : Liquid,,2.0
Kotak Nifty 200 Momentum 30 Index Fund-Reg(G),Devender Singhal,EQ-INDX,Unrated,394.7,0.79,Open Ended,2023-06-15,Nifty200 Momentum 30 - TRI,15.79,17.99,12.91,-4.01,-12.9,-7.67,20.4,15.99,,,,154.28,30.0,199220.0,87.07,12.91,15.24,Automobile and Ancillaries,,,,11.31,0.8,1.17,1.24,22.01,Equity : Index Funds,Nil,2.0
Kotak Nifty 50 Equal Weight Index Fund-Reg(G),Devender Singhal,EQ-INDX,Unrated,709.5,0.72,Open Ended,2024-12-23,NIFTY50 Equal Weight - TRI,10.24,10.24,9.98,0.31,-2.11,3.25,11.97,15.99,,,,5.07,50.0,156243.5,55.18,14.37,15.24,,,,,4.33,1.34,2.01,0.88,12.37,Equity : Index Funds,Nil,1.0
Kotak Nifty 50 ETF,Devender Singhal,EQ-ETF,Unrated,2582.1,0.04,Open Ended,2010-02-02,NIFTY 50 - TRI,263.05,284.68,228.54,-1.61,-7.82,-1.24,10.41,16.42,12.85,15.6,12.3,32.96,50.0,555827.0,98.69,1.25,15.24,Financials,,,,2.34,0.5,0.77,0.99,13.94,Equity : ETFs,Nil,15.0
Kotak Nifty 50 Index Fund-Reg(G),Devender Singhal,EQ-INDX,Unrated,772.4,0.37,Open Ended,2021-06-21,NIFTY 50 - TRI,15.59,16.93,13.65,-1.67,-7.93,-1.48,9.74,15.66,12.21,,,21.04,50.0,555827.0,98.76,1.25,15.24,Financials,2.83,,,1.34,0.46,0.7,0.99,13.98,Equity : Index Funds,Nil,4.0
Kotak Nifty 50 Value 20 ETF,Devender Singhal,EQ-ETF,Unrated,114.2,0.14,Open Ended,2015-12-02,Nifty50 Value 20 - TRI,156.85,166.61,129.12,-1.85,-6.83,2.98,17.2,24.17,16.34,21.73,,28.66,20.0,515689.0,98.26,1.63,15.24,Technology,,,,9.12,0.94,1.54,0.94,14.36,Equity : ETFs,,10.0
Kotak Nifty AAA Bond Jun 2025 HTM Index Fund-Reg(G),Abhishek Bisen,DT-SD,Unrated,20.1,0.3,Open Ended,2024-03-28,Nifty AAA Bond Jun 2025 HTM Index,10.57,10.57,10.0,0.63,1.8,3.63,11.97,15.99,,,,0.0,50.0,156243.5,55.18,14.37,15.24,Not Applicable,0.37,0.34,7.55,4.33,1.34,2.01,0.88,12.37,Debt : Short Duration,Nil,1.0
Kotak Nifty Alpha 50 ETF,Devender Singhal,EQ-ETF,Unrated,439.2,0.3,Open Ended,2021-12-22,Nifty Alpha 50 - TRI,54.98,59.25,40.98,0.98,-6.11,0.29,33.08,38.18,16.75,,,170.86,50.0,76519.0,30.25,53.87,15.85,Financials,,,,22.6,1.17,1.7,1.21,24.16,Equity : ETFs,,4.0
Kotak Nifty Bank ETF,Devender Singhal,EQ-ETF,Unrated,5327.5,0.15,Open Ended,2014-12-04,NIFTY BANK - TRI,530.39,559.21,458.0,-1.94,-3.57,-2.72,6.57,9.99,13.94,9.77,10.83,45.41,12.0,538946.0,86.41,13.57,15.24,Financials,,,,-1.31,0.22,0.32,1.08,17.46,Equity : ETFs,Nil,11.0
Kotak Nifty Financial Services Ex-Bank Index Fund-Reg(G),Devender Singhal,EQ-INDX,Unrated,39.0,0.74,Open Ended,2023-08-14,Nifty Financial Services Ex-Bank - TRI,13.52,14.6,11.23,-0.11,-9.42,1.58,13.47,15.99,,,,33.58,30.0,126944.0,67.15,27.16,5.51,Financials,,,,5.44,0.56,0.83,1.11,19.81,Equity : Index Funds,Nil,2.0
Kotak Nifty G-Sec July 2033 Index Fund-Reg(G),Abhishek Bisen,DT-LD,Unrated,18.6,0.39,Open Ended,2023-10-11,Nifty G-Sec July 2033 Index,11.18,11.18,10.23,0.46,1.0,4.64,9.07,15.99,,,,0.0,50.0,156243.5,55.18,14.37,15.24,Not Applicable,7.54,5.54,6.92,1.81,2.63,4.76,0.98,1.8,Debt : Long Duration,Nil,2.0
Kotak NIFTY India Consumption ETF,Devender Singhal,EQ-ETF,Unrated,5.7,0.1,Open Ended,2022-07-28,Nifty India Consumption - TRI,118.6,132.25,95.41,-0.16,-10.7,2.51,20.6,25.26,,,,60.7,30.0,277659.0,92.14,7.83,15.24,FMCG,,,,12.07,1.19,2.19,0.74,13.02,Equity : ETFs,,3.0
Kotak Nifty India Tourism Index Fund-Reg(G),Devender Singhal,EQ-INDX,Unrated,23.0,0.96,Open Ended,2024-09-23,Nifty India Tourism Index - TRI,10.02,10.02,8.62,6.29,2.53,3.25,11.97,15.99,,,,13.65,15.0,62527.0,19.57,59.21,23.23,Travel,,,,4.33,1.34,2.01,0.88,12.37,Equity : Index Funds,Nil,1.0
Kotak Nifty IT ETF,Devender Singhal,EQ-ETF,Unrated,199.9,0.09,Open Ended,2021-03-02,NIFTY IT - TRI,47.39,49.15,34.32,0.52,2.76,18.39,23.62,26.26,6.56,,,92.63,10.0,429485.0,83.84,16.15,15.24,Technology,,,,16.43,1.02,1.87,0.74,19.49,Equity : ETFs,,4.0
Kotak NIFTY Midcap 150 Momentum 50 Index Fund-Reg(G),Devender Singhal,EQ-INDX,Unrated,57.6,0.93,Open Ended,2024-10-08,Nifty Midcap150 Momentum 50 - TRI,9.88,10.31,9.25,1.14,-2.11,3.25,11.97,15.99,,,,57.1,50.0,76843.0,19.35,80.1,15.24,Financials,,,6.29,4.33,1.34,2.01,0.88,12.37,Equity : Index Funds,Nil,1.0
Kotak Nifty Midcap 50 ETF,Devender Singhal,EQ-ETF,Unrated,46.7,0.05,Open Ended,2022-01-28,Nifty Midcap 50 - TRI,164.85,172.46,131.35,2.25,-5.28,1.5,21.86,36.19,,,,108.07,51.0,70951.0,9.83,90.05,15.24,Financials,,,,13.56,0.97,1.44,1.06,19.15,Equity : ETFs,,3.0
Kotak NIFTY Midcap 50 Index Fund-Reg(G),Devender Singhal,EQ-INDX,Unrated,46.1,0.88,Open Ended,2024-08-16,Nifty Midcap 50 - TRI,9.96,10.45,9.19,2.16,-5.52,3.25,11.97,15.99,,,,31.91,51.0,70953.0,9.83,90.0,15.24,Financials,,,,4.33,1.34,2.01,0.88,12.37,Equity : Index Funds,Nil,1.0
Kotak NIFTY MNC ETF,Devender Singhal,EQ-ETF,Unrated,31.6,0.3,Open Ended,2022-08-05,NIFTY MNC - TRI,29.0,33.17,23.77,-2.47,-13.99,-7.82,16.52,21.14,,,,35.72,30.0,132495.0,69.09,22.62,8.24,FMCG,,,,9.17,0.9,1.47,0.77,14.12,Equity : ETFs,,3.0
Kotak Nifty Next 50 Index Fund-Reg(G),Devender Singhal,EQ-INDX,Unrated,372.3,0.6,Open Ended,2021-03-10,NIFTY NEXT 50 - TRI,19.66,22.1,15.16,-3.31,-11.51,-5.31,27.73,27.63,17.95,,,69.46,50.0,143043.0,88.11,11.74,15.24,Financials,,,,17.31,1.14,1.66,1.14,20.19,Equity : Index Funds,Nil,4.0
Kotak Nifty PSU Bank ETF,Devender Singhal,EQ-ETF,Unrated,1434.3,0.49,Open Ended,2007-11-08,NIFTY PSU BANK - TRI,657.88,798.86,563.65,-3.97,-3.31,-10.64,13.98,23.39,38.46,20.87,4.42,69.73,12.0,188009.0,62.22,37.78,15.24,Financials,,,,7.64,0.49,0.71,1.48,30.03,Equity : ETFs,Nil,18.0
Kotak Nifty SDL Apr 2027 Top 12 Equal Weight Index Fund-Reg(G),Abhishek Bisen,DT-M&LD,Unrated,7938.0,0.35,Open Ended,2022-02-11,Nifty SDL Apr 2027 Top 12 Equal Weight Index,11.75,11.75,10.86,0.57,1.51,3.91,8.27,7.51,,,,0.0,50.0,156243.5,55.18,14.37,15.24,Not Applicable,2.11,1.88,7.08,3.33,5.36,12.45,0.24,0.76,Debt : Medium to Long Duration,0.15% on or before 30D Nil after 30D,3.0
Kotak Nifty SDL Apr 2032 Top 12 Equal Weight Index Fund-Reg(G),Abhishek Bisen,DT-LD,Unrated,2904.4,0.36,Open Ended,2022-02-11,Nifty SDL Apr 2032 Top 12 Equal Weight Index,12.16,12.16,10.97,0.71,1.64,4.78,10.12,8.63,,,,0.0,50.0,156243.5,55.18,14.37,15.24,Not Applicable,7.0,5.23,7.24,3.55,2.99,6.1,0.73,1.92,Debt : Long Duration,Nil,3.0
Kotak Nifty SDL Jul 2026 Index Fund-Reg(G),Abhishek Bisen,DT-M&LD,Unrated,121.2,0.41,Open Ended,2022-12-22,Nifty SDL Jul 2026 Index,11.52,11.52,10.69,0.54,1.5,3.75,7.79,7.24,,,,0.0,50.0,156243.5,55.18,14.37,15.24,Not Applicable,1.41,1.28,7.07,3.18,5.96,14.28,0.17,0.62,Debt : Medium to Long Duration,Nil,3.0
Kotak Nifty SDL Jul 2033 Index Fund-Reg(G),Abhishek Bisen,DT-LD,Unrated,206.1,0.45,Open Ended,2023-02-15,Nifty SDL Jul 2033 Index,11.78,11.78,10.59,1.03,1.59,4.94,10.7,15.99,,,,0.0,50.0,156243.5,55.18,14.37,15.24,Not Applicable,7.89,5.72,7.25,4.01,3.21,6.87,0.71,1.91,Debt : Long Duration,Nil,2.0
Kotak Nifty SDL Plus AAA PSU Bond Jul 2028 60:40 Index Fund-Reg(G),Abhishek Bisen,DT-M&LD,Unrated,588.3,0.4,Open Ended,2022-10-13,Nifty SDL Plus AAA PSU Bond Jul 2028 60:40 Index,11.79,11.79,10.89,0.44,1.43,4.07,8.17,7.48,,,,0.0,50.0,156243.5,55.18,14.37,15.24,Not Applicable,3.09,2.6,7.25,2.95,4.15,8.74,0.36,0.97,Debt : Medium to Long Duration,Nil,3.0
Kotak Nifty Smallcap 50 Index Fund-Reg(G),Devender Singhal,EQ-INDX,Unrated,113.0,0.89,Open Ended,2023-04-10,Nifty Smallcap 50 - TRI,20.93,21.87,15.4,0.17,-3.11,3.15,24.41,15.99,,,,78.28,50.0,24440.0,55.18,15.06,84.81,Financials,0.01,0.01,6.78,15.75,1.0,1.46,1.04,21.11,Equity : Index Funds,Nil,2.0
Kotak Overnight Fund-Reg(G),Deepak Agrawal,DT-ON,3,5739.2,0.16,Open Ended,2019-01-15,Nifty 1D Rate Index,1333.92,1333.92,1251.23,0.55,1.61,3.24,6.63,6.6,5.93,4.82,,0.0,50.0,156243.5,55.18,14.37,15.24,Not Applicable,,,6.79,0.83,7.11,9.75,0.88,0.12,Debt : Overnight,Nil,6.0
Kotak Pioneer Fund-Reg(G),Harish Bihani,EQ-THEM,Unrated,2693.6,1.88,Open Ended,2019-10-25,NIFTY 500 - TRI,30.3,31.83,23.25,1.19,-3.6,3.5,29.09,32.71,17.35,23.95,,31.86,47.0,97669.0,36.59,28.75,16.56,Automobile and Ancillaries,,,,19.18,1.86,2.99,0.72,12.3,Equity : Thematic,0.50% on or before 90D Nil after 90D,6.0
Kotak Quant Fund-Reg(G),Harsha Upadhyaya,EQ-THEM,Unrated,847.4,1.41,Open Ended,2023-08-02,NIFTY 200 - TRI,14.98,16.64,12.45,-0.55,-11.06,-4.79,18.67,15.99,,,,185.99,48.0,114823.0,55.11,35.96,5.65,Financials,,,,10.0,0.83,1.2,1.06,18.6,Equity : Thematic,0.50% on or before 90D Nil after 90D,2.0
Kotak Savings Fund(G),Deepak Agrawal,DT-USD,3,13449.5,0.82,Open Ended,2004-08-13,NIFTY Ultra Short Duration Debt Index,41.36,41.36,38.59,0.6,1.69,3.47,7.2,7.01,6.16,5.49,6.61,0.0,50.0,156243.5,55.18,14.37,15.24,Not Applicable,0.46,0.44,7.45,3.07,10.51,20.93,0.03,0.3,Debt : Ultra Short Duration,Nil,21.0
Kotak Silver ETF,Jeetu Valechha Sonar,GOLD-ETF,Unrated,764.7,0.45,Open Ended,2022-12-12,Silver,85.88,97.19,68.65,-3.79,-4.51,-2.12,15.96,10.33,,,,7.88,50.0,156243.5,55.18,14.37,15.24,Not Applicable,,,,13.1,0.63,1.08,0.54,23.42,Gold : ETFs,,3.0
Kotak Silver ETF FoF-Reg(G),Jeetu Valechha Sonar,GOLD-MF,Unrated,55.0,0.6,Open Ended,2023-03-31,Silver,11.8,13.33,9.55,-3.55,-4.26,-2.09,14.78,15.99,,,,46.65,50.0,156243.5,55.18,14.37,15.24,Not Applicable,,,,11.01,0.57,0.99,0.73,23.11,Gold : MFs,0.5% on or before 30D Nil after 30D,2.0
Kotak Small Cap Fund(G),Harish Bihani,EQ-SML,4,17732.0,1.64,Open Ended,2005-02-24,Nifty Smallcap 250 - TRI,278.9,290.42,206.06,0.69,-4.31,3.88,26.33,30.61,18.47,30.34,18.69,24.76,77.0,19126.0,4.74,19.22,73.87,Healthcare,,,,17.79,1.46,2.12,0.71,14.66,Equity : Small Cap,Nil upto 10% of investment and 1% for remaining investment on or before 1Y Nil after 1Y,20.0
Kotak Special Opportunities Fund-Reg(G),Devender Singhal,EQ-THEM,Unrated,2328.1,1.99,Open Ended,2024-06-29,NIFTY 500 - TRI,10.12,10.71,9.67,-1.6,-5.79,-0.03,11.97,15.99,,,,5.62,40.0,48636.0,32.49,15.53,51.1,FMCG,,,,4.33,1.34,2.01,0.88,12.37,Equity : Thematic,0.50% on or before 90D Nil after 90D,1.0
Kotak Technology Fund-Reg(G),Shibani Kurian,EQ-TECH,Unrated,586.4,2.39,Open Ended,2024-03-04,BSE TECk Index - TRI,12.6,13.19,9.48,0.34,-0.69,15.36,11.97,15.99,,,,13.04,29.0,261454.0,70.97,14.2,10.98,Technology,,,,4.33,1.34,2.01,0.88,12.37,Equity : Sectoral - Technology,0.50% on or before 30D Nil after 30D,1.0
Kotak Transportation & Logistics Fund-Reg(G),Nalin Rasik Bhatt,EQ-AUTO,Unrated,709.5,2.41,Open Ended,2024-12-16,Nifty Transportation & Logistics - TRI,10.15,10.15,9.95,0.31,-2.11,3.25,11.97,15.99,,,,18.0,50.0,156243.5,55.18,14.37,15.24,,,,,4.33,1.34,2.01,0.88,12.37,Equity : Sectoral - Auto,0.50% on or before 90D Nil after 90D,1.0
LIC MF Aggressive Hybrid Fund(G),Karan Doshi,HY-EQ,3,535.9,2.46,Open Ended,1991-01-01,CRISIL Hybrid 35+65 - Aggressive Index,193.14,201.03,162.18,-0.85,-4.24,1.11,17.2,18.78,11.43,11.72,8.29,53.0,51.0,128098.0,44.84,10.66,21.0,Financials,0.74,0.16,3.91,7.31,1.12,1.66,1.9,11.47,Hybrid : Equity Oriented,Nil upto 12% on units and 1% on remaining units on or before 3M Nil after 3M,34.0
LIC MF Arbitrage Fund-Reg(G),Sumit Bhatnagar,HY-ARB,Unrated,237.6,0.99,Open Ended,2019-01-25,Nifty 50 Arbitrage,13.38,13.38,12.51,0.61,1.76,3.34,7.05,6.91,5.96,4.9,,262.0,65.0,178883.0,44.77,17.13,5.48,Financials,,,,3.25,3.08,6.68,-0.11,0.94,Hybrid : Arbitrage,0.25% on or before 1M Nil after 1M,6.0
LIC MF Balanced Advantage Fund-Reg(G),Yogesh Patil,HY-EQ,Unrated,797.1,2.28,Open Ended,2021-11-12,NIFTY 50,13.45,13.54,11.69,0.6,-0.63,3.6,12.52,13.24,10.64,,,50.0,69.0,264069.0,56.8,7.64,10.96,Financials,6.97,4.97,7.0,4.08,1.13,1.67,1.41,7.3,Hybrid : Equity Oriented,Nil upto 12% of units and 1% on remaining units on or before 3M Nil after 3M,4.0
LIC MF Banking & Financial Services Fund-Reg(G),Jaiprakash Toshniwal,EQ-FIN,Unrated,263.1,2.42,Open Ended,2015-03-27,Nifty Financial Services - TRI,19.47,20.89,17.61,-2.33,-6.14,-6.33,0.42,10.75,13.72,9.45,,57.0,30.0,175857.0,60.83,9.77,27.78,Financials,,,,-7.26,-0.13,-0.19,1.02,16.29,Equity : Sectoral - Financial Services,Nil upto 12% of units and 1% on remaining units on or before 90D Nil after 90D,10.0
LIC MF Banking & PSU Fund-Reg(G),Marzban Irani,DT-B&PSU,2,1851.9,0.78,Open Ended,2007-05-30,NIFTY Banking and PSU Debt Index,33.26,33.26,30.86,0.46,1.37,3.88,7.75,7.13,5.76,5.65,6.55,0.0,50.0,156243.5,55.18,14.37,15.24,Not Applicable,4.22,3.32,7.3,2.65,5.15,10.04,0.34,0.71,Debt : Banking & PSU,Nil,18.0
LIC MF BSE Sensex ETF,Sumit Bhatnagar,EQ-ETF,Unrated,835.8,0.1,Open Ended,2015-11-30,BSE SENSEX - TRI,886.79,950.8,772.86,-1.64,-6.7,-0.87,9.75,15.58,12.39,15.15,,7.0,30.0,684518.0,99.26,0.72,15.24,Financials,,,,1.34,0.46,0.71,1.0,13.9,Equity : ETFs,,10.0
LIC MF BSE Sensex Index Fund-Reg(G),Sumit Bhatnagar,EQ-INDX,Unrated,83.9,1.08,Open Ended,2002-11-28,BSE SENSEX - TRI,149.26,160.45,131.27,-1.73,-6.93,-1.34,8.7,14.48,11.28,14.06,10.98,11.0,30.0,685223.0,99.0,0.71,15.24,Financials,,,,0.35,0.39,0.6,0.99,13.87,Equity : Index Funds,0.25% on or before 7D Nil after 7D,23.0
LIC MF Childrens Fund-Reg(G),Nikhil Rungta,HY-SOL,Unrated,16.6,2.45,Open Ended,2001-10-16,CRISIL Hybrid 35+65 - Aggressive Index,35.32,35.51,28.57,2.61,-0.9,5.33,19.72,21.58,13.64,13.67,9.18,81.0,46.0,63782.0,42.8,7.43,37.53,Financials,2.39,1.73,,10.16,1.14,1.69,1.71,13.35,Hybrid : Solution Oriented,Nil,24.0
LIC MF Conservative Hybrid Fund(G),Pratik Shroff,HY-DT(CO),Unrated,50.2,2.25,Open Ended,1998-04-01,CRISIL Hybrid 85+15 - Conservative Index,79.93,80.31,73.1,0.02,-0.48,3.15,8.26,7.93,5.58,6.73,6.43,0.0,7.0,560590.0,18.79,14.37,1.62,Financials,5.88,4.62,6.93,1.86,1.32,2.42,0.77,3.16,Hybrid : Debt Oriented (Conservative),Nil upto 12% of units and 1% on remaining units on or before 90D Nil after 90D,27.0
LIC MF Dividend Yield Fund-Reg(G),Dikshit Mittal,EQ-DIV,Unrated,463.6,2.46,Open Ended,2018-12-21,NIFTY 500 - TRI,30.92,32.76,22.89,-0.16,-6.89,2.46,32.5,33.37,20.79,23.16,,73.0,65.0,64866.0,44.97,13.62,38.99,Financials,,,,21.39,1.58,2.3,0.98,16.71,Equity : Thematic - Dividend Yield,Nil upto 12% of units and 1% for remaining units on or before 12M Nil after 12M,7.0
LIC MF ELSS Tax Saver-Reg(G),Yogesh Patil,EQ-ELSS,2,1147.4,2.13,Open Ended,1998-03-31,NIFTY 500 - TRI,157.16,160.52,120.92,1.23,-3.7,3.61,23.7,25.9,16.07,16.42,12.26,17.0,56.0,157861.0,63.09,15.4,20.57,Financials,,,,13.91,1.33,2.04,0.87,13.77,Equity : Tax Saving (ELSS),Nil,27.0
LIC MF Equity Savings Fund(G),Sumit Bhatnagar,HY-EQ,Unrated,20.2,2.04,Open Ended,2011-03-07,NIFTY 50 Equity Savings Index,26.42,26.64,23.93,0.25,-0.71,2.07,8.96,10.77,8.14,8.8,6.72,68.0,57.0,118721.0,44.8,10.37,18.04,Financials,0.07,0.05,6.79,2.39,0.77,1.09,0.93,6.65,Hybrid : Equity Oriented,Nil upto 12% of units and 1% for remaining units on or before 3M Nil after 3M,14.0
LIC MF Flexi Cap Fund-Reg(G),Nikhil Rungta,EQ-FLEX,2,1075.4,2.27,Open Ended,1998-03-31,NIFTY 500 - TRI,102.57,107.44,82.73,-0.58,-5.67,0.55,18.96,24.62,14.98,14.86,9.42,132.0,72.0,45081.0,37.4,14.49,45.85,Financials,,,,10.74,1.03,1.51,0.86,14.64,Equity : Flexi Cap,Nil upto 12% on units and 1% on remaining units on or before 3M Nil after 3M,27.0
LIC MF Focused Fund-Reg(G),Jaiprakash Toshniwal,EQ-LC,3,143.1,2.51,Open Ended,2017-11-17,NIFTY 500 - TRI,21.17,23.29,17.73,-2.24,-8.91,0.02,13.02,16.47,11.2,15.57,,162.0,30.0,56264.0,45.8,12.48,36.57,Financials,,,,5.59,0.69,1.08,0.82,14.06,Equity : Large Cap,Nil upto 12% of units and 1% for remaining units on or before 12M Nil after 12M,8.0
LIC MF Gilt Fund-PF(G),Marzban Irani,DT-GILT,Unrated,94.7,1.48,Open Ended,2003-12-29,Nifty All Duration G-Sec Index,33.23,33.35,30.52,0.35,0.07,3.51,8.57,7.3,5.43,5.7,6.79,0.0,50.0,156243.5,55.18,14.37,15.24,Not Applicable,22.22,9.6,7.09,0.66,1.91,3.29,1.2,2.21,Debt : Gilt,0.25% on or before 30D,22.0
LIC MF Gilt Fund-Reg(G),Marzban Irani,DT-GILT,Unrated,94.7,1.48,Open Ended,1999-11-29,Nifty All Duration G-Sec Index,57.54,57.74,52.85,0.35,0.07,3.51,8.57,7.3,5.43,5.7,6.77,0.0,50.0,156243.5,55.18,14.37,15.24,Not Applicable,22.22,9.6,7.09,0.66,1.91,3.29,1.2,2.21,Debt : Gilt,0.25% on or before 30D,26.0
LIC MF Gold ETF,Sumit Bhatnagar,GOLD-ETF,Unrated,170.0,0.41,Open Ended,2011-11-09,Gold-India,7016.74,7241.9,5615.9,-0.59,0.55,5.72,19.22,17.45,16.41,13.76,10.15,18.0,50.0,156243.5,55.18,14.37,15.24,Not Applicable,,,,15.88,1.01,1.43,-0.22,15.06,Gold : ETFs,Nil,14.0
LIC MF Gold ETF FoF(G),Sumit Bhatnagar,GOLD-MF,Unrated,70.0,0.67,Open Ended,2012-08-14,Gold-India,20.25,21.27,16.38,-0.3,0.42,5.9,18.99,16.61,15.39,12.9,8.94,18.0,50.0,156243.5,55.18,14.37,15.24,Not Applicable,,,,15.3,1.06,1.69,-0.05,14.31,Gold : MFs,1% on or before 15D Nil after 15D,13.0
LIC MF Healthcare Fund-Reg(G),Karan Doshi,EQ-PHRM,Unrated,84.2,2.44,Open Ended,2019-02-28,BSE Health Care - TRI,30.62,30.72,21.7,0.98,2.78,23.1,42.5,35.31,16.78,23.44,,38.0,23.0,50745.0,28.59,27.48,39.76,Healthcare,,,,30.49,2.39,4.27,0.49,13.77,Equity : Sectoral - Pharma,Nil upto 12% of units and 1% for remaining units on or before 90D Nil after 90D,6.0
LIC MF Infra Fund-Reg(G),Yogesh Patil,EQ-INFRA,Unrated,852.1,2.3,Open Ended,2008-03-24,Nifty Infrastructure - TRI,52.32,53.23,34.68,1.32,-1.01,2.35,48.15,47.09,32.92,27.64,15.65,34.0,71.0,24499.0,20.51,20.99,53.1,Capital Goods,,,,33.97,1.81,2.64,1.02,21.66,Equity : Sectoral - Infrastructure,Nil upto 12% of units and 1% on remaining units on or before 90D Nil after 90D,17.0
LIC MF Large & Midcap Fund-Reg(G),Yogesh Patil,EQ-L&M,2,3125.6,1.91,Open Ended,2015-02-25,NIFTY LargeMidcap 250 - TRI,39.83,40.75,30.13,0.82,-3.56,2.16,28.27,28.52,17.37,19.58,,66.0,73.0,86058.0,42.22,30.54,24.07,Financials,,,,18.19,1.42,2.09,0.96,16.21,Equity : Large & Mid Cap,Nil upto 12% on units and 1% on remaining units on or before 3M Nil after 3M,10.0
LIC MF Large Cap Fund-Reg(G),Nikhil Rungta,EQ-LC,2,1474.2,2.12,Open Ended,1998-03-31,NIFTY 100 - TRI,55.31,59.14,46.29,-0.98,-6.93,-0.46,14.88,16.58,10.3,13.46,10.53,83.0,53.0,266953.0,81.87,3.86,12.57,Financials,,,,6.07,0.76,1.11,1.0,14.67,Equity : Large Cap,Nil upto 12% on units and 1% on remaining units on or before 3M Nil after 3M,27.0
LIC MF Liquid Fund-Reg(G),Rahul Singh,DT-LIQ,3,10650.3,0.21,Open Ended,2002-03-13,CRISIL Liquid Debt Index,4565.61,4565.61,4252.63,0.58,1.73,3.54,7.38,7.16,6.36,5.31,6.28,0.0,50.0,156243.5,55.18,14.37,15.24,Not Applicable,0.1,0.1,7.02,0.76,9.89,5.56,0.88,0.08,Debt : Liquid,0.007% for Day 1 0.0065% on Day 2 0.0060% on Day 3 0.0055% on Day 4 0.0050% on Day 5 0.0045% on Day 6 NIL on or after 7D,23.0
LIC MF Low Duration Fund(G),Rahul Singh,DT-LOWD,3,1879.3,0.96,Open Ended,2003-06-04,CRISIL Low Duration Debt Index,38.11,38.11,35.59,0.61,1.66,3.51,7.1,6.83,5.83,5.62,6.13,0.0,50.0,156243.5,55.18,14.37,15.24,Not Applicable,0.9,0.83,7.54,2.85,9.61,19.63,0.07,0.32,Debt : Low Duration,Nil,22.0
LIC MF Manufacturing Fund-Reg(G),Yogesh Patil,EQ-THEM,Unrated,928.4,2.18,Open Ended,2024-10-11,Nifty India Manufacturing - TRI,9.87,10.09,9.46,-1.13,-2.11,3.25,11.97,15.99,,,,18.0,75.0,45038.0,32.97,18.82,36.72,Capital Goods,,,,4.33,1.34,2.01,0.88,12.37,Equity : Thematic,Nil upto 12% of units and 1% for remaining units on or before 90D Nil after 90D,1.0
LIC MF Medium to Long Duration Fund-Reg(G),Marzban Irani,DT-M&LD,2,181.3,1.22,Open Ended,1999-09-15,CRISIL Medium to Long Term Debt Index,69.26,69.26,63.17,0.64,1.26,4.44,9.21,7.8,6.12,5.63,6.26,0.0,50.0,156243.5,55.18,14.37,15.24,Not Applicable,7.97,5.91,7.16,2.47,3.05,5.89,0.81,1.6,Debt : Medium to Long Duration,0.25% on or before 15D Nil after 15D,26.0
LIC MF Midcap Fund(G),Karan Doshi,EQ-MID,2,319.5,2.52,Open Ended,2017-01-25,Nifty Midcap 150 - TRI,30.26,31.32,22.26,2.16,-4.69,1.69,29.91,33.72,19.76,23.59,,63.0,65.0,42528.0,14.89,59.43,23.7,Automobile and Ancillaries,,,,19.5,1.43,2.17,0.9,16.85,Equity : Mid Cap,Nil upto 12% of units and 1% for remaining units on or before 12M Nil after 12M,8.0
LIC MF Money Market Fund-Reg(G),Rahul Singh,DT-MM,Unrated,24.4,1.02,Open Ended,2022-08-01,Nifty Money Market Index,1149.47,1149.47,1084.43,0.52,1.38,2.8,6.03,6.13,,,,0.0,50.0,156243.5,55.18,14.37,15.24,Not Applicable,0.11,0.11,6.57,1.97,8.09,17.15,0.02,0.25,Debt : Money Market,Nil,3.0
LIC MF Multi Cap Fund-Reg(G),Dikshit Mittal,EQ-MLC,Unrated,1417.0,2.06,Open Ended,2022-10-31,Nifty500 Multicap 50:25:25 - TRI,17.5,17.71,12.76,1.25,-2.47,5.1,32.86,32.66,,,,41.0,79.0,55529.0,32.25,25.91,39.14,Financials,,,,22.2,1.71,2.53,0.87,15.57,Equity : Multi Cap,Nil upto 12% of units and 1% for remaining units on or before 12M Nil after 12M,3.0
LIC MF Nifty 100 ETF,Sumit Bhatnagar,EQ-ETF,Unrated,720.5,0.28,Open Ended,2016-03-17,NIFTY 100 - TRI,270.18,293.93,230.5,-1.84,-8.43,-1.95,12.96,17.6,13.28,15.98,,7.0,100.0,437244.0,96.84,3.09,15.24,Financials,,,,4.28,0.65,0.96,1.02,14.56,Equity : ETFs,,9.0
LIC MF Nifty 50 ETF,Sumit Bhatnagar,EQ-ETF,Unrated,832.1,0.06,Open Ended,2015-11-20,NIFTY 50 - TRI,266.16,288.04,231.4,-1.61,-7.83,-1.27,10.34,16.36,12.84,15.66,,13.0,50.0,555892.0,98.67,1.25,15.24,Financials,,,,1.89,0.5,0.76,0.99,13.96,Equity : ETFs,,10.0
LIC MF Nifty 50 Index Fund(G),Sumit Bhatnagar,EQ-INDX,Unrated,319.3,1.01,Open Ended,2002-11-28,NIFTY 50 - TRI,133.27,144.63,116.96,-1.7,-8.08,-1.76,9.25,15.2,11.74,14.45,11.02,10.0,50.0,556332.0,98.46,1.23,15.24,Financials,,,,0.88,0.42,0.64,0.99,13.94,Equity : Index Funds,0.25% on or before 7D Nil after 7D,23.0
LIC MF Nifty 8-13 yr G-Sec ETF,Marzban Irani,DT-ETF,Unrated,2440.6,0.16,Open Ended,2014-12-24,Nifty 8-13 yr G-Sec,26.75,26.78,24.39,0.41,1.04,4.84,9.51,8.64,5.99,5.98,7.07,0.0,50.0,156243.5,55.18,14.37,15.24,Not Applicable,8.96,6.63,6.9,1.86,2.47,4.38,1.13,2.11,Debt : ETFs,Nil,11.0
LIC MF Nifty Midcap 100 ETF,Sumit Bhatnagar,EQ-ETF,Unrated,696.7,0.16,Open Ended,2024-02-19,Nifty Midcap 100 - TRI,58.13,60.92,45.92,1.86,-4.77,2.12,11.97,15.99,,,,18.0,101.0,64423.0,8.01,88.99,2.87,Financials,,,,4.33,1.34,2.01,0.88,12.37,Equity : ETFs,,1.0
LIC MF Nifty Next 50 Index Fund(G),Sumit Bhatnagar,EQ-INDX,Unrated,96.9,0.9,Open Ended,2010-09-20,NIFTY NEXT 50 - TRI,51.2,57.63,39.62,-3.46,-11.65,-5.56,27.28,27.23,17.59,18.91,13.31,48.0,50.0,143072.0,87.79,11.68,15.24,Financials,,,,16.91,1.13,1.63,1.14,20.08,Equity : Index Funds,Nil,15.0
LIC MF Overnight Fund-Reg(G),Rahul Singh,DT-ON,2,821.4,0.2,Open Ended,2019-07-18,Nifty 1D Rate Index,1294.06,1294.06,1214.46,0.55,1.59,3.21,6.58,6.55,5.9,4.8,,0.0,50.0,156243.5,55.18,14.37,15.24,Not Applicable,0.01,0.01,6.67,0.25,26.5,1.8,0.88,0.01,Debt : Overnight,Nil,6.0
LIC MF Short Duration Fund-Reg(G),Marzban Irani,DT-SD,2,108.5,1.33,Open Ended,2019-02-01,CRISIL Short Duration Debt Index,13.96,13.96,13.0,0.48,1.37,3.78,7.42,6.78,5.18,5.17,,0.0,50.0,156243.5,55.18,14.37,15.24,Not Applicable,3.14,2.65,7.32,2.39,4.91,10.16,0.32,0.68,Debt : Short Duration,Nil,6.0
LIC MF Small Cap Fund(G),Nikhil Rungta,EQ-SML,2,411.4,2.49,Open Ended,2017-06-21,Nifty Smallcap 250 - TRI,34.69,34.71,23.08,2.53,0.26,7.08,40.83,37.5,24.9,30.42,,96.0,67.0,9701.0,2.05,9.97,85.13,Capital Goods,,,,29.03,1.69,2.48,0.82,19.65,Equity : Small Cap,Nil upto 12% of units and 1% for remaining units on or before 12M Nil after 12M,8.0
LIC MF ULIS,Dikshit Mittal,HY-SOL,3,498.7,2.39,Open Ended,1989-06-19,CRISIL Hybrid 35+65 - Aggressive Index,36.07,37.66,31.11,-0.78,-4.59,0.93,12.08,14.93,9.89,12.25,9.52,5.0,43.0,161074.0,47.72,6.9,18.53,Financials,,,,3.58,0.77,1.19,1.49,10.39,Hybrid : Solution Oriented,Nil,36.0
LIC MF Ultra Short Duration Fund-Reg(G),Rahul Singh,DT-USD,Unrated,345.7,0.95,Open Ended,2019-11-27,CRISIL Ultra Short Term Debt Index,1277.22,1277.22,1195.16,0.57,1.63,3.34,6.88,6.41,5.68,4.89,,0.0,50.0,156243.5,55.18,14.37,15.24,Not Applicable,0.28,0.28,7.15,2.77,9.92,20.3,0.02,0.29,Debt : Ultra Short Duration,Nil,6.0
LIC MF Value Fund-Reg(G),Nikhil Rungta,EQ-VAL,2,142.7,2.52,Open Ended,2018-08-20,NIFTY 500 - TRI,26.9,27.22,20.27,2.61,-0.68,8.65,30.44,27.14,19.4,20.61,,130.0,59.0,28296.0,28.44,7.65,61.99,Financials,,,,19.61,1.46,2.13,0.99,16.81,Equity : Value / Contra,Nil upto 12% of units and 1% for remaining units on or before 12M Nil after 12M,7.0
Mahindra Manulife Aggressive Hybrid Fund-Reg(G),Fatema Pacha,HY-EQ,Unrated,1503.0,2.07,Open Ended,2019-07-19,CRISIL Hybrid 35+65 - Aggressive Index,26.22,27.47,21.55,-0.76,-4.94,1.73,19.73,22.16,15.96,18.88,,85.0,63.0,221538.0,55.83,11.46,10.42,Financials,9.74,4.8,7.61,10.56,1.33,1.98,1.64,11.55,Hybrid : Equity Oriented,Nil upto 10% of units and 1% for remaining units on or before 3M Nil after 3M,6.0
Mahindra Manulife Arbitrage Fund-Reg(G),Navin Matta,HY-ARB,Unrated,106.5,1.21,Open Ended,2020-08-24,Nifty 50 Arbitrage,12.02,12.02,11.34,0.53,1.49,2.78,6.09,5.94,5.02,,,893.0,27.0,287240.0,57.32,11.59,15.24,Energy,0.15,0.15,6.58,2.24,1.88,4.05,-0.1,1.03,Hybrid : Arbitrage,0.25% on or before 30D Nil after 30D,5.0
Mahindra Manulife Asia Pacific REITs FOF-Reg(G),Krishna Sanghavi,FOF-OVR,Unrated,22.0,1.36,Open Ended,2021-10-20,FTSE EPRA Nareit Asia ex Japan REITs Index,8.13,9.37,7.49,-2.6,-13.35,5.34,-9.69,-4.31,-5.2,,,18.0,50.0,156243.5,55.18,14.37,15.24,Not Applicable,,,,-19.38,-1.06,-1.84,1.56,13.56,FoFs : Overseas,Nil upto 10% of units and 1% for remaining units on or before 12M Nil after 12M,4.0
Mahindra Manulife Balanced Advantage Fund-Reg(G),Manish Lodha,HY-DYN,Unrated,904.3,2.22,Open Ended,2021-12-30,NIFTY 50 Hybrid Composite Debt 50:50 Index,14.24,14.54,12.34,0.13,-2.51,1.44,14.13,17.5,12.46,,,308.0,56.0,188391.0,39.14,17.72,8.7,Financials,5.55,3.01,7.12,4.94,0.94,1.31,1.83,10.9,Hybrid : Dynamic Asset Allocation,Nil upto 10% of units and 1% for remaining units on or before 3M Nil after 3M,4.0
Mahindra Manulife Business Cycle Fund-Reg(G),Krishna Sanghavi,EQ-THEM,Unrated,1183.0,2.11,Open Ended,2023-09-11,NIFTY 500 - TRI,14.66,16.1,11.57,-1.62,-9.45,-1.14,24.82,15.99,,,,77.0,63.0,108045.0,54.23,9.11,32.4,Financials,,,,16.03,1.2,1.7,1.06,17.75,Equity : Thematic,1% on or before 3M Nil after 3M,2.0
Mahindra Manulife Consumption Fund-Reg(G),Navin Matta,EQ-CONS,Unrated,423.3,2.37,Open Ended,2018-11-13,Nifty India Consumption - TRI,23.24,25.55,18.75,-0.14,-9.4,1.44,22.33,25.7,19.33,17.78,,49.0,51.0,101469.0,60.87,10.88,24.28,FMCG,,,,13.81,1.32,2.24,0.74,13.35,Equity : Thematic - Consumption,1% on or before 3M Nil after 3M,7.0
Mahindra Manulife Dynamic Bond Fund-Reg(G),Rahul Pal,DT-CR,Unrated,80.1,1.57,Open Ended,2018-08-20,CRISIL Dynamic Bond Index,13.7,13.73,12.63,0.33,0.23,3.41,8.32,7.05,4.94,4.56,,0.0,50.0,156243.5,55.18,14.37,15.24,Not Applicable,15.89,7.16,7.3,1.01,2.09,3.59,1.04,1.96,Debt : Credit Risk,Nil,7.0
Mahindra Manulife ELSS Tax Saver Fund-Reg(G),Fatema Pacha,EQ-ELSS,4,931.2,2.17,Open Ended,2016-10-18,NIFTY 500 - TRI,27.66,29.63,23.99,-1.2,-7.02,-2.31,12.71,19.63,13.57,18.27,,87.0,56.0,214495.0,63.54,14.62,17.54,Financials,,,,4.38,0.66,0.96,0.92,13.73,Equity : Tax Saving (ELSS),Nil,9.0
Mahindra Manulife Equity Savings Fund-Reg(G),Manish Lodha,HY-EQ,3,580.1,2.35,Open Ended,2017-02-01,NIFTY 50 Equity Savings Index - TRI,19.91,20.18,18.18,-0.17,-1.75,1.22,8.4,11.6,8.49,10.83,,423.0,66.0,202485.0,49.85,8.37,7.86,Financials,2.24,1.82,7.36,1.79,0.77,1.12,0.86,5.57,Hybrid : Equity Oriented,Nil upto 10% of units and 1% for remaining units on or before 15D Nil after 15D,8.0
Mahindra Manulife Flexi Cap Fund-Reg(G),Fatema Pacha,EQ-FLEX,Unrated,1457.5,2.06,Open Ended,2021-08-23,NIFTY 500 - TRI,15.87,16.98,13.48,-0.97,-7.0,-1.23,15.23,23.45,15.74,,,91.0,59.0,196142.0,62.8,17.36,17.5,Financials,,,,6.7,0.8,1.16,0.95,14.43,Equity : Flexi Cap,1% on or before 3M Nil after 3M,4.0
Mahindra Manulife Focused Fund-Reg(G),Krishna Sanghavi,EQ-FLEX,Unrated,1880.0,2.02,Open Ended,2020-11-17,NIFTY 500 - TRI,25.95,28.38,21.16,-2.29,-9.14,-3.11,20.09,25.99,20.03,,,46.0,30.0,326895.0,81.42,6.65,6.6,Financials,,,,11.47,1.07,1.57,1.02,15.58,Equity : Flexi Cap,1% on or before 3M Nil after 3M,5.0
Mahindra Manulife Large & Mid Cap Fund-Reg(G),Manish Lodha,EQ-L&M,Unrated,2537.6,1.95,Open Ended,2019-12-30,NIFTY LargeMidcap 250 - TRI,27.11,28.74,22.81,0.52,-6.06,-1.4,16.52,24.76,16.84,22.0,,147.0,65.0,122694.0,45.7,35.62,15.53,Financials,,,,8.32,0.75,1.03,1.07,18.27,Equity : Large & Mid Cap,1% on or before 3M Nil after 3M,6.0
Mahindra Manulife Large Cap Fund-Reg(G),Fatema Pacha,EQ-LC,3,595.0,2.34,Open Ended,2019-03-15,NIFTY 100 - TRI,22.33,24.14,18.93,-2.03,-7.7,-2.46,13.22,18.18,12.65,15.54,,86.0,41.0,365810.0,85.1,7.86,3.88,Financials,,,,4.79,0.69,1.03,0.97,13.95,Equity : Large Cap,1% on or before 3M Nil after 3M,6.0
Mahindra Manulife Liquid Fund-Reg(G),Rahul Pal,DT-LIQ,5,1310.8,0.27,Open Ended,2016-07-04,CRISIL Liquid Debt Index,1642.86,1642.86,1530.64,0.59,1.75,3.55,7.35,7.19,6.42,5.36,,0.0,50.0,156243.5,55.18,14.37,15.24,Not Applicable,0.11,0.11,7.13,0.73,12.53,5.44,0.88,0.06,Debt : Liquid,0.007% for Day 1 0.0065% on Day 2 0.0060% on Day 3 0.0055% on Day 4 0.0050% on Day 5 0.0045% on Day 6 NIL on or after 7D,9.0
Mahindra Manulife Low Duration Fund-Reg(G),Rahul Pal,DT-LOWD,2,593.9,1.09,Open Ended,2017-02-15,CRISIL Low Duration Debt Index,1575.31,1575.31,1470.36,0.59,1.68,3.54,7.15,6.91,5.84,5.39,,0.0,50.0,156243.5,55.18,14.37,15.24,Not Applicable,1.21,0.88,7.75,2.87,9.57,18.57,0.08,0.32,Debt : Low Duration,Nil,8.0
Mahindra Manulife Manufacturing Fund-Reg(G),Renjith Sivaram,EQ-THEM,Unrated,895.6,2.23,Open Ended,2024-06-24,BSE India Manufacturing Index - TRI,9.57,10.55,9.29,-2.77,-10.19,-6.13,11.97,15.99,,,,18.0,59.0,63834.0,48.53,9.18,39.9,Automobile and Ancillaries,,,,4.33,1.34,2.01,0.88,12.37,Equity : Thematic,0.50% on or before 3M Nil after 3M,1.0
Mahindra Manulife Mid Cap Fund-Reg(G),Kirti Dalvi,EQ-MID,3,3460.9,1.89,Open Ended,2018-01-30,Nifty Midcap 150 - TRI,33.83,35.53,25.84,0.34,-5.06,1.92,28.98,38.31,24.42,27.84,,65.0,68.0,69665.0,22.99,60.54,12.58,Financials,,,,19.23,1.35,1.93,1.0,18.04,Equity : Mid Cap,1% on or before 3M Nil after 3M,7.0
Mahindra Manulife Multi Asset Allocation Fund-Reg(G),Renjith Sivaram,HY-MULTI,Unrated,544.8,2.04,Open Ended,2024-03-13,NIFTY 500 - TRI,11.17,11.47,10.0,-0.72,-3.2,1.23,11.97,15.99,,,,0.0,63.0,110301.0,22.87,6.97,9.68,Financials,8.62,5.17,7.42,4.33,1.34,2.01,0.88,12.37,Hybrid : Multi Asset Allocation,0.50% on or before 3M Nil after 3M,1.0
Mahindra Manulife Multi Cap Fund-Reg(G),Manish Lodha,EQ-MLC,5,4857.8,1.84,Open Ended,2017-05-11,Nifty500 Multicap 50:25:25 - TRI,35.39,37.19,28.41,1.8,-5.05,1.15,23.18,29.52,19.54,24.44,,130.0,67.0,105413.0,42.52,28.2,24.19,Financials,,,,14.34,1.06,1.46,1.07,18.68,Equity : Multi Cap,1% on or before 3M Nil after 3M,8.0
Mahindra Manulife Overnight Fund-Reg(G),Rahul Pal,DT-ON,2,300.7,0.19,Open Ended,2019-07-23,CRISIL Liquid Overnight Index,1294.35,1294.35,1214.35,0.55,1.6,3.23,6.61,6.59,5.94,4.84,,0.0,50.0,156243.5,55.18,14.37,15.24,Not Applicable,0.01,0.01,6.71,0.25,31.92,1.96,0.88,0.01,Debt : Overnight,Nil,6.0
Mahindra Manulife Short Duration Fund-Reg(G),Rahul Pal,DT-SD,1,69.7,1.26,Open Ended,2021-02-23,CRISIL Short Duration Debt Index,12.22,12.22,11.37,0.55,1.43,3.87,7.47,7.04,5.58,,,0.0,50.0,156243.5,55.18,14.37,15.24,Not Applicable,2.35,1.96,7.68,2.49,5.18,10.84,0.3,0.65,Debt : Short Duration,Nil,4.0
Mahindra Manulife Small Cap Fund-Reg(G),Vishal Jajoo,EQ-SML,Unrated,4269.3,1.84,Open Ended,2022-12-12,BSE 250 Small Cap - TRI,20.17,21.47,15.2,-0.2,-6.46,2.66,27.43,41.94,,,,76.0,76.0,22308.0,11.11,8.54,75.6,Capital Goods,,,,18.72,1.2,1.71,0.98,19.63,Equity : Small Cap,1% on or before 3M Nil after 3M,3.0
Mahindra Manulife Ultra Short Duration Fund-Reg(G),Rahul Pal,DT-USD,2,222.5,0.7,Open Ended,2019-10-17,CRISIL Ultra Short Term Debt Index,1327.26,1327.26,1237.08,0.62,1.73,3.53,7.3,7.09,6.18,5.54,,0.0,50.0,156243.5,55.18,14.37,15.24,Not Applicable,0.49,0.42,7.56,3.15,10.51,22.07,0.04,0.31,Debt : Ultra Short Duration,Nil,6.0
Mirae Asset Aggressive Hybrid Fund-Reg(G),Harshad Borawake,HY-EQ,4,9054.4,1.72,Open Ended,2015-07-29,CRISIL Hybrid 35+65 - Aggressive Index,31.0,32.63,26.6,-1.15,-5.47,1.08,13.84,16.88,11.97,14.38,,96.0,75.0,220719.0,54.5,10.2,10.19,Financials,4.57,3.33,7.37,4.33,0.89,1.29,1.88,11.04,Hybrid : Equity Oriented,1% on or before 1Y(365D) Nil after 1Y(365D),10.0
Mirae Asset Arbitrage Fund-Reg(G),Jignesh Rao,HY-ARB,Unrated,3061.2,0.92,Open Ended,2020-06-19,Nifty 50 Arbitrage,12.62,12.62,11.76,0.67,1.81,3.41,7.42,7.25,6.21,,,1954.0,148.0,134229.0,48.47,20.78,6.94,Financials,0.02,0.02,6.63,3.58,3.2,7.16,-0.09,1.03,Hybrid : Arbitrage,0.25% on or before 15D Nil after 15D,5.0
Mirae Asset Balanced Advantage Fund-Reg(G),Harshad Borawake,HY-DYN,Unrated,1774.8,2.07,Open Ended,2022-08-11,NIFTY 50 Hybrid Composite Debt 50:50 Index,13.55,13.87,12.01,-0.2,-2.64,1.77,11.3,15.0,,,,287.0,95.0,218202.0,49.9,7.71,7.85,Financials,3.62,2.79,7.0,3.5,0.96,1.39,1.26,7.47,Hybrid : Dynamic Asset Allocation,1% on or before 6M (180D) Nil after 6M (180D),3.0
Mirae Asset Banking and Financial Services Fund-Reg(G),Gaurav Kochar,EQ-FIN,Unrated,1857.4,2.05,Open Ended,2020-12-11,Nifty Financial Services - TRI,18.8,19.7,15.89,-1.39,-4.5,-1.71,12.13,17.01,15.83,,,37.0,30.0,191937.0,64.26,15.24,19.93,Financials,,,,3.75,0.54,0.79,1.04,16.53,Equity : Sectoral - Financial Services,1% on or before 1Y Nil after 1Y,5.0
Mirae Asset Banking and PSU Fund-Reg(G),Kruti Chheta,DT-B&PSU,1,53.4,0.81,Open Ended,2020-07-24,CRISIL Banking and PSU Debt Index,12.42,12.42,11.51,0.65,1.58,3.97,7.91,7.11,5.61,,,0.0,50.0,156243.5,55.18,14.37,15.24,Not Applicable,6.87,4.28,7.31,2.62,4.57,9.46,0.41,0.84,Debt : Banking & PSU,Nil,5.0
Mirae Asset BSE Sensex ETF,Ekta Gala,EQ-ETF,Unrated,14.9,0.05,Open Ended,2023-09-29,BSE SENSEX - TRI,80.97,86.8,70.51,-1.63,-6.68,-0.81,9.83,15.99,,,,18.0,30.0,684567.0,99.22,0.72,15.24,Financials,9.99,6.91,6.88,1.76,0.46,0.71,0.99,13.83,Equity : ETFs,,2.0
Mirae Asset Corp Bond Fund-Reg(G),Amit Modani,DT-CORP,Unrated,42.4,0.67,Open Ended,2021-03-17,CRISIL Corporate Bond Index,12.22,12.22,11.31,0.67,1.61,4.07,7.98,7.11,5.66,,,0.0,50.0,156243.5,55.18,14.37,15.24,Not Applicable,7.12,4.32,7.39,2.67,4.63,9.35,0.4,0.84,Debt : Corporate Bond,Nil,4.0
Mirae Asset CRISIL IBX Gilt Index - April 2033 Index Fund-Reg(G),Amit Modani,DT-GILT,Unrated,252.0,0.39,Open Ended,2022-10-20,CRISIL IBX Gilt Index - April 2033,12.04,12.05,11.0,0.47,1.03,4.7,9.33,8.45,,,,0.0,50.0,156243.5,55.18,14.37,15.24,Not Applicable,7.92,5.82,6.93,2.04,2.73,4.95,0.99,1.83,Debt : Gilt,Nil,3.0
Mirae Asset Dynamic Bond Fund-Reg(G),Amit Modani,DT-DYN,3,119.9,1.08,Open Ended,2017-03-24,CRISIL Dynamic Bond Index,15.52,15.52,14.49,0.5,1.38,3.5,7.11,6.43,4.71,5.2,,0.0,50.0,156243.5,55.18,14.37,15.24,Not Applicable,2.18,1.91,7.2,2.34,5.24,11.59,0.22,0.57,Debt : Dynamic Bond,Nil,8.0
Mirae Asset ELSS Tax Saver Fund-Reg(G),Neelesh Surana,EQ-ELSS,4,25315.2,1.56,Open Ended,2015-12-28,NIFTY 500 - TRI,47.36,50.29,39.22,-1.09,-6.16,0.99,17.2,22.59,14.78,19.68,,127.0,92.0,170568.0,63.98,14.36,21.02,Financials,,,,8.72,0.94,1.37,0.94,14.27,Equity : Tax Saving (ELSS),Nil,10.0
Mirae Asset Equity Allocator FoF-Reg(G),Bharti Sawant,FOF-DOM,Unrated,865.1,0.12,Open Ended,2020-09-21,NIFTY 200 - TRI,24.36,26.28,20.5,-1.12,-7.74,-1.15,15.18,21.04,15.31,,,18.0,50.0,156243.5,55.18,14.37,15.24,Not Applicable,,,,4.23,0.79,1.14,2.48,14.53,FoFs : Domestic,0.05% on or before 5D Nil after 5D,5.0
Mirae Asset Equity Savings Fund-Reg(G),Harshad Borawake,HY-EQ,3,1374.1,1.31,Open Ended,2018-12-17,NIFTY 50 Equity Savings Index,19.43,19.59,17.27,0.2,-1.21,3.05,11.52,13.01,9.89,11.67,,460.0,99.0,214796.0,50.5,8.87,7.26,Financials,3.04,2.42,6.93,4.56,1.32,1.94,0.92,5.5,Hybrid : Equity Oriented,1% on or before 90D Nil after 90D,7.0
Mirae Asset Flexi Cap Fund-Reg(G),Varun Goel,EQ-FLEX,Unrated,2455.2,1.97,Open Ended,2023-02-24,NIFTY 500 - TRI,15.43,16.04,12.71,0.25,-4.17,2.02,17.76,15.99,,,,46.0,78.0,148434.0,60.38,13.23,23.27,Financials,,,,8.97,0.95,1.37,0.94,14.44,Equity : Flexi Cap,1% on or before 365D Nil after 365D,2.0
Mirae Asset Focused Fund-Reg(G),Gaurav Misra,EQ-MLC,Unrated,8286.6,1.75,Open Ended,2019-05-14,NIFTY 500 - TRI,25.73,26.78,21.19,-0.14,-3.8,6.82,16.59,17.14,8.73,16.48,,33.0,30.0,101072.0,37.17,31.22,25.97,Financials,,,,8.39,0.97,1.46,0.81,12.89,Equity : Multi Cap,1% on or before 1Y(365D) Nil after 1Y(365D),6.0
Mirae Asset Global Electric & Autonomous Vehicles ETFs FoF-Reg(G),Siddharth Srivastava,FOF-OVR,Unrated,61.4,0.53,Open Ended,2022-09-07,Solactive Autonomous & Electric Vehicles Index - TRI,9.8,10.19,8.39,-0.18,0.47,4.62,-3.78,5.13,,,,18.0,50.0,156243.5,55.18,14.37,15.24,Not Applicable,,,,-9.95,-0.27,-0.46,1.38,21.68,FoFs : Overseas,1% on or before 1Y(365D) Nil after 1Y(365D),3.0
Mirae Asset Global X Artificial Intelligence & Technology ETF FoF-Reg(G),Siddharth Srivastava,FOF-OVR,Unrated,325.6,0.4,Open Ended,2022-09-07,Indxx Artificial Intelligence & Big Data Index - TRI,19.41,20.18,14.6,0.85,6.14,11.1,27.41,40.51,,,,18.0,50.0,156243.5,55.18,14.37,15.24,Not Applicable,,,,21.62,1.18,1.91,0.62,19.76,FoFs : Overseas,1% on or before 1Y(365D) Nil after 1Y(365D),3.0
Mirae Asset Gold ETF,Ritesh Patel,GOLD-ETF,Unrated,456.9,0.34,Open Ended,2023-02-20,Gold-India,75.79,78.38,61.06,-0.72,0.75,5.74,19.26,15.99,,,,18.0,50.0,156243.5,55.18,14.37,15.24,Not Applicable,,,,14.59,1.19,1.8,0.09,12.47,Gold : ETFs,,2.0
Mirae Asset Gold ETF FoF-Reg(G),Ritesh Patel,GOLD-ETF,Unrated,22.7,0.63,Open Ended,2024-10-25,Gold-India,9.87,10.21,9.5,-0.15,-2.11,3.25,11.97,15.99,,,,18.0,50.0,156243.5,55.18,14.37,15.24,Not Applicable,,,,4.33,1.34,2.01,0.88,12.37,Gold : ETFs,0.05% on or before 15D Nil after 15D,1.0
Mirae Asset Great Consumer Fund-Reg(G),Ankit Jain,EQ-CONS,3,4156.1,1.84,Open Ended,2011-03-29,Nifty India Consumption - TRI,94.15,104.23,75.64,-0.08,-10.49,2.59,18.11,26.43,19.52,20.19,15.95,40.0,42.0,111691.0,63.03,10.54,25.83,FMCG,,,,10.13,1.1,1.85,0.67,12.29,Equity : Thematic - Consumption,1% on or before 1Y(365D) Nil after 1Y(365D),14.0
Mirae Asset Hang Seng TECH ETF,Siddharth Srivastava,EQ-ETF,Unrated,305.9,0.61,Open Ended,2021-12-07,Hang Seng TECH TRI,16.03,19.45,10.62,4.09,-4.01,29.74,23.24,4.82,-3.69,,,18.0,30.0,156243.5,55.18,14.37,15.24,,,,,18.6,0.68,1.2,1.9,36.72,Equity : ETFs,,4.0
Mirae Asset Hang Seng TECH ETF FoF-Reg(G),Ekta Gala,FOF-OVR,Unrated,82.2,0.53,Open Ended,2021-12-08,Hang Seng TECH TRI,9.37,11.14,6.23,-1.81,0.42,29.75,30.0,10.61,-0.11,,,18.0,50.0,156243.5,55.18,14.37,15.24,Not Applicable,,,,27.17,0.87,1.65,0.7,33.86,FoFs : Overseas,0.50% on or before 3M Nil after 3M,4.0
Mirae Asset Healthcare Fund-Reg(G),Vrijesh Kasera,EQ-PHRM,4,2742.9,1.93,Open Ended,2018-07-02,BSE Health Care - TRI,39.91,39.91,28.88,4.5,1.54,21.31,39.3,37.34,18.35,29.36,,35.0,32.0,70312.0,35.26,38.03,26.25,Healthcare,,,,28.55,2.36,4.33,0.45,13.05,Equity : Sectoral - Pharma,1% on or before 1Y(365D) Nil after 1Y(365D),7.0
Mirae Asset Large & Midcap Fund-Reg(G),Neelesh Surana,EQ-L&M,5,38680.3,1.53,Open Ended,2010-07-09,NIFTY LargeMidcap 250 - TRI,146.69,156.99,123.04,-1.01,-7.04,-0.93,15.58,22.72,14.28,20.2,17.86,89.0,101.0,136758.0,53.77,27.89,17.91,Financials,,,,7.23,0.8,1.16,0.95,14.98,Equity : Large & Mid Cap,1% on or before 1Y(365D) Nil after 1Y(365D),15.0
Mirae Asset Large Cap Fund-Reg(G),Gaurav Misra,EQ-LC,4,39554.8,1.52,Open Ended,2008-04-04,NIFTY 100 - TRI,108.88,117.12,93.12,-1.48,-7.14,0.23,13.13,16.25,11.34,14.72,13.15,46.0,83.0,323443.0,80.44,11.68,7.27,Financials,,,,4.61,0.7,1.05,0.93,13.3,Equity : Large Cap,1% on or before 1Y(365D) Nil after 1Y(365D),17.0
Mirae Asset Liquid Fund-Reg(G),Abhishek Iyer,DT-LIQ,3,15672.8,0.2,Open Ended,2009-01-12,Nifty Liquid Fund Index,2647.39,2647.39,2466.66,0.59,1.75,3.55,7.35,7.17,6.4,5.32,6.21,0.0,50.0,156243.5,55.18,14.37,15.24,Not Applicable,0.11,0.11,7.0,0.73,10.47,5.51,0.88,0.07,Debt : Liquid,0.007% for Day 1 0.0065% on Day 2 0.0060% on Day 3 0.0055% on Day 4 0.0050% on Day 5 0.0045% on Day 6 NIL on or after 7D,16.0
Mirae Asset Long Duration Fund-Reg(G),Kruti Chheta,DT-LD,Unrated,709.5,1.08,Open Ended,2024-12-06,CRISIL Long Duration Debt Index,9.99,10.04,9.97,0.31,-2.11,3.25,11.97,15.99,,,,18.0,50.0,156243.5,55.18,14.37,15.24,Not Applicable,,,,4.33,1.34,2.01,0.88,12.37,Debt : Long Duration,Nil,1.0
Mirae Asset Low Duration Fund-Reg Savings Plan(G),Basant Bafna,DT-LOWD,2,1163.7,0.85,Open Ended,2008-03-05,NIFTY Low Duration Debt Index,2174.42,2174.42,2025.83,0.61,1.69,3.59,7.35,6.98,5.97,5.52,5.96,0.0,50.0,156243.5,55.18,14.37,15.24,Not Applicable,0.94,0.85,7.59,3.1,10.25,20.29,0.07,0.32,Debt : Low Duration,Nil,17.0
Mirae Asset Midcap Fund-Reg(G),Ankit Jain,EQ-MID,Unrated,16695.4,1.67,Open Ended,2019-07-29,Nifty Midcap 150 - TRI,35.45,37.66,28.79,-0.04,-6.75,0.11,19.09,27.24,19.43,25.33,,96.0,83.0,46042.0,11.14,58.22,29.92,Financials,,,,11.14,0.98,1.43,0.87,15.87,Equity : Mid Cap,1% on or before 365D Nil after 365D,6.0
Mirae Asset Money Market Fund-Reg(G),Amit Modani,DT-MM,Unrated,1585.3,0.43,Open Ended,2021-08-11,Nifty Money Market Index,1213.0,1213.0,1128.7,0.62,1.78,3.67,7.49,7.13,6.21,,,0.0,50.0,156243.5,55.18,14.37,15.24,Not Applicable,0.28,0.28,7.27,3.35,10.92,22.26,0.03,0.32,Debt : Money Market,Nil,4.0
Mirae Asset Multi Asset Allocation Fund-Reg(G),Harshad Borawake,HY-MULTI,Unrated,1755.9,2.01,Open Ended,2024-01-31,NIFTY 500 - TRI,11.33,11.59,9.98,-0.23,-2.57,2.32,11.97,15.99,,,,0.0,105.0,197811.0,49.09,7.89,9.2,Financials,4.2,3.08,6.81,4.33,1.34,2.01,0.88,12.37,Hybrid : Multi Asset Allocation,1% on or before 6M (180D) Nil after 6M (180D),1.0
Mirae Asset Multicap Fund-Reg(G),Ankit Jain,EQ-MLC,Unrated,3437.3,1.88,Open Ended,2023-08-21,Nifty500 Multicap 50:25:25 - TRI,13.85,14.53,11.44,-0.78,-5.33,0.58,16.94,15.99,,,,98.0,86.0,78437.0,45.65,17.26,36.32,Financials,,,,8.87,0.91,1.31,0.88,14.69,Equity : Multi Cap,1% on or before 365D Nil after 365D,2.0
Mirae Asset Nifty 100 ESG Sector Leaders ETF,Ekta Gala,EQ-ETF,Unrated,125.0,0.41,Open Ended,2020-11-18,Nifty100 ESG Sector Leaders - TRI,40.81,44.41,35.2,-1.66,-8.31,-1.43,12.19,16.04,11.12,,,18.0,69.0,476675.0,96.56,3.46,15.24,Financials,,,,3.96,0.61,0.94,0.99,13.96,Equity : ETFs,,5.0
Mirae Asset Nifty 100 ESG Sector Leaders FoF-Reg(G),Ekta Gala,FOF-DOM,Unrated,101.0,0.42,Open Ended,2020-11-18,Nifty100 ESG Sector Leaders - TRI,17.8,19.43,15.48,-1.75,-8.44,-1.45,11.71,15.42,10.46,,,18.0,1.0,156243.5,55.18,14.37,15.24,Not Applicable,,,,1.61,0.59,0.9,2.19,13.62,FoFs : Domestic,0.05% on or before 15D Nil after 15D,5.0
Mirae Asset Nifty 100 Low Volatility 30 ETF,Ekta Gala,EQ-ETF,Unrated,27.1,0.24,Open Ended,2023-03-24,Nifty100 Low Volatility 30 - TRI,198.89,219.64,170.82,-0.48,-10.01,0.75,12.35,15.99,,,,18.0,30.0,323008.0,96.46,3.44,15.24,FMCG,,,,5.19,0.74,1.27,0.7,11.43,Equity : ETFs,,2.0
Mirae Asset Nifty 1D Rate Liquid ETF(G),Amit Modani,DT-ETF,Unrated,85.7,0.14,Open Ended,2024-11-07,Nifty 1D Rate Index,1010.13,1010.13,1000.0,0.54,-2.11,3.25,11.97,15.99,,,,0.0,50.0,156243.5,55.18,14.37,15.24,Not Applicable,0.01,0.01,6.66,4.33,1.34,2.01,0.88,12.37,Debt : ETFs,,1.0
Mirae Asset Nifty 1D Rate Liquid ETF(IDCW),Amit Modani,DT-ETF,Unrated,443.7,0.28,Open Ended,2023-07-27,Nifty 1D Rate Index,1000.0,1000.0,1000.0,0.52,1.55,3.12,6.35,15.99,,,,0.0,50.0,156243.5,55.18,14.37,15.24,Not Applicable,0.01,0.01,6.66,0.1,2.9,0.66,0.88,0.03,Debt : ETFs,,2.0
Mirae Asset Nifty 200 Alpha 30 ETF,Ekta Gala,EQ-ETF,Unrated,356.1,0.4,Open Ended,2023-10-20,Nifty200 Alpha 30 - TRI,27.01,29.51,20.88,0.57,-8.28,-4.25,26.8,15.99,,,,18.0,30.0,136120.0,63.47,36.54,15.24,Automobile and Ancillaries,,,,17.24,0.97,1.41,1.3,23.9,Equity : ETFs,,2.0
Mirae Asset Nifty 50 ETF,Ekta Gala,EQ-ETF,Unrated,3953.3,0.04,Open Ended,2018-11-20,NIFTY 50 - TRI,257.95,279.15,224.14,-1.61,-7.82,-1.24,10.39,16.49,12.92,15.67,,18.0,50.0,555828.0,98.74,1.25,15.24,Financials,,,,2.32,0.5,0.76,0.99,13.91,Equity : ETFs,,7.0
Mirae Asset Nifty 50 Index Fund-Reg(G),Ekta Gala,EQ-INDX,Unrated,12.2,0.75,Open Ended,2024-10-24,NIFTY 50 - TRI,9.91,10.16,9.58,-1.69,-2.11,3.25,11.97,15.99,,,,18.0,50.0,556099.0,98.63,1.24,15.24,Financials,,,,4.33,1.34,2.01,0.88,12.37,Equity : Index Funds,Nil,1.0
Mirae Asset Nifty 8-13 yr G-Sec ETF,Amit Modani,DT-ETF,Unrated,86.9,0.1,Open Ended,2023-03-31,Nifty 8-13 yr G-Sec,27.53,27.57,25.11,0.41,1.04,4.84,9.5,15.99,,,,0.0,50.0,156243.5,55.18,14.37,15.24,Not Applicable,9.14,6.57,6.9,1.89,2.49,4.41,1.11,2.09,Debt : ETFs,,2.0
Mirae Asset Nifty AAA PSU Bond Plus SDL Apr 2026 50:50 Index Fund-Reg(G),Amit Modani,DT-B&PSU,Unrated,93.6,0.33,Open Ended,2022-10-20,Nifty AAA Bond Plus SDL Apr 2026 50:50 Index,11.66,11.66,10.84,0.57,1.64,3.68,7.55,7.17,,,,0.0,50.0,156243.5,55.18,14.37,15.24,Not Applicable,1.21,1.09,7.31,3.05,7.38,16.6,0.15,0.47,Debt : Banking & PSU,Nil,3.0
Mirae Asset Nifty Bank ETF,Ekta Gala,EQ-ETF,Unrated,217.7,0.09,Open Ended,2023-07-20,NIFTY BANK - TRI,520.18,548.32,448.8,-1.93,-3.55,-2.69,6.67,15.99,,,,18.0,12.0,538945.0,86.43,13.58,15.24,Financials,,,,-1.21,0.22,0.33,1.08,17.44,Equity : ETFs,,2.0
Mirae Asset Nifty EV and New Age Automotive ETF,Ekta Gala,EQ-ETF,Unrated,158.5,0.45,Open Ended,2024-07-10,Nifty EV and New Age Automotive - TRI,30.55,35.34,29.44,-1.99,-14.43,3.25,11.97,15.99,,,,18.0,33.0,102161.0,51.57,34.32,14.1,Automobile and Ancillaries,,,,4.33,1.34,2.01,0.88,12.37,Equity : ETFs,,1.0
Mirae Asset Nifty Financial Services ETF,Ekta Gala,EQ-ETF,Unrated,270.8,0.12,Open Ended,2021-07-30,Nifty Financial Services - TRI,24.59,25.77,20.24,-1.64,-3.5,0.18,10.97,13.15,12.36,,,18.0,20.0,610545.0,95.6,3.62,0.77,Financials,,,,2.72,0.45,0.66,1.09,17.2,Equity : ETFs,,4.0
Mirae Asset Nifty India Manufacturing ETF,Ekta Gala,EQ-ETF,Unrated,215.2,0.45,Open Ended,2022-01-27,Nifty India Manufacturing - TRI,142.8,159.48,109.81,-1.39,-11.2,-5.35,26.09,30.53,,,,18.0,78.0,151513.0,70.28,25.95,3.75,Automobile and Ancillaries,,,,16.25,1.26,1.93,0.96,16.42,Equity : ETFs,,3.0
Mirae Asset Nifty India Manufacturing ETF FoF-Reg(G),Ekta Gala,FOF-DOM,Unrated,113.6,0.45,Open Ended,2022-01-31,Nifty India Manufacturing - TRI,17.76,19.81,13.73,-1.45,-11.21,-5.65,25.44,29.84,,,,18.0,50.0,156243.5,55.18,14.37,15.24,Not Applicable,,,,13.46,1.24,1.87,2.31,16.25,FoFs : Domestic,0.05% on or before 15D Nil after 15D,3.0
Mirae Asset Nifty India New Age Consumption ETF,Ekta Gala,EQ-ETF,Unrated,709.5,1.08,Open Ended,2024-12-26,Nifty India New Age Consumption - TRI,12.1,12.1,11.75,0.31,-2.11,3.25,11.97,15.99,,,,18.0,50.0,156243.5,55.18,14.37,15.24,,,,,4.33,1.34,2.01,0.88,12.37,Equity : ETFs,,1.0
Mirae Asset Nifty India New Age Consumption ETF FoF-Reg(G),Ekta Gala,FOF-DOM,Unrated,709.5,1.08,Open Ended,,Nifty India New Age Consumption - TRI,26.17,27.64,22.01,0.31,-2.11,3.25,11.97,15.99,,,,18.0,50.0,156243.5,55.18,14.37,15.24,Not Applicable,,,,4.33,1.34,2.01,0.88,12.37,FoFs : Domestic,0.05% on or before 15D Nil after 15D,
Mirae Asset Nifty IT ETF,Ekta Gala,EQ-ETF,Unrated,162.0,0.1,Open Ended,2023-10-20,NIFTY IT - TRI,45.35,47.04,32.83,0.51,2.75,18.44,23.74,15.99,,,,18.0,10.0,429501.0,83.86,16.15,15.24,Technology,,,,16.46,1.02,1.87,0.74,19.46,Equity : ETFs,,2.0
Mirae Asset Nifty LargeMidcap 250 Index Fund-Reg(G),Ekta Gala,EQ-INDX,Unrated,12.2,0.87,Open Ended,2024-10-24,NIFTY LargeMidcap 250 - TRI,10.07,10.3,9.61,-0.18,-2.11,3.25,11.97,15.99,,,,18.0,251.0,158817.0,51.19,45.23,3.41,Financials,,,,4.33,1.34,2.01,0.88,12.37,Equity : Index Funds,Nil,1.0
Mirae Asset Nifty Metal ETF,Ekta Gala,EQ-ETF,Unrated,30.0,0.27,Open Ended,2024-10-03,NIFTY METAL - TRI,8.74,10.15,8.62,-4.16,-2.11,3.25,11.97,15.99,,,,18.0,15.0,133459.0,72.06,23.47,4.41,Metals,,,,4.33,1.34,2.01,0.88,12.37,Equity : ETFs,,1.0
Mirae Asset Nifty Midcap 150 ETF,Ekta Gala,EQ-ETF,Unrated,940.4,0.05,Open Ended,2022-03-09,Nifty Midcap 150 - TRI,21.75,22.78,17.11,1.62,-5.0,1.24,24.24,34.48,,,,18.0,151.0,58754.0,6.44,86.74,6.77,Financials,,,,15.6,1.14,1.64,0.96,17.54,Equity : ETFs,,3.0
Mirae Asset Nifty MidSmallcap400 Momentum Quality 100 ETF,Ekta Gala,EQ-ETF,Unrated,299.2,0.4,Open Ended,2024-05-22,Nifty MidSmallcap400 Momentum Quality 100 - TRI,52.19,55.18,45.66,-0.04,-5.49,-1.5,11.97,15.99,,,,18.0,100.0,49297.0,11.33,65.43,23.21,Capital Goods,,,,4.33,1.34,2.01,0.88,12.37,Equity : ETFs,,1.0
Mirae Asset Nifty MidSmallcap400 Momentum Quality 100 ETF FoF-Reg(G),Ekta Gala,FOF-DOM,Unrated,208.6,0.72,Open Ended,2024-05-30,Nifty MidSmallcap400 Momentum Quality 100 - TRI,10.57,11.19,9.52,0.03,-5.34,-0.86,11.97,15.99,,,,18.0,50.0,156243.5,55.18,14.37,15.24,Not Applicable,,,,4.33,1.34,2.01,0.88,12.37,FoFs : Domestic,0.05% on or before 15D Nil after 15D,1.0
Mirae Asset Nifty Next 50 ETF,Ekta Gala,EQ-ETF,Unrated,448.5,0.05,Open Ended,2020-01-24,NIFTY NEXT 50 - TRI,703.38,790.47,539.27,-3.41,-11.52,-5.12,28.53,28.45,18.47,,,18.0,50.0,143043.0,88.21,11.76,15.24,Financials,,,,18.24,1.17,1.69,1.14,20.15,Equity : ETFs,,5.0
Mirae Asset Nifty PSU Bank ETF,Ekta Gala,EQ-ETF,Unrated,45.8,0.18,Open Ended,2024-10-01,NIFTY PSU BANK - TRI,65.94,71.51,62.82,-3.93,-3.26,3.25,11.97,15.99,,,,18.0,12.0,188009.0,62.21,37.78,15.24,Financials,,,,4.33,1.34,2.01,0.88,12.37,Equity : ETFs,,1.0
Mirae Asset Nifty SDL Jun 2027 Index Fund-Reg(G),Amit Modani,DT-M&LD,Unrated,802.6,0.33,Open Ended,2022-03-30,Nifty SDL Jun 2027 Index,11.75,11.76,10.85,0.55,1.51,3.94,8.38,7.61,,,,0.0,50.0,156243.5,55.18,14.37,15.24,Not Applicable,2.38,2.11,7.07,3.4,5.13,11.04,0.25,0.81,Debt : Medium to Long Duration,Nil,3.0
Mirae Asset Nifty SDL June 2028 Index Fund-Reg(G),Mahendra Kumar Jajoo,DT-M&LD,Unrated,69.9,0.48,Open Ended,2023-03-31,Nifty SDL June 2028 Index,11.39,11.4,10.51,0.43,1.37,4.13,8.27,15.99,,,,0.0,50.0,156243.5,55.18,14.37,15.24,Not Applicable,3.3,2.8,7.1,2.92,3.44,7.17,0.38,1.18,Debt : Medium to Long Duration,Nil,2.0
Mirae Asset Nifty Smallcap 250 Momentum Quality 100 ETF,Ekta Gala,EQ-ETF,Unrated,424.0,0.39,Open Ended,2024-02-23,Nifty Smallcap250 Momentum Quality 100 - TRI,50.7,54.0,39.87,-1.08,-5.58,-2.31,11.97,15.99,,,,18.0,100.0,23038.0,0.5,23.11,76.31,Financials,,,,4.33,1.34,2.01,0.88,12.37,Equity : ETFs,,1.0
Mirae Asset Nifty Smallcap 250 Momentum Quality 100 ETF FoF-Reg(G),Ekta Gala,FOF-DOM,Unrated,188.2,0.72,Open Ended,2024-03-01,Nifty Smallcap250 Momentum Quality 100 - TRI,11.22,12.03,9.0,-0.85,-5.4,-2.67,11.97,15.99,,,,18.0,50.0,156243.5,55.18,14.37,15.24,Not Applicable,,,,4.33,1.34,2.01,0.88,12.37,FoFs : Domestic,0.05% on or before 15D Nil after 15D,1.0
Mirae Asset Nifty Total Market Index Fund-Reg(G),Ekta Gala,EQ-INDX,Unrated,31.5,0.92,Open Ended,2024-10-28,Nifty Total Market - TRI,10.1,10.35,9.66,-0.91,-2.11,3.25,11.97,15.99,,,,18.0,751.0,195057.0,67.66,17.78,14.02,Financials,,,,4.33,1.34,2.01,0.88,12.37,Equity : Index Funds,Nil,1.0
Mirae Asset Nifty200 Alpha 30 ETF FoF-Reg(G),Ekta Gala,FOF-DOM,Unrated,188.0,0.71,Open Ended,2024-07-26,Nifty200 Alpha 30 - TRI,9.47,10.41,8.86,0.58,-8.43,3.25,11.97,15.99,,,,18.0,50.0,156243.5,55.18,14.37,15.24,Not Applicable,,,,4.33,1.34,2.01,0.88,12.37,FoFs : Domestic,0.05% on or before 15D Nil after 15D,1.0
Mirae Asset Nifty500 Multicap 50:25:25 ETF,Ekta Gala,EQ-ETF,Unrated,37.4,0.16,Open Ended,2024-08-30,Nifty500 Multicap 50:25:25 - TRI,16.08,17.03,15.27,-0.25,-6.29,3.25,11.97,15.99,,,,18.0,501.0,121203.0,49.92,24.92,24.94,Financials,,,,4.33,1.34,2.01,0.88,12.37,Equity : ETFs,,1.0
Mirae Asset NYSE FANG+ ETF,Siddharth Srivastava,EQ-ETF,Unrated,2559.2,0.66,Open Ended,2021-05-07,NYSE FANG+ TRI,110.94,115.98,69.15,7.2,17.4,18.73,54.3,73.49,26.1,,,18.0,10.0,156243.5,55.18,14.37,15.24,,,,,45.03,1.78,2.93,-0.08,25.19,Equity : ETFs,,4.0
Mirae Asset NYSE FANG+ETF FoF-Reg(G),Ekta Gala,FOF-OVR,Unrated,1694.4,0.45,Open Ended,2021-05-10,NYSE FANG+ TRI,28.57,29.17,14.69,22.27,43.51,44.07,85.87,88.82,33.69,,,18.0,50.0,156243.5,55.18,14.37,15.24,Not Applicable,,,,61.34,2.85,5.51,0.88,22.41,FoFs : Overseas,0.50% on or before 3M Nil after 3M,4.0
Mirae Asset Overnight Fund-Reg(G),Abhishek Iyer,DT-ON,2,1743.3,0.17,Open Ended,2019-10-15,Nifty 1D Rate Index,1283.1,1283.1,1203.38,0.55,1.61,3.25,6.65,6.63,5.97,4.89,,0.0,50.0,156243.5,55.18,14.37,15.24,Not Applicable,0.01,0.01,6.67,0.28,30.21,2.12,0.88,0.01,Debt : Overnight,Nil,6.0
Mirae Asset S&P 500 Top 50 ETF,Siddharth Srivastava,EQ-ETF,Unrated,793.3,0.65,Open Ended,2021-09-21,S&P 500 Top 50 TRI,47.92,49.28,34.55,1.85,7.32,12.04,36.45,36.73,16.17,,,18.0,51.0,156243.5,55.18,14.37,15.24,,,,,29.81,1.93,3.13,0.01,15.43,Equity : ETFs,,4.0
Mirae Asset S&P 500 Top 50 ETF FoF-Reg(G),Ekta Gala,FOF-OVR,Unrated,643.4,0.49,Open Ended,2021-09-22,S&P 500 Top 50 TRI,20.59,20.88,12.3,9.22,32.37,34.0,64.15,49.12,22.94,,,18.0,50.0,156243.5,55.18,14.37,15.24,Not Applicable,,,,50.45,1.82,3.14,0.62,28.65,FoFs : Overseas,0.50% on or before 3M Nil after 3M,4.0
Mirae Asset Short Duration Fund-Reg(G),Basant Bafna,DT-SD,2,365.4,1.12,Open Ended,2018-03-16,CRISIL Short Duration Debt Index,15.06,15.06,14.0,0.55,1.43,3.82,7.56,6.93,5.63,5.68,,0.0,50.0,156243.5,55.18,14.37,15.24,Not Applicable,3.21,2.55,7.47,2.47,5.35,11.45,0.33,0.65,Debt : Short Duration,Nil,7.0
Mirae Asset Silver ETF,Ritesh Patel,GOLD-ETF,Unrated,88.6,0.39,Open Ended,2023-06-09,Silver,86.28,97.63,69.07,-4.2,-4.91,-2.58,15.4,15.99,,,,18.0,50.0,156243.5,55.18,14.37,15.24,Not Applicable,,,,12.02,0.6,1.03,0.57,22.74,Gold : ETFs,,2.0
Mirae Asset Small Cap Fund-Reg(G),Varun Goel,EQ-SML,Unrated,709.5,1.08,Open Ended,,Nifty Smallcap 250 - TRI,26.17,27.64,22.01,0.31,-2.11,3.25,11.97,15.99,,,,18.0,50.0,156243.5,55.18,14.37,15.24,,,,,4.33,1.34,2.01,0.88,12.37,Equity : Small Cap,1% on or before 365D Nil after 365D,
Mirae Asset Ultra Short Duration Fund-Reg(G),Basant Bafna,DT-USD,1,1735.6,0.45,Open Ended,2020-10-07,NIFTY Ultra Short Duration Debt Index,1259.93,1259.93,1170.98,0.64,1.81,3.69,7.61,7.37,6.47,,,0.0,50.0,156243.5,55.18,14.37,15.24,Not Applicable,0.49,0.46,7.46,3.48,11.57,22.98,0.03,0.31,Debt : Ultra Short Duration,Nil,5.0
Motilal Oswal 5 Year G-Sec FoF-Reg(G),Rakesh Shetty,FOF-DOM,Unrated,29.3,0.2,Open Ended,2021-10-06,Nifty 5 yr Benchmark G-Sec Index TRI,11.84,11.9,11.01,0.64,1.57,4.44,7.65,7.28,5.48,,,18.0,50.0,156243.5,55.18,14.37,15.24,Not Applicable,,,,3.5,0.65,1.11,0.2,6.3,FoFs : Domestic,1% on or before 15D Nil after 15D,4.0
Motilal Oswal Arbitrage Fund-Reg(G),Vishal Ashar,HY-ARB,Unrated,709.5,1.08,Open Ended,2024-12-23,Nifty 50 Arbitrage - TRI,10.02,10.02,10.0,0.31,-2.11,3.25,11.97,15.99,,,,18.0,50.0,156243.5,55.18,14.37,15.24,,,,,4.33,1.34,2.01,0.88,12.37,Hybrid : Arbitrage,0.25% on or before 15D Nil after 15D,1.0
Motilal Oswal Asset Allocation Passive FoF-Aggressive-Reg(G),Bhalchandra Shinde,FOF-DOM,Unrated,68.8,0.52,Open Ended,2021-03-12,NIFTY 500 - TRI,16.5,16.98,14.08,-0.64,-2.27,3.01,16.47,18.84,12.63,,,18.0,50.0,156243.5,55.18,14.37,15.24,Not Applicable,,,,8.19,1.38,2.1,1.31,8.74,FoFs : Domestic,1% on or before 15D Nil after 15D,4.0
Motilal Oswal Asset Allocation Passive FoF-Conservative-Reg(G),Bhalchandra Shinde,FOF-DOM,Unrated,43.3,0.49,Open Ended,2021-03-12,Nifty 5 yr Benchmark G-Sec Index TRI,14.77,14.97,13.01,-0.14,-0.87,3.5,12.99,14.39,10.03,,,18.0,50.0,156243.5,55.18,14.37,15.24,Not Applicable,,,,6.2,1.4,2.21,0.89,6.32,FoFs : Domestic,1% on or before 15D Nil after 15D,4.0
Motilal Oswal Balanced Advantage Fund-Reg(G),Santosh Singh,HY-DYN,2,1145.1,2.2,Open Ended,2016-09-27,CRISIL Hybrid 50+50 - Moderate Index,20.93,23.32,18.74,-1.64,-10.2,-2.58,8.83,16.84,10.63,9.6,,290.0,22.0,27508.0,14.97,21.03,47.89,Financials,0.27,1.62,7.75,2.82,0.52,0.83,1.05,11.32,Hybrid : Dynamic Asset Allocation,1% on or before 1Y Nil after 1Y,9.0
Motilal Oswal BSE Enhanced Value ETF,Swapnil P Mayekar,EQ-ETF,Unrated,137.5,0.3,Open Ended,2022-08-22,BSE Enhanced Value Index - TRI,97.35,111.48,79.6,-4.08,-13.45,-8.66,19.83,39.13,,,,18.0,31.0,149310.0,68.38,30.72,0.54,Financials,,,,11.94,0.71,1.0,1.4,26.02,Equity : ETFs,,3.0
Motilal Oswal BSE Enhanced Value Index Fund-Reg(G),Swapnil P Mayekar,EQ-INDX,Unrated,834.3,1.1,Open Ended,2022-08-22,BSE Enhanced Value Index - TRI,23.29,26.75,19.27,-4.13,-13.6,-9.02,18.36,37.34,,,,18.0,31.0,149300.0,68.3,30.68,0.54,Financials,,,,10.18,0.67,0.95,1.38,25.79,Equity : Index Funds,1% on or before 15D Nil after 15D,3.0
Motilal Oswal BSE Financials ex Bank 30 Index Fund-Reg(G),Swapnil P Mayekar,EQ-INDX,Unrated,18.9,1.01,Open Ended,2022-07-29,BSE Financials ex Bank 30 - TRI,15.31,16.66,13.09,-0.45,-9.93,-1.11,12.88,23.49,,,,18.0,30.0,134634.0,69.98,27.29,2.23,Financials,,,,4.99,0.53,0.78,1.12,20.16,Equity : Index Funds,1% on or before 15D Nil after 15D,3.0
Motilal Oswal BSE Healthcare ETF,Swapnil P Mayekar,EQ-ETF,Unrated,32.3,0.22,Open Ended,2022-07-29,BSE Health Care - TRI,46.02,46.02,32.44,4.08,2.69,22.23,43.82,41.36,,,,18.0,99.0,68905.0,37.77,33.31,28.76,Healthcare,,,,31.9,2.59,4.72,0.47,13.18,Equity : ETFs,,3.0
Motilal Oswal BSE Low Volatility ETF,Swapnil P Mayekar,EQ-ETF,Unrated,85.9,0.37,Open Ended,2022-03-23,BSE Low Volatility Index - TRI,36.83,40.92,32.43,-0.29,-10.65,-3.93,11.63,21.28,,,,18.0,30.0,214400.0,74.6,19.93,5.46,FMCG,,,,4.59,0.68,1.16,0.69,11.53,Equity : ETFs,,3.0
Motilal Oswal BSE Low Volatility Index Fund-Reg(G),Swapnil P Mayekar,EQ-INDX,Unrated,102.3,1.03,Open Ended,2022-03-23,BSE Low Volatility Index - TRI,16.02,17.83,14.3,-0.35,-10.8,-4.28,10.15,20.0,,,,18.0,30.0,214499.0,74.65,19.92,5.47,FMCG,,,,2.97,0.56,0.94,0.69,11.62,Equity : Index Funds,1% on or before 15D Nil after 15D,3.0
Motilal Oswal BSE Quality ETF,Swapnil P Mayekar,EQ-ETF,Unrated,18.0,0.3,Open Ended,2022-08-22,BSE Quality Index - TRI,191.36,218.45,161.66,-1.7,-13.31,-7.18,16.33,25.61,,,,18.0,30.0,215808.0,76.89,19.49,3.63,FMCG,,,,8.82,0.8,1.21,0.92,16.31,Equity : ETFs,,3.0
Motilal Oswal BSE Quality Index Fund-Reg(G),Swapnil P Mayekar,EQ-INDX,Unrated,37.3,1.03,Open Ended,2022-08-22,BSE Quality Index - TRI,16.51,18.85,14.08,-1.74,-13.27,-7.45,15.28,24.47,,,,18.0,30.0,216358.0,75.83,19.08,3.57,FMCG,,,,7.61,0.76,1.14,0.92,16.2,Equity : Index Funds,1% on or before 15D Nil after 15D,3.0
Motilal Oswal Business Cycle Fund-Reg(G),Ajay Khandelwal,EQ-THEM,Unrated,1352.8,2.08,Open Ended,2024-08-27,NIFTY 500 - TRI,13.08,13.29,10.0,4.29,12.8,3.25,11.97,15.99,,,,42.0,18.0,30924.0,37.92,28.15,26.06,Retail and Other Services,,,,4.33,1.34,2.01,0.88,12.37,Equity : Thematic,1% on or before 1Y Nil after 1Y,1.0
Motilal Oswal Developed Market Ex US ETFs FoF-Reg(G),Sunil Sawant,FOF-OVR,Unrated,30.3,0.57,Open Ended,2023-09-21,S&P Developed Ex-U.S. BMI Total Return Index,11.37,12.24,10.47,-2.09,-5.82,0.05,4.43,15.99,,,,18.0,50.0,156243.5,55.18,14.37,15.24,Not Applicable,,,,-2.12,0.09,0.16,1.12,12.51,FoFs : Overseas,1% on or before 15D Nil after 15D,2.0
Motilal Oswal Digital India Fund-Reg(G),Varun Sharma,EQ-TECH,Unrated,684.3,2.34,Open Ended,2024-11-04,BSE TECk Index - TRI,10.83,10.9,9.86,3.31,-2.11,3.25,11.97,15.99,,,,18.0,19.0,47020.0,26.56,19.67,36.57,Technology,,,,4.33,1.34,2.01,0.88,12.37,Equity : Sectoral - Technology,1% on or before 3M Nil after 3M,1.0
Motilal Oswal ELSS Tax Saver Fund-Reg(G),Ajay Khandelwal,EQ-ELSS,3,4186.9,1.83,Open Ended,2015-01-21,NIFTY 500 - TRI,56.35,57.04,37.74,4.58,2.28,15.21,47.73,43.1,27.75,24.38,,73.0,31.0,70391.0,29.19,42.57,27.04,Capital Goods,,,,33.52,2.05,3.1,0.93,18.6,Equity : Tax Saving (ELSS),Nil,10.0
Motilal Oswal Flexi Cap Fund-Reg(G),Niket Shah,EQ-FLEX,1,12598.5,1.73,Open Ended,2014-04-28,NIFTY 500 - TRI,65.29,65.74,43.84,3.31,0.83,14.49,46.88,39.38,23.63,19.1,15.38,152.0,15.0,88821.0,59.45,34.13,15.24,Retail and Other Services,,,,31.65,2.17,3.51,0.93,16.77,Equity : Flexi Cap,1% on or before 1Y Nil after 1Y,11.0
Motilal Oswal Focused Fund-Reg(G),Santosh Singh,EQ-LC,2,1865.1,2.07,Open Ended,2013-05-13,NIFTY 500 - TRI,45.41,51.74,38.97,-1.8,-12.77,-3.76,13.47,16.62,11.65,13.2,11.54,93.0,21.0,30498.0,19.15,26.27,53.55,Financials,,,,6.25,0.66,0.99,0.82,15.77,Equity : Large Cap,1% on or before 1Y Nil after 1Y,12.0
Motilal Oswal Gold and Silver ETFs FoF-Reg(G),Bhalchandra Shinde,GOLD-MF,Unrated,170.5,0.51,Open Ended,2022-10-13,Gold-India,14.62,15.55,11.84,-1.06,-0.53,3.32,17.85,14.7,,,,18.0,50.0,156243.5,55.18,14.37,15.24,Not Applicable,,,,12.6,0.93,1.52,0.54,15.34,Gold : MFs,Nil,3.0
Motilal Oswal Large & Midcap Fund-Reg(G),Ajay Khandelwal,EQ-L&M,Unrated,7710.0,1.74,Open Ended,2019-10-17,NIFTY LargeMidcap 250 - TRI,35.18,35.63,23.67,5.3,2.62,17.06,45.96,42.66,27.45,26.63,,56.0,31.0,83531.0,35.0,42.09,19.98,Capital Goods,,,,32.16,1.98,3.01,0.92,18.62,Equity : Large & Mid Cap,1% on or before 1Y Nil after 1Y,6.0
Motilal Oswal Large Cap Fund-Reg(G),Ajay Khandelwal,EQ-LC,Unrated,1422.2,2.12,Open Ended,2024-02-06,NIFTY 100 - TRI,13.42,13.42,9.91,2.35,-0.56,10.14,11.97,15.99,,,,40.0,42.0,283385.0,79.89,7.1,10.93,Financials,,,,4.33,1.34,2.01,0.88,12.37,Equity : Large Cap,1% on or before 1Y Nil after 1Y,1.0
Motilal Oswal Liquid Fund-Reg(G),Rakesh Shetty,DT-LIQ,1,811.8,0.37,Open Ended,2018-12-19,CRISIL Liquid Debt Index,13.38,13.38,12.52,0.55,1.62,3.32,6.89,6.7,5.95,4.81,,0.0,50.0,156243.5,55.18,14.37,15.24,Not Applicable,0.11,0.1,6.96,1.39,9.4,11.51,0.88,0.15,Debt : Liquid,0.007% for Day 1 0.0065% on Day 2 0.0060% on Day 3 0.0055% on Day 4 0.0050% on Day 5 0.0045% on Day 6 NIL on or after 7D,7.0
Motilal Oswal Manufacturing Fund-Reg(G),Ajay Khandelwal,EQ-THEM,Unrated,727.8,2.34,Open Ended,2024-08-08,Nifty India Manufacturing - TRI,11.99,11.99,10.0,8.37,8.62,3.25,11.97,15.99,,,,3.0,32.0,52892.0,23.94,40.84,32.85,Capital Goods,,,,4.33,1.34,2.01,0.88,12.37,Equity : Thematic,1% on or before 3M Nil after 3M,1.0
Motilal Oswal Midcap Fund-Reg(G),Niket Shah,EQ-MID,2,22897.6,1.59,Open Ended,2014-02-24,Nifty Midcap 150 - TRI,114.06,114.69,71.28,4.05,3.79,17.4,57.89,49.91,35.56,33.49,20.43,133.0,27.0,106445.0,42.67,55.44,1.28,Retail and Other Services,,,,39.36,2.6,4.49,0.85,16.81,Equity : Mid Cap,1% on or before 1Y Nil after 1Y,11.0
Motilal Oswal Multi Asset Fund-Reg(G),Santosh Singh,HY-MULTI,Unrated,101.1,2.04,Open Ended,2020-08-04,NIFTY 500 - TRI,12.82,14.41,12.34,-1.8,-11.69,-5.19,2.38,8.44,5.68,,,37.0,17.0,29085.0,19.4,12.43,38.74,Financials,0.12,0.75,8.03,-3.98,-0.08,-0.13,1.09,9.11,Hybrid : Multi Asset Allocation,1% on or before 1Y Nil after 1Y,5.0
Motilal Oswal Multi Cap Fund-Reg(G),Ajay Khandelwal,EQ-MLC,Unrated,2298.9,1.98,Open Ended,2024-06-18,Nifty500 Multicap 50:25:25 - TRI,13.88,14.12,10.0,4.84,7.51,29.05,11.97,15.99,,,,111.0,20.0,31548.0,37.49,22.62,32.02,Retail and Other Services,,,,4.33,1.34,2.01,0.88,12.37,Equity : Multi Cap,1% on or before 1Y Nil after 1Y,1.0
Motilal Oswal Nasdaq 100 ETF,Sunil Sawant,EQ-ETF,Unrated,8777.8,0.58,Open Ended,2011-03-29,Nasdaq-100,175.78,183.25,132.39,1.7,8.61,8.87,28.51,40.67,13.72,23.59,20.74,15.0,101.0,156243.5,55.18,14.37,15.24,,,,,21.77,1.27,2.04,0.46,18.12,Equity : ETFs,Nil,14.0
Motilal Oswal Nasdaq 100 FOF-Reg(G),Swapnil P Mayekar,FOF-OVR,Unrated,5468.7,0.58,Open Ended,2018-11-29,Nasdaq-100,43.65,45.03,27.7,20.18,28.34,30.19,53.44,51.84,19.72,27.18,,18.0,1.0,156243.5,55.18,14.37,15.24,Not Applicable,,,,37.35,2.21,3.88,1.47,18.83,FoFs : Overseas,1% on or before 15D Nil after 15D,7.0
Motilal Oswal NASDAQ Q 50 ETF,Sunil Sawant,EQ-ETF,Unrated,46.8,0.47,Open Ended,2021-12-23,NASDAQ Q-50-TRI,72.49,76.28,55.27,-2.84,9.86,18.33,25.12,18.78,3.68,,,18.0,54.0,156243.5,55.18,14.37,15.24,,,,,17.14,1.18,2.03,1.06,17.2,Equity : ETFs,,4.0
Motilal Oswal Nifty 200 Momentum 30 ETF,Swapnil P Mayekar,EQ-ETF,Unrated,118.4,0.3,Open Ended,2022-02-10,Nifty200 Momentum 30 - TRI,67.92,77.23,55.35,-3.92,-12.75,-7.4,20.76,31.67,,,,18.0,30.0,199208.0,87.08,12.91,15.24,Automobile and Ancillaries,,,,12.02,0.81,1.18,1.24,22.09,Equity : ETFs,,3.0
Motilal Oswal Nifty 200 Momentum 30 Index Fund-Reg(G),Swapnil P Mayekar,EQ-INDX,Unrated,907.0,1.0,Open Ended,2022-02-10,Nifty200 Momentum 30 - TRI,16.44,18.71,13.48,-3.92,-12.84,-7.72,19.98,30.79,,,,18.0,30.0,199223.0,87.0,12.9,15.24,Automobile and Ancillaries,,,,10.94,0.78,1.15,1.24,22.05,Equity : Index Funds,1% on or before 15D Nil after 15D,3.0
Motilal Oswal Nifty 5 Year Benchmark G-Sec ETF,Rakesh Shetty,DT-ETF,Unrated,94.4,0.24,Open Ended,2020-12-10,Nifty 5 yr Benchmark G-Sec Index TRI,58.39,58.39,53.96,0.49,1.2,4.48,8.14,7.84,5.78,,,0.0,50.0,156243.5,55.18,14.37,15.24,Not Applicable,4.3,3.64,6.71,2.09,3.08,5.64,0.65,1.3,Debt : ETFs,,5.0
Motilal Oswal Nifty 50 ETF,Swapnil P Mayekar,EQ-ETF,Unrated,48.3,0.06,Open Ended,2010-07-28,NIFTY 50 - TRI,248.25,268.69,215.77,-1.61,-7.83,-1.25,10.37,16.47,12.94,15.6,11.86,9.0,50.0,555829.0,98.71,1.24,15.24,Financials,,,,2.29,0.5,0.76,0.99,13.91,Equity : ETFs,Nil,15.0
Motilal Oswal Nifty 50 Index Fund-Reg(G),Swapnil P Mayekar,EQ-INDX,Unrated,586.0,0.55,Open Ended,2019-12-23,NIFTY 50 - TRI,20.3,22.0,17.73,-1.66,-7.96,-1.51,9.8,15.86,12.31,15.17,,8.0,50.0,555878.0,98.73,1.24,15.24,Financials,,,,1.39,0.46,0.7,1.0,13.96,Equity : Index Funds,Nil,6.0
Motilal Oswal Nifty 500 ETF,Swapnil P Mayekar,EQ-ETF,Unrated,101.4,0.21,Open Ended,2023-10-06,NIFTY 500 - TRI,23.02,24.68,19.24,-0.91,-7.29,-0.79,16.25,15.99,,,,18.0,501.0,220871.0,70.58,18.64,10.73,Financials,,,,7.84,0.84,1.21,1.0,14.94,Equity : ETFs,,2.0
Motilal Oswal Nifty 500 Index Fund-Reg(G),Swapnil P Mayekar,EQ-INDX,Unrated,2060.2,0.88,Open Ended,2019-09-06,NIFTY 500 - TRI,25.35,27.24,21.38,-0.98,-7.45,-1.17,15.16,21.01,14.88,17.8,,19.0,501.0,220867.0,70.54,18.63,10.72,Financials,,,,6.53,0.77,1.12,1.0,14.98,Equity : Index Funds,1% on or before 15D Nil after 15D,6.0
Motilal Oswal Nifty 500 Momentum 50 ETF,Swapnil P Mayekar,EQ-ETF,Unrated,59.5,0.4,Open Ended,2024-09-24,Nifty500 Momentum 50 - TRI,58.21,64.37,55.94,-3.17,-10.63,3.25,11.97,15.99,,,,18.0,50.0,127222.0,64.01,31.55,4.37,Capital Goods,,,,4.33,1.34,2.01,0.88,12.37,Equity : ETFs,,1.0
Motilal Oswal Nifty 500 Momentum 50 Index Fund-Reg(G),Swapnil P Mayekar,EQ-INDX,Unrated,464.0,1.01,Open Ended,2024-09-24,Nifty500 Momentum 50 - TRI,9.08,10.03,8.71,-3.04,-10.61,3.25,11.97,15.99,,,,18.0,50.0,127251.0,63.94,31.49,4.37,Capital Goods,,,,4.33,1.34,2.01,0.88,12.37,Equity : Index Funds,1% on or before 15D Nil after 15D,1.0
Motilal Oswal Nifty Bank Index Fund-Reg(G),Swapnil P Mayekar,EQ-INDX,Unrated,617.9,1.0,Open Ended,2019-09-06,NIFTY BANK - TRI,18.33,19.35,15.94,-1.98,-3.71,-3.03,5.77,9.14,13.08,9.14,,32.0,12.0,538948.0,86.46,13.58,15.24,Financials,,,,-2.49,0.17,0.25,1.08,17.35,Equity : Index Funds,1% on or before 15D Nil after 15D,6.0
Motilal Oswal Nifty Capital Market Index Fund-Reg(G),Swapnil P Mayekar,EQ-INDX,Unrated,709.5,1.08,Open Ended,2024-12-16,Nifty Capital Markets Index - TRI,9.72,10.0,9.51,0.31,-2.11,3.25,11.97,15.99,,,,18.0,50.0,156243.5,55.18,14.37,15.24,,,,,4.33,1.34,2.01,0.88,12.37,Equity : Index Funds,1% on or before 15D Nil after 15D,1.0
Motilal Oswal Nifty India Defence ETF,Swapnil P Mayekar,EQ-ETF,Unrated,94.7,0.4,Open Ended,2024-08-21,Nifty India Defence - TRI,72.03,77.64,65.45,-2.48,-1.22,3.25,11.97,15.99,,,,18.0,16.0,77331.0,41.58,35.58,22.85,Capital Goods,,,,4.33,1.34,2.01,0.88,12.37,Equity : ETFs,,1.0
Motilal Oswal Nifty India Defence Index Fund-Reg(G),Swapnil P Mayekar,EQ-INDX,Unrated,2346.7,1.08,Open Ended,2024-07-03,Nifty India Defence - TRI,8.57,10.86,7.79,-2.58,-1.58,3.25,11.97,15.99,,,,18.0,16.0,77333.0,41.54,35.55,22.83,Capital Goods,,,,4.33,1.34,2.01,0.88,12.37,Equity : Index Funds,1% on or before 15D Nil after 15D,1.0
Motilal Oswal Nifty Microcap 250 Index Fund-Reg(G),Swapnil P Mayekar,EQ-INDX,Unrated,1790.1,1.08,Open Ended,2023-07-05,Nifty Microcap 250 - TRI,18.69,19.37,13.04,0.73,-2.33,6.9,32.52,15.99,,,,18.0,251.0,7819.0,55.18,14.37,99.89,Healthcare,,,,23.49,1.26,1.84,0.97,22.56,Equity : Index Funds,1% on or before 15D Nil after 15D,2.0
Motilal Oswal Nifty Midcap 100 ETF,Swapnil P Mayekar,EQ-ETF,Unrated,543.5,0.22,Open Ended,2011-02-03,Nifty Midcap 100 - TRI,62.2,65.1,48.97,1.87,-4.76,2.32,24.27,35.88,24.66,27.87,16.68,60.0,101.0,64420.0,8.02,89.09,2.87,Financials,,,,15.6,1.09,1.56,1.03,18.76,Equity : ETFs,Nil,14.0
Motilal Oswal Nifty Midcap 150 Index Fund-Reg(G),Swapnil P Mayekar,EQ-INDX,Unrated,1986.5,1.0,Open Ended,2019-09-06,Nifty Midcap 150 - TRI,37.21,39.06,29.47,1.53,-5.21,0.84,23.24,33.42,22.56,27.06,,35.0,151.0,58753.0,6.44,86.68,6.77,Financials,,,,14.46,1.1,1.59,0.95,17.51,Equity : Index Funds,1% on or before 15D Nil after 15D,6.0
Motilal Oswal Nifty MidSmall Financial Services Index Fund-Reg(G),Swapnil P Mayekar,EQ-INDX,Unrated,10.6,1.0,Open Ended,2024-11-19,Nifty MidSmall Financial Services - TRI,10.68,11.01,10.0,1.58,-2.11,3.25,11.97,15.99,,,,18.0,30.0,44616.0,55.18,71.52,27.69,Financials,,,,4.33,1.34,2.01,0.88,12.37,Equity : Index Funds,1% on or before 15D Nil after 15D,1.0
Motilal Oswal Nifty MidSmall Healthcare Index Fund-Reg(G),Swapnil P Mayekar,EQ-INDX,Unrated,13.8,1.0,Open Ended,2024-11-19,Nifty MidSmall Healthcare - TRI,10.85,10.85,10.0,5.45,-2.11,3.25,11.97,15.99,,,,18.0,30.0,47253.0,55.18,64.92,34.65,Healthcare,,,,4.33,1.34,2.01,0.88,12.37,Equity : Index Funds,1% on or before 15D Nil after 15D,1.0
Motilal Oswal Nifty MidSmall India Consumption Index Fund-Reg(G),Swapnil P Mayekar,EQ-INDX,Unrated,8.8,1.0,Open Ended,2024-11-19,Nifty MidSmall India Consumption - TRI,10.91,11.0,10.0,4.95,-2.11,3.25,11.97,15.99,,,,18.0,30.0,61887.0,55.18,88.24,11.04,Healthcare,,,,4.33,1.34,2.01,0.88,12.37,Equity : Index Funds,1% on or before 15D Nil after 15D,1.0
Motilal Oswal Nifty MidSmall IT and Telecom Index Fund-Reg(G),Swapnil P Mayekar,EQ-INDX,Unrated,12.0,1.0,Open Ended,2024-11-19,Nifty MidSmall IT & Telecom - TRI,10.83,11.13,10.0,2.32,-2.11,3.25,11.97,15.99,,,,18.0,20.0,49317.0,10.05,67.94,20.73,Technology,,,,4.33,1.34,2.01,0.88,12.37,Equity : Index Funds,1% on or before 15D Nil after 15D,1.0
Motilal Oswal Nifty Next 50 Index Fund-Reg(G),Swapnil P Mayekar,EQ-INDX,Unrated,310.2,1.03,Open Ended,2019-12-23,NIFTY NEXT 50 - TRI,23.77,26.76,18.39,-3.39,-11.64,-5.52,27.35,27.46,17.53,18.79,,56.0,50.0,143052.0,88.19,11.75,15.24,Financials,,,,16.96,1.13,1.63,1.14,20.16,Equity : Index Funds,1% on or before 15D Nil after 15D,6.0
Motilal Oswal Nifty Realty ETF,Swapnil P Mayekar,EQ-ETF,Unrated,77.5,0.4,Open Ended,2024-03-15,NIFTY REALTY - TRI,105.13,114.98,83.7,2.0,-5.18,-5.44,11.97,15.99,,,,18.0,10.0,81252.0,37.41,48.86,13.8,Construction,,,,4.33,1.34,2.01,0.88,12.37,Equity : ETFs,,1.0
Motilal Oswal Nifty Smallcap 250 ETF,Swapnil P Mayekar,EQ-ETF,Unrated,90.8,0.3,Open Ended,2024-03-15,Nifty Smallcap 250 - TRI,18.02,18.65,13.9,1.06,-3.35,3.01,11.97,15.99,,,,18.0,250.0,19549.0,55.18,8.0,91.99,Financials,,,,4.33,1.34,2.01,0.88,12.37,Equity : ETFs,,1.0
Motilal Oswal Nifty Smallcap 250 Index Fund-Reg(G),Swapnil P Mayekar,EQ-INDX,Unrated,845.0,1.04,Open Ended,2019-09-06,Nifty Smallcap 250 - TRI,38.7,40.14,29.12,0.98,-3.56,2.77,25.92,36.42,21.56,28.61,,59.0,250.0,19550.0,55.18,8.0,91.96,Financials,,,,17.16,1.1,1.56,0.96,20.03,Equity : Index Funds,1% on or before 15D Nil after 15D,6.0
Motilal Oswal Quant Fund-Reg(G),Ajay Khandelwal,EQ-THEM,Unrated,154.1,0.94,Open Ended,2024-06-06,NIFTY 200 - TRI,10.55,11.1,10.0,-0.32,-5.37,1.8,11.97,15.99,,,,117.0,93.0,14874.0,8.57,13.33,58.97,Financials,,,,4.33,1.34,2.01,0.88,12.37,Equity : Thematic,1% on or before 15D Nil after 15D,1.0
Motilal Oswal S&P 500 Index Fund-Reg(G),Sunil Sawant,EQ-INTL,Unrated,3781.0,1.13,Open Ended,2020-04-28,S&P 500 - TRI,22.54,23.08,17.53,-1.21,5.19,10.01,26.45,25.55,12.28,,,4.0,503.0,156243.5,55.18,14.37,15.24,,,,,20.01,1.65,2.68,0.14,12.58,Equity : International,1% on or before 7D Nil after 7D,5.0
Motilal Oswal Small Cap Fund-Reg(G),Ajay Khandelwal,EQ-SML,Unrated,3166.3,1.89,Open Ended,2023-12-26,Nifty Smallcap 250 - TRI,14.96,15.15,9.63,4.01,5.99,20.34,46.97,15.99,,,,53.0,43.0,16235.0,5.89,11.41,75.83,Capital Goods,,,,32.91,2.19,3.27,0.8,16.88,Equity : Small Cap,1% on or before 1Y Nil after 1Y,2.0
Motilal Oswal Ultra Short Term Fund-Reg(G),Rakesh Shetty,DT-USD,Unrated,439.3,1.06,Open Ended,2013-09-06,CRISIL Ultra Short Term Debt Index,16.02,16.02,15.12,0.48,1.35,2.89,5.98,5.89,5.13,4.41,3.78,0.0,50.0,156243.5,55.18,14.37,15.24,Not Applicable,0.32,0.29,6.6,1.89,7.75,15.82,0.02,0.25,Debt : Ultra Short Duration,Nil,12.0
Navi Aggressive Hybrid Fund-Reg(G),Aditya Mulki,HY-EQ,Unrated,135.3,2.25,Open Ended,2018-04-30,CRISIL Hybrid 35+65 - Aggressive Index,20.2,20.98,17.48,-0.09,-4.31,2.21,13.61,17.26,12.29,12.61,,69.0,51.0,52804.0,27.93,6.27,33.23,Financials,0.35,0.31,7.28,5.54,0.95,1.42,1.37,10.04,Hybrid : Equity Oriented,Nil,7.0
Navi BSE Sensex Index Fund-Reg(G),Aditya Mulki,EQ-INDX,Unrated,14.0,0.9,Open Ended,2023-09-04,BSE SENSEX - TRI,12.16,13.05,10.67,-1.65,-6.81,-1.18,8.89,15.99,,,,31.0,30.0,684497.0,99.31,0.72,15.24,Financials,,,,0.53,0.4,0.61,0.99,13.88,Equity : Index Funds,Nil,2.0
Navi Conservative Hybrid Fund-Reg(G),Aditya Mulki,HY-DT(CO),Unrated,26.5,2.0,Open Ended,2010-07-29,CRISIL Hybrid 85+15 - Conservative Index,26.13,26.46,24.43,-0.76,0.8,3.79,9.39,7.27,5.41,5.81,,14.0,11.0,598490.0,19.66,0.28,15.24,Energy,0.39,0.35,6.96,4.13,2.07,3.55,0.29,2.44,Hybrid : Debt Oriented (Conservative),Nil,15.0
Navi ELSS Tax Saver Fund-Reg(G),Aditya Mulki,EQ-ELSS,Unrated,62.4,2.25,Open Ended,2015-12-30,NIFTY 500 - TRI,28.96,31.13,25.11,-1.79,-7.31,-2.99,12.1,18.43,11.44,14.02,,48.0,42.0,158693.0,52.74,18.75,16.33,Financials,,,,4.41,0.66,1.02,0.82,12.9,Equity : Tax Saving (ELSS),Nil,10.0
Navi ELSS Tax Saver Nifty 50 Index Fund-Reg(G),Aditya Mulki,EQ-ELSS,Unrated,73.3,0.99,Open Ended,2023-03-20,NIFTY 50 - TRI,14.19,15.4,12.46,-1.7,-8.06,-1.76,9.18,15.99,,,,7.0,50.0,555822.0,98.86,1.25,15.24,Financials,,,,0.71,0.41,0.63,0.99,13.95,Equity : Tax Saving (ELSS),Nil,2.0
Navi Flexi Cap Fund-Reg(G),Aditya Mulki,EQ-FLEX,2,266.1,2.25,Open Ended,2018-07-09,NIFTY 500 - TRI,22.91,24.5,19.81,-1.29,-6.96,-0.63,11.69,18.35,12.2,15.2,,77.0,62.0,107398.0,46.35,17.77,23.29,Financials,,,,3.96,0.62,0.94,0.86,13.42,Equity : Flexi Cap,Nil,7.0
Navi Large & Midcap Fund-Reg(G),Aditya Mulki,EQ-L&M,2,318.8,2.25,Open Ended,2015-12-07,NIFTY LargeMidcap 250 - TRI,36.15,37.88,29.06,0.36,-4.83,1.24,16.75,20.61,13.6,17.75,,82.0,71.0,96577.0,37.72,32.87,21.87,Financials,,,,8.47,0.93,1.45,0.84,13.67,Equity : Large & Mid Cap,Nil,10.0
Navi Liquid Fund-Reg(G),Tanmay Sethi,DT-LIQ,Unrated,64.4,0.2,Open Ended,2010-02-19,CRISIL Liquid Debt Index,27.52,27.52,25.73,0.58,1.7,3.45,6.95,6.86,6.27,5.16,6.23,0.0,50.0,156243.5,55.18,14.37,15.24,Not Applicable,0.11,0.11,7.45,1.44,9.55,11.86,0.88,0.15,Debt : Liquid,0.007% for Day 1 0.0065% on Day 2 0.0060% on Day 3 0.0055% on Day 4 0.0050% on Day 5 0.0045% on Day 6 NIL on or after 7D,15.0
Navi NASDAQ 100 FoF-Reg(G),Aditya Mulki,FOF-OVR,Unrated,1018.7,0.29,Open Ended,2022-03-23,Nasdaq-100,15.95,16.63,12.0,1.7,7.06,9.67,28.64,41.06,,,,18.0,50.0,156243.5,55.18,14.37,15.24,Not Applicable,,,,22.86,1.32,2.1,0.5,18.35,FoFs : Overseas,Nil,3.0
Navi Nifty 50 ETF,Aditya Mulki,EQ-ETF,Unrated,7.2,0.05,Open Ended,2023-09-18,NIFTY 50 - TRI,244.19,264.56,212.85,-1.29,-3.82,6.95,21.3,15.99,,,,4.0,50.0,547761.0,96.97,1.28,15.24,Financials,,,,2.14,1.26,1.96,0.99,13.94,Equity : ETFs,,2.0
Navi Nifty 50 Index Fund-Reg(G),Aditya Mulki,EQ-INDX,Unrated,2572.8,0.26,Open Ended,2021-07-15,NIFTY 50 - TRI,15.56,16.86,13.57,-1.64,-7.9,-1.42,9.99,16.07,12.5,,,21.0,50.0,555827.0,98.83,1.25,15.24,Financials,,,,1.56,0.47,0.72,0.99,13.96,Equity : Index Funds,Nil,4.0
Navi Nifty 500 Multicap 50:25:25 Index Fund-Reg(G),Aditya Mulki,EQ-INDX,Unrated,18.2,0.98,Open Ended,2024-08-01,Nifty500 Multicap 50:25:25 - TRI,9.85,10.46,9.37,-0.35,-6.48,3.25,11.97,15.99,,,,24.0,501.0,120980.0,49.69,24.91,24.86,Financials,,,,4.33,1.34,2.01,0.88,12.37,Equity : Index Funds,Nil,1.0
Navi Nifty Bank Index Fund-Reg(G),Aditya Mulki,EQ-INDX,Unrated,532.9,0.79,Open Ended,2022-02-04,NIFTY BANK - TRI,13.21,13.95,11.49,-2.0,-3.75,-3.08,5.79,9.06,,,,52.0,12.0,538946.0,86.6,13.6,15.24,Financials,,,,-2.47,0.17,0.26,1.08,17.39,Equity : Index Funds,Nil,3.0
Navi Nifty India Manufacturing Index Fund-Reg(G),Aditya Mulki,EQ-INDX,Unrated,51.7,0.99,Open Ended,2022-08-26,Nifty India Manufacturing - TRI,16.71,18.66,12.97,-1.45,-11.3,-5.88,24.91,29.48,,,,57.0,78.0,151495.0,69.51,25.67,3.71,Automobile and Ancillaries,,,,14.99,1.2,1.83,0.96,16.49,Equity : Index Funds,Nil,3.0
Navi Nifty Midcap 150 Index Fund-Reg(G),Aditya Mulki,EQ-INDX,Unrated,218.0,0.99,Open Ended,2022-03-11,Nifty Midcap 150 - TRI,19.79,20.77,15.72,1.51,-5.26,0.76,22.84,32.81,,,,44.0,151.0,58754.0,6.44,86.73,6.77,Financials,,,,14.14,1.08,1.56,0.95,17.48,Equity : Index Funds,Nil,3.0
Navi Nifty Next 50 Index Fund-Reg(G),Aditya Mulki,EQ-INDX,Unrated,731.7,0.57,Open Ended,2022-01-19,NIFTY NEXT 50 - TRI,16.1,18.07,12.43,-3.21,-11.43,-5.3,27.51,27.5,,,,52.0,50.0,143043.0,88.28,11.77,15.24,Financials,,,,17.09,1.13,1.64,1.14,20.19,Equity : Index Funds,Nil,3.0
Navi Overnight Fund-Reg(G),Tanmay Sethi,DT-ON,Unrated,5.9,0.25,Open Ended,2023-07-17,CRISIL Liquid Overnight Index,10.82,10.82,10.3,0.44,1.34,2.75,5.95,15.99,,,,18.0,50.0,156243.5,55.18,14.37,15.24,Not Applicable,,,,0.68,4.71,6.47,0.88,0.14,Debt : Overnight,Nil,2.0
Navi US Total Stock Market FoF-Reg(G),Aditya Mulki,FOF-OVR,Unrated,1005.1,0.06,Open Ended,2022-02-24,CRSP US Total Market Index,15.64,16.13,12.11,-1.93,4.7,11.59,26.69,26.3,,,,18.0,50.0,156243.5,55.18,14.37,15.24,Not Applicable,,,,20.71,1.65,2.69,0.4,13.23,FoFs : Overseas,Nil,3.0
Nippon India Arbitrage Fund(G),Vikash Agarwal,HY-ARB,3,15418.5,1.08,Open Ended,2010-10-14,Nifty 50 Arbitrage,25.71,25.71,23.95,0.65,1.8,3.41,7.42,7.25,6.21,5.34,5.97,1308.0,161.0,217059.0,50.29,16.37,4.3,Financials,,,,3.48,3.37,7.36,-0.07,0.97,Hybrid : Arbitrage,0.25% on or before 1M Nil after 1M,15.0
Nippon India Asset Allocator FoF-Reg(G),Sushil Budhia,FOF-DOM,Unrated,320.5,1.24,Open Ended,2021-02-08,CRISIL Hybrid 50+50 - Moderate Index,20.05,20.44,16.68,0.04,-2.4,2.86,17.86,23.5,17.81,,,48.0,50.0,156243.5,55.18,14.37,15.24,Not Applicable,,,,8.54,1.37,1.97,1.64,9.73,FoFs : Domestic,Nil upto 10% of units and 1% for remaning units on or before 12M Nil after 12M,4.0
Nippon India Balanced Advantage Fund(G),Amar Kalkundrikar,HY-DYN,3,8850.3,1.75,Open Ended,2004-11-15,CRISIL Hybrid 50+50 - Moderate Index,171.08,176.52,149.29,-0.4,-2.95,1.81,13.16,15.72,12.14,12.51,10.12,305.0,68.0,283686.0,51.91,11.31,4.21,Financials,4.61,3.28,7.71,4.91,1.13,1.62,1.38,7.95,Hybrid : Dynamic Asset Allocation,Nil for 10% of units on or before 12M In excess of limit 1% on or before 12M and Nil after 12M,21.0
Nippon India Banking & Financial Services Fund(G),Vinay Sharma,EQ-FIN,5,6307.0,1.88,Open Ended,2003-05-26,Nifty Financial Services - TRI,573.94,612.76,487.49,-1.65,-5.86,-0.56,10.57,17.8,18.99,13.92,12.26,25.0,27.0,264492.0,67.31,17.58,13.16,Financials,,,,2.6,0.49,0.71,0.99,15.59,Equity : Sectoral - Financial Services,1% on or before 1M Nil after 1M,22.0
Nippon India Banking & PSU Debt Fund(G),Pranay Sinha,DT-B&PSU,5,5566.6,0.76,Open Ended,2015-05-15,CRISIL Banking and PSU Debt Index,19.84,19.85,18.4,0.49,1.34,3.9,7.82,7.28,5.9,6.44,,0.0,50.0,156243.5,55.18,14.37,15.24,Not Applicable,5.26,3.86,7.33,2.47,4.53,8.3,0.42,0.82,Debt : Banking & PSU,Nil,10.0
Nippon India Consumption Fund(G),Amar Kalkundrikar,EQ-CONS,5,2188.2,2.01,Open Ended,2004-09-30,Nifty India Consumption - TRI,198.42,222.26,162.52,-1.14,-10.81,-0.05,19.91,24.21,20.78,23.7,13.65,30.0,37.0,112152.0,61.12,16.62,18.19,FMCG,,,,11.82,1.26,2.22,0.62,11.88,Equity : Thematic - Consumption,1% on or before 1M Nil after 1M,21.0
Nippon India Corp Bond Fund(G),Vivek Sharma,DT-CORP,2,6496.5,0.71,Open Ended,2000-09-14,NIFTY Corporate Bond Index,57.25,57.26,52.83,0.48,1.49,4.24,8.38,7.76,6.6,6.78,7.3,0.0,50.0,156243.5,55.18,14.37,15.24,Not Applicable,5.12,3.87,7.42,3.07,5.22,9.94,0.41,0.82,Debt : Corporate Bond,Nil,25.0
Nippon India Credit Risk Fund(G),Sushil Budhia,DT-CR,2,993.0,1.46,Open Ended,2005-06-10,CRISIL Credit Risk Debt Index,33.35,33.35,30.82,0.63,1.86,4.2,8.24,8.06,6.66,5.31,6.02,0.0,50.0,156243.5,55.18,14.37,15.24,Not Applicable,2.62,2.17,8.93,3.63,8.84,17.07,0.18,0.47,Debt : Credit Risk,Nil for 10% of units and 1% for remaining units on or before 12M Nil after 12M,20.0
Nippon India CRISIL-IBX AAA Financial Services - Dec 2026 Index Fund-Reg(G),Vivek Sharma,DT-SD,Unrated,90.6,0.4,Open Ended,2024-10-25,CRISIL-IBX AAA Financial Services Index - Dec 2026,10.14,10.14,10.0,0.68,-2.11,3.25,11.97,15.99,,,,0.0,50.0,156243.5,55.18,14.37,15.24,Not Applicable,1.75,1.55,7.78,4.33,1.34,2.01,0.88,12.37,Debt : Short Duration,Nil,1.0
Nippon India CRISIL-IBX AAA Financial Services - Jan 2028 Index Fund-Reg(G),Vivek Sharma,DT-M&LD,Unrated,163.6,0.4,Open Ended,2024-10-25,CRISIL-IBX AAA Financial Services Index - Jan 2028,10.13,10.14,10.0,0.62,-2.11,3.25,11.97,15.99,,,,0.0,50.0,156243.5,55.18,14.37,15.24,Not Applicable,2.98,2.5,7.74,4.33,1.34,2.01,0.88,12.37,Debt : Medium to Long Duration,Nil,1.0
Nippon India Dynamic Bond Fund(G),Pranay Sinha,DT-DYN,4,4366.0,0.71,Open Ended,2004-11-15,NIFTY Composite Debt Index,35.59,35.6,32.54,0.67,1.26,4.41,9.06,7.83,6.0,6.31,6.75,0.0,50.0,156243.5,55.18,14.37,15.24,Not Applicable,5.53,4.42,7.2,3.1,3.29,6.47,0.58,1.47,Debt : Dynamic Bond,Nil,21.0
Nippon India ELSS Tax Saver Fund(G),Rupesh Patel,EQ-ELSS,2,15665.5,1.7,Open Ended,2005-09-21,NIFTY 500 - TRI,124.89,136.23,103.23,-2.56,-8.08,-2.43,17.32,23.37,17.88,17.07,10.12,14.0,61.0,131823.0,66.07,13.27,17.45,Financials,,,,8.62,0.88,1.24,1.01,15.65,Equity : Tax Saving (ELSS),Nil,20.0
Nippon India Equity Hybrid Fund(G),Meenakshi Dawar,HY-EQ,3,3850.5,1.98,Open Ended,2005-06-10,CRISIL Hybrid 35+65 - Aggressive Index,102.72,106.82,86.57,-0.1,-3.96,2.45,16.54,20.61,15.91,13.23,10.32,37.0,73.0,217964.0,52.18,10.65,10.21,Financials,5.0,3.47,8.05,6.96,1.12,1.64,1.78,10.83,Hybrid : Equity Oriented,Nil for 10% of investments and 1% for remaining on or before 12M Nil after 12M,20.0
Nippon India Equity Hybrid Fund-Segregated Portfolio 1-(G),Meenakshi Dawar,HY-EQ,Unrated,9.3,1.08,Open Ended,2019-09-25,CRISIL Hybrid 35+65 - Aggressive Index,0.05,0.05,0.05,0.0,0.0,0.0,0.0,0.0,0.0,0.0,,167.0,50.0,156243.5,55.18,14.37,15.24,,3.16,2.03,12.34,4.33,1.34,2.01,0.88,12.37,Hybrid : Equity Oriented,,6.0
Nippon India Equity Savings Fund(G),Ashutosh Bhargava,HY-EQ,1,712.6,1.73,Open Ended,2015-05-30,NIFTY 50 Equity Savings Index,15.5,15.66,14.28,-0.26,-1.09,1.38,8.07,10.26,8.06,5.56,,599.0,49.0,374558.0,63.25,4.0,1.92,Financials,4.26,3.26,7.16,2.02,1.07,1.64,0.64,3.65,Hybrid : Equity Oriented,Nil upto 10% of units and for remaining units 1% on or before 15D and Nil after 15D,10.0
Nippon India Equity Savings Fund-Segregated Portfolio 1-(G),Ashutosh Bhargava,HY-EQ,Unrated,25.8,1.08,Open Ended,2019-09-25,NIFTY 50 Equity Savings Index,0.29,0.29,0.29,0.0,0.0,0.0,0.0,0.0,0.0,0.0,,18.0,50.0,156243.5,55.18,14.37,15.24,,1.26,0.75,11.86,4.33,1.34,2.01,0.88,12.37,Hybrid : Equity Oriented,,6.0
Nippon India ETF BSE Sensex,Himanshu Mange,EQ-ETF,Unrated,12131.8,0.04,Open Ended,2014-09-24,BSE SENSEX - TRI,901.82,966.81,785.14,-1.64,-6.69,-0.8,9.86,15.73,12.48,15.21,12.36,3.0,30.0,684545.0,99.26,0.72,15.24,Financials,,,,1.79,0.46,0.72,0.99,13.84,Equity : ETFs,Nil,11.0
Nippon India ETF BSE Sensex Next 50,Himanshu Mange,EQ-ETF,Unrated,44.6,0.23,Open Ended,2019-07-30,BSE Sensex Next 50 - TRI,86.54,93.01,67.12,-0.64,-7.81,-0.67,26.34,31.0,21.67,21.9,,32.0,51.0,122348.0,65.77,33.87,15.24,Financials,,,,16.81,1.22,1.88,0.99,17.56,Equity : ETFs,,6.0
Nippon India ETF Gold BeES,Vikram Dhawan,GOLD-ETF,Unrated,15185.7,0.81,Open Ended,2007-03-08,Gold-India,64.58,66.86,52.07,-0.77,0.65,5.57,18.96,16.66,15.67,13.24,9.76,6.0,50.0,156243.5,55.18,14.37,15.24,Not Applicable,,,,15.15,1.15,1.75,-0.19,12.69,Gold : ETFs,Nil,18.0
Nippon India ETF Hang Seng BeES,Kinjal Desai,EQ-ETF,Unrated,711.2,0.93,Open Ended,2010-03-09,Hang Seng,309.66,356.5,224.7,4.69,-3.05,18.56,25.68,4.77,1.95,-1.18,3.84,6.0,82.0,156243.5,55.18,14.37,15.24,,,,,19.73,0.94,1.58,1.09,25.03,Equity : ETFs,Nil,15.0
Nippon India ETF Nifty 100,Himanshu Mange,EQ-ETF,Unrated,275.7,0.5,Open Ended,2013-03-25,NIFTY 100 - TRI,262.57,285.87,224.51,-1.86,-8.48,-2.06,12.7,17.4,13.02,15.56,11.87,18.0,100.0,436985.0,96.79,3.09,15.24,Financials,,,,4.41,0.63,0.93,1.02,14.51,Equity : ETFs,Nil,12.0
Nippon India ETF Nifty 1D Rate Liquid BeES,Siddharth Deb,DT-ETF,Unrated,12833.2,0.69,Open Ended,2003-07-08,Nifty 1D Rate Index,1000.0,1000.0,1000.0,0.5,1.29,2.31,4.64,5.02,4.64,3.76,4.86,0.0,50.0,156243.5,55.18,14.37,15.24,Not Applicable,0.01,,6.64,-0.4,-3.33,-31.21,0.88,0.13,Debt : ETFs,Nil,22.0
Nippon India ETF Nifty 5 yr Benchmark G-Sec,Pranay Sinha,DT-ETF,Unrated,194.1,0.09,Open Ended,2021-04-07,Nifty 5 yr Benchmark G-Sec Index TRI,58.83,58.83,54.26,0.51,1.28,4.56,8.37,8.08,6.04,,,0.0,50.0,156243.5,55.18,14.37,15.24,Not Applicable,4.49,3.67,6.82,2.34,3.28,6.03,0.64,1.3,Debt : ETFs,,4.0
Nippon India ETF Nifty 50 BeES,Himanshu Mange,EQ-ETF,Unrated,36146.0,0.04,Open Ended,2001-12-28,NIFTY 50 - TRI,270.1,292.32,234.69,-1.61,-7.82,-1.24,10.41,16.5,12.93,15.71,12.3,17.0,50.0,555824.0,98.71,1.25,15.24,Financials,1.0,,,2.32,0.5,0.76,0.99,13.91,Equity : ETFs,Nil,24.0
Nippon India ETF Nifty 50 Shariah BeES,Himanshu Mange,EQ-ETF,Unrated,28.9,0.96,Open Ended,2009-03-18,Nifty50 Shariah - TRI,544.35,601.34,475.1,-1.2,-10.21,2.2,8.86,14.32,5.7,16.22,11.44,69.0,18.0,358962.0,96.33,3.01,15.24,Technology,,,,2.55,0.44,0.83,0.71,13.28,Equity : ETFs,Nil,16.0
Nippon India ETF Nifty 50 Value 20,Himanshu Mange,EQ-ETF,Unrated,221.5,0.26,Open Ended,2015-06-18,Nifty50 Value 20 - TRI,157.48,167.32,129.88,-1.85,-6.85,2.93,16.98,23.88,16.07,21.78,,25.0,20.0,515687.0,98.28,1.63,15.24,Technology,,,,8.9,0.93,1.51,0.94,14.32,Equity : ETFs,,10.0
Nippon India ETF Nifty 8-13 yr G-Sec Long Term Gilt,Pranay Sinha,DT-ETF,Unrated,2294.9,0.1,Open Ended,2016-07-05,Nifty 8-13 yr G-Sec,27.17,27.2,24.76,0.41,1.05,4.87,9.56,8.68,5.98,6.0,,0.0,50.0,156243.5,55.18,14.37,15.24,Not Applicable,9.21,6.62,6.9,1.92,2.49,4.42,1.13,2.11,Debt : ETFs,,9.0
Nippon India ETF Nifty Bank BeES,Himanshu Mange,EQ-ETF,Unrated,7483.7,0.19,Open Ended,2004-05-27,NIFTY BANK - TRI,529.47,558.26,457.3,-1.94,-3.57,-2.73,6.55,10.03,13.99,9.83,10.79,41.0,12.0,538945.0,86.4,13.57,15.24,Financials,,,,-1.34,0.21,0.32,1.08,17.42,Equity : ETFs,Nil,21.0
Nippon India ETF Nifty CPSE Bond Plus SDL Sep 2024 50:50,Vivek Sharma,DT-ETF,Unrated,1018.7,0.2,Open Ended,2020-11-17,Nifty CPSE Bond Plus SDL Sep 2024 50:50 Index,124.47,124.47,118.14,0.55,1.74,3.59,7.19,7.16,5.33,,,0.0,50.0,156243.5,55.18,14.37,15.24,Not Applicable,,,6.63,3.1,10.75,21.66,0.02,0.29,Debt : ETFs,Nil,5.0
Nippon India ETF Nifty Dividend Opportunities 50,Himanshu Mange,EQ-ETF,Unrated,61.5,0.37,Open Ended,2014-04-15,Nifty Dividend Opportunities 50 - TRI,82.11,89.24,67.78,-2.73,-9.17,0.43,17.8,31.08,21.81,22.64,13.95,60.0,50.0,323589.0,86.88,11.46,1.53,Technology,,,,9.6,0.85,1.29,1.07,17.12,Equity : ETFs,Nil,11.0
Nippon India ETF Nifty India Consumption,Himanshu Mange,EQ-ETF,Unrated,129.3,0.31,Open Ended,2014-04-10,Nifty India Consumption - TRI,128.85,143.77,103.87,-0.18,-10.75,2.35,20.34,25.01,19.07,19.48,14.04,32.0,30.0,277646.0,92.08,7.86,15.24,FMCG,,,,11.79,1.17,2.14,0.74,12.99,Equity : ETFs,Nil,11.0
Nippon India ETF Nifty Infrastructure BeES,Himanshu Mange,EQ-ETF,Unrated,164.3,1.04,Open Ended,2010-10-04,Nifty Infrastructure - TRI,890.53,1002.14,754.97,-2.76,-11.15,-6.97,16.02,27.1,20.03,21.12,11.03,58.0,30.0,396097.0,87.8,12.01,15.24,Energy,,,,7.13,0.65,0.92,1.26,20.0,Equity : ETFs,Nil,15.0
Nippon India ETF Nifty IT,Himanshu Mange,EQ-ETF,Unrated,2626.8,0.22,Open Ended,2020-06-30,NIFTY IT - TRI,47.65,49.42,34.52,0.5,2.72,18.35,23.53,26.19,6.4,,,63.0,10.0,429541.0,83.83,16.14,15.24,Technology,,,,16.28,1.01,1.85,0.74,19.45,Equity : ETFs,,5.0
Nippon India ETF Nifty Midcap 150,Himanshu Mange,EQ-ETF,Unrated,1875.0,0.21,Open Ended,2019-01-31,Nifty Midcap 150 - TRI,220.43,231.06,173.69,1.57,-5.09,1.13,24.03,34.34,23.46,27.94,,52.0,150.0,58831.0,6.46,86.56,6.79,Financials,,,,15.42,1.13,1.63,0.96,17.53,Equity : ETFs,,6.0
Nippon India ETF Nifty Next 50 Junior BeES,Himanshu Mange,EQ-ETF,Unrated,5586.4,0.17,Open Ended,2003-02-21,NIFTY NEXT 50 - TRI,737.25,828.68,565.79,-3.41,-11.53,-5.18,28.4,28.46,18.47,19.99,14.48,59.0,50.0,143043.0,88.19,11.76,15.24,Financials,,,,18.14,1.16,1.69,1.14,20.14,Equity : ETFs,Nil,22.0
Nippon India ETF Nifty PSU Bank BeES,Himanshu Mange,EQ-ETF,Unrated,2724.8,0.49,Open Ended,2007-10-25,NIFTY PSU BANK - TRI,73.39,89.09,62.87,-3.97,-3.31,-10.65,14.01,23.38,38.46,20.95,4.48,48.0,12.0,188007.0,62.2,37.77,15.24,Financials,,,,7.64,0.49,0.71,1.48,29.96,Equity : ETFs,Nil,18.0
Nippon India ETF Nifty SDL Apr 2026 Top 20 Equal Weight,Vivek Sharma,DT-ETF,Unrated,5304.5,0.2,Open Ended,2021-03-30,Nifty SDL Apr 2026 Top 20 Equal Weight Index,126.79,126.79,117.55,0.55,1.59,3.79,7.86,7.48,5.75,,,0.0,50.0,156243.5,55.18,14.37,15.24,Not Applicable,1.14,1.05,6.99,3.38,6.84,16.09,0.12,0.55,Debt : ETFs,,4.0
Nippon India FHF-XLI-8-3654D(G),Amit Tripathi,DT-FMP,Unrated,62.5,1.08,Closed Ended,2019-04-26,CRISIL Dynamic Gilt Index,15.57,15.62,14.31,0.26,1.19,4.32,9.03,8.01,6.43,6.86,,18.0,50.0,156243.5,55.18,14.37,15.24,Not Applicable,,,,3.75,3.46,6.57,0.33,1.36,Debt : FTP/FMP,,6.0
Nippon India FHF-XLIII-1-1755D(IDCW),Vikash Agarwal,DT-FMP,Unrated,219.2,1.08,Closed Ended,2021-08-19,CRISIL Medium Duration Debt Index,12.06,12.06,11.17,0.54,1.54,3.85,7.91,7.48,5.76,,,18.0,50.0,156243.5,55.18,14.37,15.24,Not Applicable,,,,3.3,5.68,13.98,0.17,0.67,Debt : FTP/FMP,,4.0
Nippon India FHF-XLIII-5-2315D(G),Vikash Agarwal,DT-FMP,Unrated,169.0,1.08,Closed Ended,2022-03-03,CRISIL Medium to Long Term Debt Index,12.01,12.02,11.04,0.44,1.41,4.27,8.6,8.12,,,,18.0,50.0,156243.5,55.18,14.37,15.24,Not Applicable,,,,3.1,3.57,7.39,0.43,1.23,Debt : FTP/FMP,,3.0
Nippon India FHF-XLIV-1-1743D(G),Vikash Agarwal,DT-FMP,Unrated,71.8,1.08,Closed Ended,2022-09-21,NIFTY Medium to Long Duration Debt Index,11.88,11.88,10.96,0.54,1.51,4.0,8.39,7.74,,,,18.0,50.0,156243.5,55.18,14.37,15.24,Not Applicable,,,,3.28,5.29,11.8,0.3,0.79,Debt : FTP/FMP,,3.0
Nippon India FHF-XLIV-4-1223D(G),Vikash Agarwal,DT-FMP,Unrated,51.6,1.08,Closed Ended,2022-12-07,CRISIL Medium Duration Debt Index,11.52,11.52,10.7,0.64,1.61,3.86,7.72,7.28,,,,18.0,50.0,156243.5,55.18,14.37,15.24,Not Applicable,,,,2.95,5.3,11.65,0.23,0.69,Debt : FTP/FMP,,3.0
Nippon India FHF-XLV-4-1111D(G),Vikash Agarwal,DT-FMP,Unrated,110.9,1.08,Closed Ended,2023-03-31,CRISIL Medium Duration Debt Index,11.34,11.34,10.53,0.64,1.62,3.87,7.71,15.99,,,,18.0,50.0,156243.5,55.18,14.37,15.24,Not Applicable,,,,2.92,5.29,11.68,0.23,0.69,Debt : FTP/FMP,,2.0
Nippon India FHF-XLV-5-1158D(G),Vikash Agarwal,DT-FMP,Unrated,217.1,1.08,Closed Ended,2023-03-31,CRISIL Medium Duration Debt Index,11.59,11.59,10.66,0.67,2.08,4.25,8.71,15.99,,,,18.0,50.0,156243.5,55.18,14.37,15.24,Not Applicable,,,,4.23,9.16,19.05,0.14,0.5,Debt : FTP/FMP,,2.0
Nippon India Flexi Cap Fund-Reg(G),Meenakshi Dawar,EQ-FLEX,Unrated,8538.7,1.74,Open Ended,2021-08-13,NIFTY 500 - TRI,16.76,17.92,13.98,-0.29,-6.81,-1.15,15.88,24.58,15.67,,,8.0,101.0,141441.0,56.71,17.67,22.62,Financials,,,,7.13,0.79,1.14,0.97,15.16,Equity : Flexi Cap,Nil upto 10% of units and 1% for remaining investments on or before 12M Nil after 12M,4.0
Nippon India Floating Rate Fund(G),Vikash Agarwal,DT-FL,5,7723.1,0.6,Open Ended,2004-09-02,Nifty Short Duration Debt Index,43.2,43.2,39.95,0.55,1.68,4.15,8.18,7.67,6.36,6.79,7.23,0.0,50.0,156243.5,55.18,14.37,15.24,Not Applicable,3.67,2.8,7.61,3.6,8.32,17.24,0.17,0.49,Debt : Floater,Nil,21.0
Nippon India Focused Equity Fund(G),Vinay Sharma,EQ-FLEX,4,8411.7,1.85,Open Ended,2006-12-26,BSE 500 - TRI,116.13,126.48,99.86,-1.87,-8.19,-3.62,10.28,19.11,15.37,19.18,13.5,48.0,29.0,104647.0,47.96,21.83,20.21,Financials,,,,3.02,0.55,0.82,0.8,12.83,Equity : Flexi Cap,Nil upto 10% of units and 1% for remaining units on or before 12M Nil after 12M,19.0
Nippon India Gilt Securities Fund(G),Pranay Sinha,DT-GILT,3,2108.4,1.27,Open Ended,2008-08-22,Nifty All Duration G-Sec Index,36.66,36.77,33.59,0.3,0.14,3.81,8.92,7.71,5.79,5.94,7.68,0.0,50.0,156243.5,55.18,14.37,15.24,Not Applicable,21.39,9.46,7.05,0.73,1.93,3.34,1.3,2.38,Debt : Gilt,0.25% on or before 7D Nil after 7D,17.0
Nippon India Gold Savings Fund(G),Himanshu Mange,GOLD-MF,Unrated,2192.6,0.35,Open Ended,2011-03-07,Gold-India,29.89,31.02,24.18,0.06,1.1,6.08,19.32,16.6,15.44,13.05,9.57,93.0,50.0,156243.5,55.18,14.37,15.24,Not Applicable,,,,13.81,1.1,1.75,0.39,13.62,Gold : MFs,1% on or before for 15D Nil after 15D,14.0
Nippon India Growth Fund(G),Rupesh Patel,EQ-MID,4,34583.6,1.59,Open Ended,1995-10-08,Nifty Midcap 150 - TRI,4145.8,4280.44,3096.07,0.86,-4.23,4.28,26.62,37.86,26.51,29.02,18.33,18.0,97.0,63999.0,24.86,57.83,15.35,Financials,,,,17.09,1.28,1.87,0.95,17.12,Equity : Mid Cap,1% on or before 1M Nil after 1M,30.0
Nippon India Hybrid Bond Fund(G),Sushil Budhia,HY-DT(CO),1,831.5,1.9,Open Ended,2004-01-12,CRISIL Hybrid 85+15 - Conservative Index,55.02,55.05,50.85,0.27,0.35,3.03,7.82,9.07,7.65,4.63,5.44,0.0,48.0,556030.0,12.15,0.24,15.24,Financials,2.4,2.0,9.01,2.67,1.99,3.24,0.37,1.89,Hybrid : Debt Oriented (Conservative),Nil upto 10% of units and 1% for remaining units on or before 12M Nil after 12M,21.0
Nippon India Income Fund(G),Vivek Sharma,DT-M&LD,3,394.8,1.52,Open Ended,1998-01-01,NIFTY Medium to Long Duration Debt Index,86.16,86.27,79.53,0.3,0.44,3.73,8.18,7.42,6.04,5.86,6.83,0.0,50.0,156243.5,55.18,14.37,15.24,Not Applicable,11.74,6.57,7.03,0.78,1.99,3.41,1.05,1.97,Debt : Medium to Long Duration,0.25% on or before 15D Nil after 15D,27.0
Nippon India Index Fund-BSE Sensex Plan(G),Himanshu Mange,EQ-INDX,2,766.3,0.48,Open Ended,2010-09-28,BSE SENSEX - TRI,40.43,43.39,35.36,-1.68,-6.79,-1.03,9.32,15.01,11.76,14.58,11.42,20.0,30.0,684544.0,99.2,0.72,15.24,Financials,,,,0.93,0.43,0.66,1.0,13.89,Equity : Index Funds,Nil,15.0
Nippon India Index Fund-Nifty 50 Plan(G),Himanshu Mange,EQ-INDX,2,2036.2,0.42,Open Ended,2010-09-28,NIFTY 50 - TRI,40.76,44.16,35.6,-1.65,-7.92,-1.48,9.8,15.82,12.13,14.65,11.22,10.0,50.0,555827.0,98.69,1.25,15.24,Financials,,,,1.39,0.46,0.7,0.99,13.95,Equity : Index Funds,Nil,15.0
Nippon India Innovation Fund-Reg(G),Vinay Sharma,EQ-THEM,Unrated,2299.5,2.01,Open Ended,2023-08-28,NIFTY 500 - TRI,13.87,15.16,11.23,-1.16,-8.9,-3.57,20.23,15.99,,,,27.0,46.0,77954.0,46.11,24.67,26.92,Financials,,,,12.27,1.25,1.94,0.71,12.75,Equity : Thematic,1% on or before 1Y Nil after 1Y,2.0
Nippon India Inv-Annual-I(G),Vikash Agarwal,DT-FMP,Unrated,2.9,1.08,Interval,2007-05-03,CRISIL Short Term Bond Index,26.03,26.03,24.27,0.6,1.69,3.61,7.27,7.12,6.34,5.48,6.56,0.0,50.0,156243.5,55.18,14.37,15.24,Not Applicable,0.67,,,3.1,11.02,22.01,0.04,0.29,Debt : FTP/FMP,Nil,18.0
Nippon India Inv-Mthly-I(G),Vikash Agarwal,DT-FMP,Unrated,3.2,1.08,Interval,2007-03-15,CRISIL Liquid Debt Index,32.44,32.44,30.69,0.51,1.39,2.79,5.7,6.1,5.68,4.69,5.86,0.0,50.0,156243.5,55.18,14.37,15.24,Not Applicable,0.01,,,1.64,7.53,15.79,0.01,0.22,Debt : FTP/FMP,Nil,18.0
Nippon India Inv-Mthly-II(G),Vikash Agarwal,DT-FMP,Unrated,3.7,1.08,Interval,2007-03-29,CRISIL Liquid Debt Index,32.23,32.23,30.49,0.51,1.4,2.8,5.72,5.96,5.48,4.58,5.76,0.0,50.0,156243.5,55.18,14.37,15.24,Not Applicable,0.01,,,1.66,7.59,15.9,0.01,0.22,Debt : FTP/FMP,Nil,18.0
Nippon India Inv-Qrtly-I(G),Vikash Agarwal,DT-FMP,Unrated,2.8,1.08,Interval,2007-04-03,CRISIL Liquid Debt Index,33.0,33.0,31.02,0.51,1.39,2.78,6.41,6.3,5.96,4.55,5.84,0.0,50.0,156243.5,55.18,14.37,15.24,Not Applicable,,,,2.34,8.5,19.47,0.01,0.28,Debt : FTP/FMP,Nil,18.0
Nippon India Inv-Qrtly-II(G),Vikash Agarwal,DT-FMP,Unrated,30.8,1.08,Interval,2007-05-07,CRISIL Liquid Debt Index,34.93,34.93,32.55,0.61,1.69,3.45,7.31,7.23,6.55,5.32,6.44,0.0,50.0,156243.5,55.18,14.37,15.24,Not Applicable,0.1,,,3.25,11.3,23.63,0.01,0.29,Debt : FTP/FMP,Nil,18.0
Nippon India Inv-Qrtly-III(G),Vikash Agarwal,DT-FMP,Unrated,2.8,1.08,Interval,2007-06-06,CRISIL Liquid Debt Index,33.38,33.38,31.44,0.51,1.39,2.8,6.21,6.7,6.21,4.87,6.03,0.0,50.0,156243.5,55.18,14.37,15.24,Not Applicable,0.18,,,2.14,8.43,19.14,0.01,0.26,Debt : FTP/FMP,Nil,18.0
Nippon India Japan Equity Fund(G),Kinjal Desai,EQ-INTL,Unrated,267.1,2.45,Open Ended,2014-08-26,BSE 500 Japan - TRI,18.81,20.05,16.44,-0.57,-3.96,6.37,9.31,13.91,3.07,5.62,6.77,33.0,30.0,156243.5,55.18,14.37,15.24,,,,,5.09,0.38,0.61,0.31,19.54,Equity : International,1% on or before 1Y Nil after 1Y,11.0
Nippon India Large Cap Fund(G),Sailesh Raj Bhan,EQ-LC,2,35313.5,1.56,Open Ended,2007-08-08,BSE 100 - TRI,87.87,92.72,72.03,-0.71,-5.46,-0.02,18.51,25.84,20.98,19.42,13.99,17.0,71.0,327538.0,82.57,11.42,4.78,Financials,,,,9.5,1.01,1.47,0.98,14.35,Equity : Large Cap,1% on or before 7D Nil after 7D,18.0
Nippon India Liquid Fund(G),Vikash Agarwal,DT-LIQ,4,32107.8,0.32,Open Ended,2003-12-09,Nifty Liquid Fund Index,6160.81,6160.81,5741.49,0.59,1.73,3.52,7.32,7.14,6.35,5.29,6.32,0.0,50.0,156243.5,55.18,14.37,15.24,Not Applicable,0.15,0.14,7.19,0.73,9.58,5.42,0.88,0.08,Debt : Liquid,0.007% for Day 1 0.0065% on Day 2 0.0060% on Day 3 0.0055% on Day 4 0.0050% on Day 5 0.0045% on Day 6 NIL on or after 7D,22.0
Nippon India Low Duration Fund(G),Vivek Sharma,DT-LOWD,4,9003.8,0.94,Open Ended,2007-03-20,CRISIL Low Duration Debt Index,3602.12,3602.12,3355.83,0.63,1.78,3.67,7.38,7.05,6.09,5.91,6.75,0.0,50.0,156243.5,55.18,14.37,15.24,Not Applicable,1.19,0.92,7.7,3.15,10.32,20.31,0.06,0.32,Debt : Low Duration,Nil,18.0
Nippon India Money Market Fund(G),Vikash Agarwal,DT-MM,3,18195.8,0.39,Open Ended,2005-06-15,Nifty Money Market Index,3992.53,3992.53,3707.49,0.64,1.79,3.69,7.7,7.53,6.69,5.95,6.82,0.0,50.0,156243.5,55.18,14.37,15.24,Not Applicable,0.48,0.44,7.44,3.55,11.09,22.92,0.03,0.33,Debt : Money Market,Nil,20.0
Nippon India Multi Asset Allocation Fund-Reg(G),Ashutosh Bhargava,HY-MULTI,Unrated,4683.3,1.51,Open Ended,2020-08-28,BSE 500 - TRI,20.04,20.83,16.78,-0.62,-3.31,2.55,18.64,21.45,15.07,,,79.0,82.0,214506.0,40.12,8.79,4.47,Financials,3.33,2.61,7.13,9.22,1.4,2.05,1.63,10.01,Hybrid : Multi Asset Allocation,Nil upto 10% of units and 1% for remaining units on or before 12M Nil after 12M,5.0
Nippon India Multi Cap Fund(G),Sailesh Raj Bhan,EQ-MLC,3,39000.8,1.55,Open Ended,2005-03-28,Nifty500 Multicap 50:25:25 - TRI,293.56,308.99,227.8,-0.45,-5.38,0.32,25.97,32.46,26.23,24.19,14.63,19.0,117.0,98803.0,44.97,24.7,29.13,Financials,,,,16.33,1.38,2.0,0.91,15.14,Equity : Multi Cap,Nil upto 10% of units and 1% for remaining units on or before 12M Nil after 12M,20.0
Nippon India Nifty 50 Value 20 Index Fund-Reg(G),Himanshu Mange,EQ-INDX,Unrated,906.6,0.76,Open Ended,2021-02-19,Nifty50 Value 20 - TRI,19.53,20.78,16.19,-1.91,-6.99,2.62,16.37,23.25,15.42,,,36.0,20.0,515686.0,98.33,1.63,15.24,Technology,,,,8.04,0.89,1.45,0.94,14.37,Equity : Index Funds,Nil,4.0
Nippon India Nifty 500 Equal Weight Index Fund-Reg(G),Himanshu Mange,EQ-INDX,Unrated,410.4,0.95,Open Ended,2024-09-10,NIFTY500 Equal Weight - TRI,9.53,10.15,8.97,0.04,-6.67,3.25,11.97,15.99,,,,18.0,500.0,37528.0,18.77,28.65,52.44,Financials,,,,4.33,1.34,2.01,0.88,12.37,Equity : Index Funds,Nil,1.0
Nippon India Nifty 500 Momentum 50 Index Fund-Reg(G),Himanshu Mange,EQ-INDX,Unrated,552.3,0.93,Open Ended,2024-09-30,Nifty500 Momentum 50 - TRI,9.11,10.08,8.76,-3.19,-10.68,3.25,11.97,15.99,,,,18.0,50.0,127197.0,63.88,31.51,4.36,Capital Goods,,,,4.33,1.34,2.01,0.88,12.37,Equity : Index Funds,Nil,1.0
Nippon India Nifty AAA CPSE Bond Plus SDL - Apr 2027 Maturity 60:40 Index Fund(G),Vivek Sharma,DT-M&LD,Unrated,3560.9,0.32,Open Ended,2022-03-29,Nifty AAA CPSE Bond Plus SDL Apr 2027 60:40 Index,11.65,11.65,10.8,0.56,1.61,3.85,7.87,7.23,,,,0.0,50.0,156243.5,55.18,14.37,15.24,Not Applicable,1.97,1.75,7.28,3.18,6.84,15.04,0.2,0.55,Debt : Medium to Long Duration,Nil,3.0
Nippon India Nifty AAA PSU Bond Plus SDL - Sep 2026 Maturity 50:50 Index Fund-Reg(G),Vivek Sharma,DT-B&PSU,Unrated,445.7,0.36,Open Ended,2022-10-27,Nifty AAA PSU Bond Plus SDL Sep 2026 50:50 Index,11.67,11.67,10.84,0.58,1.62,3.77,7.68,7.19,,,,0.0,50.0,156243.5,55.18,14.37,15.24,Not Applicable,1.53,1.38,7.25,3.07,6.92,16.17,0.18,0.52,Debt : Banking & PSU,Nil,3.0
Nippon India Nifty Alpha Low Volatility 30 Index Fund(G),Himanshu Mange,EQ-INDX,Unrated,1163.3,0.87,Open Ended,2022-08-19,NIFTY Alpha Low-Volatility 30 - TRI,16.39,18.67,13.89,-1.88,-12.42,-3.06,16.65,27.35,,,,27.0,30.0,256536.0,86.91,12.98,15.24,Automobile and Ancillaries,,,,8.16,0.9,1.43,0.86,13.84,Equity : Index Funds,Nil,3.0
Nippon India Nifty Auto ETF,Himanshu Mange,EQ-ETF,Unrated,295.1,0.22,Open Ended,2022-01-24,NIFTY AUTO - TRI,245.0,281.74,185.94,-1.0,-14.58,-8.27,25.07,38.32,,,,64.0,15.0,195500.0,86.01,12.37,1.55,Automobile and Ancillaries,,,,15.62,1.09,1.79,0.98,18.59,Equity : ETFs,,3.0
Nippon India Nifty Auto Index Fund-Reg(G),Himanshu Mange,EQ-AUTO,Unrated,709.5,1.08,Open Ended,2024-12-04,NIFTY AUTO - TRI,10.17,10.17,9.55,0.31,-2.11,3.25,11.97,15.99,,,,18.0,50.0,156243.5,55.18,14.37,15.24,,,,,4.33,1.34,2.01,0.88,12.37,Equity : Sectoral - Auto,Nil,1.0
Nippon India Nifty Bank Index Fund-Reg(G),Himanshu Mange,EQ-INDX,Unrated,129.0,0.8,Open Ended,2024-02-22,NIFTY BANK - TRI,11.0,11.62,9.79,-1.98,-3.73,-3.05,11.97,15.99,,,,18.0,12.0,538946.0,86.21,13.54,15.24,Financials,,,,4.33,1.34,2.01,0.88,12.37,Equity : Index Funds,Nil,1.0
Nippon India Nifty G-Sec Jun 2036 Maturity Index Fund-Reg(G),Vivek Sharma,DT-GILT,Unrated,707.8,0.42,Open Ended,2022-12-19,Nifty G-Sec Jun 2036 Index,11.9,11.93,10.75,0.52,0.95,4.66,10.54,9.11,,,,0.0,50.0,156243.5,55.18,14.37,15.24,Not Applicable,11.33,7.61,6.99,2.27,2.42,4.13,1.3,2.53,Debt : Gilt,Nil,3.0
Nippon India Nifty G-Sec Oct 2028 Maturity Index Fund-Reg(G),Vivek Sharma,DT-M&LD,Unrated,118.4,0.37,Open Ended,2023-03-06,Nifty G-Sec Oct 2028 Index,11.54,11.54,10.7,0.53,1.37,4.05,7.93,15.99,,,,0.0,50.0,156243.5,55.18,14.37,15.24,Not Applicable,3.62,3.1,6.83,2.39,3.88,7.84,0.47,0.98,Debt : Medium to Long Duration,Nil,2.0
Nippon India Nifty G-Sec Sep 2027 Maturity Index Fund-Reg(G),Vivek Sharma,DT-GILT,Unrated,411.0,0.4,Open Ended,2022-12-06,Nifty G-Sec Sep 2027 Index,11.55,11.56,10.73,0.51,1.44,3.87,7.64,7.5,,,,0.0,50.0,156243.5,55.18,14.37,15.24,Not Applicable,2.56,2.23,6.8,2.52,4.55,9.33,0.34,0.78,Debt : Gilt,Nil,3.0
Nippon India Nifty IT Index Fund-Reg(G),Himanshu Mange,EQ-INDX,Unrated,149.2,0.88,Open Ended,2024-02-22,NIFTY IT - TRI,11.71,12.15,8.53,0.39,2.49,17.82,11.97,15.99,,,,18.0,10.0,429503.0,83.51,16.08,15.24,Technology,,,,4.33,1.34,2.01,0.88,12.37,Equity : Index Funds,Nil,1.0
Nippon India Nifty Midcap 150 Index Fund-Reg(G),Himanshu Mange,EQ-INDX,Unrated,1636.0,0.8,Open Ended,2021-02-19,Nifty Midcap 150 - TRI,24.22,25.44,19.21,1.51,-5.24,0.78,23.12,33.37,22.51,,,36.0,150.0,58832.0,6.46,86.58,6.8,Financials,,,,14.39,1.1,1.58,0.95,17.5,Equity : Index Funds,Nil,4.0
Nippon India Nifty Next 50 Junior BeES FoF-Reg(G),Himanshu Mange,FOF-DOM,Unrated,516.3,0.29,Open Ended,2019-03-08,NIFTY NEXT 50,25.49,28.52,19.62,-3.39,-11.3,-5.14,28.01,28.29,18.08,19.55,,18.0,50.0,156243.5,55.18,14.37,15.24,Not Applicable,,,,16.25,1.36,2.15,2.16,16.58,FoFs : Domestic,Nil,6.0
Nippon India Nifty Pharma ETF,Himanshu Mange,EQ-ETF,Unrated,840.6,0.21,Open Ended,2021-07-06,NIFTY PHARMA - TRI,24.0,24.25,17.42,5.46,0.67,19.03,39.65,37.6,18.89,,,53.0,20.0,120896.0,62.04,29.0,8.91,Healthcare,,,,28.95,2.11,4.0,0.45,14.72,Equity : ETFs,,4.0
Nippon India Nifty Realty Index Fund-Reg(G),Himanshu Mange,EQ-INDX,Unrated,709.5,1.08,Open Ended,2024-12-04,NIFTY REALTY - TRI,9.75,10.38,9.65,0.31,-2.11,3.25,11.97,15.99,,,,18.0,50.0,156243.5,55.18,14.37,15.24,,,,,4.33,1.34,2.01,0.88,12.37,Equity : Index Funds,Nil,1.0
Nippon India Nifty SDL Plus G-Sec - Jun 2029 Maturity 70:30 Index Fund-Reg(G),Vivek Sharma,DT-M&LD,Unrated,297.8,0.39,Open Ended,2023-02-20,Nifty SDL Plus G-Sec Jun 2029 70:30 Index,11.55,11.57,10.63,0.36,1.24,4.31,8.77,15.99,,,,0.0,50.0,156243.5,55.18,14.37,15.24,Not Applicable,4.26,3.53,7.04,3.33,3.97,7.47,0.4,1.14,Debt : Medium to Long Duration,Nil,2.0
Nippon India Nifty SDL Plus G-Sec-Jun 2028 Maturity 70:30 Index Fund-Reg(G),Vivek Sharma,DT-M&LD,Unrated,402.4,0.4,Open Ended,2022-11-24,Nifty SDL Plus G-Sec Jun 2028 70:30 Index,11.68,11.69,10.79,0.48,1.4,4.09,8.26,7.71,,,,0.0,50.0,156243.5,55.18,14.37,15.24,Not Applicable,3.18,2.72,7.03,2.92,4.31,9.2,0.38,0.94,Debt : Medium to Long Duration,Nil,3.0
Nippon India Nifty Smallcap 250 Index Fund-Reg(G),Himanshu Mange,EQ-INDX,Unrated,1961.6,0.94,Open Ended,2020-10-16,Nifty Smallcap 250 - TRI,34.79,36.07,26.21,0.99,-3.54,2.85,25.8,36.25,21.43,,,48.0,250.0,19550.0,55.18,8.0,91.94,Financials,,,,17.09,1.1,1.56,0.96,19.96,Equity : Index Funds,Nil,5.0
Nippon India Nivesh Lakshya Fund(G),Pranay Sinha,DT-LD,Unrated,9114.7,0.6,Open Ended,2018-07-06,CRISIL Long Duration Debt Index,17.19,17.25,15.4,0.49,0.09,4.05,11.36,9.13,6.87,6.85,,0.0,50.0,156243.5,55.18,14.37,15.24,Not Applicable,22.09,10.6,7.09,2.42,2.34,4.07,1.51,2.96,Debt : Long Duration,1% on or before 1M Nil after 1M,7.0
Nippon India Overnight Fund-Reg(G),Siddharth Deb,DT-ON,5,8439.0,0.16,Open Ended,2018-12-18,CRISIL Liquid Overnight Index,134.26,134.26,125.92,0.55,1.61,3.25,6.64,6.63,5.96,4.85,,0.0,50.0,156243.5,55.18,14.37,15.24,Not Applicable,0.01,,6.72,0.28,34.53,2.11,0.88,0.01,Debt : Overnight,Nil,7.0
Nippon India Passive Flexicap FoF-Reg(G),Ashutosh Bhargava,FOF-DOM,Unrated,237.4,0.58,Open Ended,2021-01-01,NIFTY 500 - TRI,20.57,22.09,17.34,-0.74,-7.39,-0.93,15.71,21.24,14.91,,,8.0,50.0,156243.5,55.18,14.37,15.24,Not Applicable,,,,5.95,0.95,1.54,1.9,12.12,FoFs : Domestic,Nil,4.0
Nippon India Pharma Fund(G),Sailesh Raj Bhan,EQ-PHRM,3,8638.2,1.81,Open Ended,2004-06-05,BSE Health Care - TRI,530.57,530.57,401.88,3.63,1.35,18.51,34.25,37.25,19.09,28.16,15.45,12.0,35.0,64699.0,37.95,31.59,27.39,Healthcare,,,,24.9,2.23,4.34,0.4,12.1,Equity : Sectoral - Pharma,1% on or before 1M Nil after 1M,21.0
Nippon India Power & Infra Fund(G),Rahul Modi,EQ-POWER,Unrated,7556.6,1.83,Open Ended,2004-05-08,Nifty Infrastructure - TRI,352.46,383.04,272.84,-1.95,-8.34,-6.3,27.0,41.96,31.06,29.5,16.39,32.0,51.0,113432.0,54.14,23.77,20.39,Capital Goods,,,,16.96,1.17,1.65,1.11,19.33,Equity : Sectoral - Energy / Power,1% on or before 1M Nil after 1M,21.0
Nippon India Quant Fund(G),Ashutosh Bhargava,EQ-THEM,Unrated,88.0,0.97,Open Ended,2008-04-18,BSE 200 - TRI,69.98,74.18,56.75,-0.86,-5.84,1.94,19.84,27.89,20.9,21.83,13.3,99.0,35.0,314088.0,80.42,15.81,1.63,Financials,,,,10.66,0.95,1.36,1.1,17.01,Equity : Thematic,0.25% on or before 1M Nil after 1M,17.0
Nippon India Retirement Fund-Income Generation(G),Pranay Sinha,HY-SOL,1,156.4,2.09,Open Ended,2015-02-11,CRISIL Hybrid 85+15 - Conservative Index,19.67,19.89,17.57,0.02,-1.22,2.74,11.29,10.71,7.76,7.59,,0.0,28.0,347593.0,16.09,2.64,1.34,Financials,17.72,9.36,7.04,2.09,1.64,2.55,1.61,4.21,Hybrid : Solution Oriented,Nil,10.0
Nippon India Retirement Fund-Wealth Creation(G),Pranay Sinha,HY-SOL,3,3336.5,1.92,Open Ended,2015-02-11,BSE 500 - TRI,29.18,30.67,23.38,-0.8,-5.42,1.0,20.6,26.56,17.75,16.4,,45.0,67.0,202904.0,67.7,14.97,16.67,Financials,0.08,0.07,6.28,8.57,1.07,1.53,2.7,15.39,Hybrid : Solution Oriented,Nil,10.0
Nippon India Short Term Fund(G),Sushil Budhia,DT-SD,4,7627.1,0.94,Open Ended,2002-12-18,CRISIL Short Duration Debt Index,50.44,50.44,46.73,0.63,1.61,4.13,7.96,7.38,5.97,6.33,7.01,0.0,50.0,156243.5,55.18,14.37,15.24,Not Applicable,3.64,2.84,7.62,3.0,6.18,12.74,0.3,0.63,Debt : Short Duration,Nil,23.0
Nippon India Silver ETF,Vikram Dhawan,GOLD-ETF,Unrated,5214.0,0.56,Open Ended,2022-02-04,Silver,84.94,96.17,68.01,-4.22,-4.98,-2.68,15.72,10.09,,,,35.0,50.0,156243.5,55.18,14.37,15.24,Not Applicable,,,,12.93,0.59,1.01,0.22,23.14,Gold : ETFs,,3.0
Nippon India Silver ETF FOF-Reg(G),Himanshu Mange,FOF-DOM,Unrated,497.7,0.58,Open Ended,2022-02-02,Silver,13.53,15.34,10.89,-3.61,-4.52,-2.33,14.96,11.32,,,,18.0,50.0,156243.5,55.18,14.37,15.24,Not Applicable,,,,10.94,0.56,0.98,0.8,23.76,FoFs : Domestic,1% on or before 15D Nil after 15D,3.0
Nippon India Small Cap Fund(G),Samir Rachh,EQ-SML,4,61646.4,1.43,Open Ended,2010-09-16,Nifty Smallcap 250 - TRI,176.93,183.53,132.83,-0.11,-3.88,1.86,26.36,37.45,26.47,34.89,21.87,22.0,225.0,23605.0,11.51,13.98,69.56,Capital Goods,,,,17.29,1.26,1.8,0.88,17.27,Equity : Small Cap,1% on or before 1Y Nil after 1Y,15.0
Nippon India Strategic Debt Fund(G),Sushil Budhia,DT-MD,2,117.4,1.07,Open Ended,2014-06-26,CRISIL Medium Duration Debt Index,14.8,14.8,13.66,0.6,1.56,4.2,8.34,7.64,5.75,1.18,3.34,0.0,50.0,156243.5,55.18,14.37,15.24,Not Applicable,4.71,3.41,8.12,2.92,5.08,10.31,0.42,0.83,Debt : Medium Duration,1% on or before 12M Nil after 12M,11.0
Nippon India Taiwan Equity Fund-Reg(G),Kinjal Desai,EQ-INTL,Unrated,358.1,2.43,Open Ended,2021-12-11,Taiwan Capitalization Weighted Stock Index,11.57,12.21,9.16,4.53,7.61,5.47,24.22,31.65,4.47,,,132.0,27.0,156243.5,55.18,14.37,15.24,,,,,21.47,0.8,1.27,0.42,29.55,Equity : International,1% on or before 3M Nil after 3M,4.0
Nippon India Ultra Short Duration Fund(G),Vivek Sharma,DT-USD,3,7783.3,1.12,Open Ended,2001-12-06,CRISIL Ultra Short Term Debt Index,3887.6,3887.6,3626.6,0.62,1.72,3.48,7.21,6.95,6.17,6.21,5.94,0.0,50.0,156243.5,55.18,14.37,15.24,Not Applicable,0.53,0.44,7.72,3.1,10.89,21.41,0.03,0.29,Debt : Ultra Short Duration,Nil,24.0
Nippon India US Equity Opp Fund(G),Kinjal Desai,EQ-INTL,Unrated,719.2,2.39,Open Ended,2015-07-23,Not Available,33.9,35.18,27.4,-0.72,5.44,7.66,21.25,26.61,9.13,14.2,,18.0,27.0,156243.5,55.18,14.37,15.24,,,,,16.53,1.24,2.02,0.16,13.89,Equity : International,1% on or before 1M Nil after 1M,10.0
Nippon India Value Fund(G),Dhrumil Shah,EQ-VAL,4,8535.6,1.85,Open Ended,2005-06-08,NIFTY 500 - TRI,226.13,238.76,179.36,0.41,-5.57,1.98,22.31,32.57,22.8,24.28,15.88,49.0,83.0,135260.0,53.05,22.77,21.43,Financials,,,,13.1,1.09,1.54,1.04,16.79,Equity : Value / Contra,Nil upto 10% of units and 1% for remaining units on or before 12M Nil after 12M,20.0
Nippon India Vision Fund(G),Amar Kalkundrikar,EQ-L&M,3,5546.2,1.96,Open Ended,1995-10-08,NIFTY LargeMidcap 250 - TRI,1453.47,1504.57,1123.64,0.45,-4.04,2.8,26.13,30.82,20.77,21.43,12.68,106.0,77.0,166506.0,54.81,41.93,1.94,Financials,,,,16.05,1.37,2.03,0.96,15.21,Equity : Large & Mid Cap,Nil upto 10% of units and 1% for remaining units on or before 12M Nil after 12M,30.0
NJ Balanced Advantage Fund-Reg(G),Viral Shah,HY-EQ,Unrated,3988.5,1.89,Open Ended,2021-10-29,NIFTY 50 Hybrid Composite Debt 50:50 Index,13.59,14.64,12.21,-0.52,-6.64,-1.24,10.21,16.73,10.85,,,482.0,83.0,156218.0,42.2,17.27,7.77,Energy,0.17,0.17,6.56,2.12,0.68,1.02,1.39,9.11,Hybrid : Equity Oriented,Nil upto 5% of units and 1% for remaining units on or before 30D Nil after 30D,4.0
NJ ELSS Tax Saver Scheme-Reg(G),Viral Shah,EQ-ELSS,Unrated,250.7,2.31,Open Ended,2023-06-16,NIFTY 500 - TRI,14.88,16.24,12.78,1.72,-8.7,-0.54,14.82,15.99,,,,103.0,25.0,49657.0,15.27,57.23,26.94,Healthcare,,,,6.68,0.72,1.13,0.83,14.98,Equity : Tax Saving (ELSS),Nil,2.0
NJ Flexi Cap Fund-Reg(G),Dhaval Patel,EQ-FLEX,Unrated,1966.5,2.03,Open Ended,2023-09-05,NIFTY 500 - TRI,13.98,16.13,12.01,-1.36,-12.39,-4.7,14.06,15.99,,,,120.0,50.0,105429.0,55.28,29.71,13.84,Healthcare,,,,5.9,0.63,0.93,0.96,17.17,Equity : Flexi Cap,Nil upto 5% of units and 1% for remaining units on or before 30D Nil after 30D,2.0
Old Bridge Focused Equity Fund-Reg(G),Tarang Agrawal,EQ-FLEX,Unrated,1015.5,2.26,Open Ended,2024-01-24,BSE 500 - TRI,11.82,12.9,9.4,-1.26,-7.7,3.43,11.97,15.99,,,,18.0,23.0,49620.0,32.37,16.64,41.53,Healthcare,,,,4.33,1.34,2.01,0.88,12.37,Equity : Flexi Cap,1% on or before 365D Nil after 365D,1.0
Parag Parikh Arbitrage Fund-Reg(G),Rajeev Thakkar,HY-ARB,Unrated,1116.2,0.65,Open Ended,2023-11-02,Nifty 50 Arbitrage - TRI,10.86,10.86,10.12,0.63,1.84,3.44,7.32,15.99,,,,0.0,105.0,184863.0,47.81,16.7,4.73,Financials,0.36,0.33,7.16,3.43,3.06,6.46,-0.08,1.04,Hybrid : Arbitrage,0.25% on or before 30D Nil after 30D,2.0
Parag Parikh Conservative Hybrid Fund-Reg(G),Rajeev Thakkar,HY-DT(CO),Unrated,2315.4,0.64,Open Ended,2021-05-26,CRISIL Hybrid 85+15 - Conservative Index,14.34,14.38,12.78,0.09,-0.02,3.98,12.47,13.04,11.23,,,0.0,15.0,131973.0,7.95,2.52,2.04,Energy,3.88,3.11,7.26,6.3,2.57,4.02,0.65,3.22,Hybrid : Debt Oriented (Conservative),Nil upto 10% of units For remaining units 1% on or before 365D and Nil after 365D,4.0
Parag Parikh Dynamic Asset Allocation Fund-Reg(G),Rajeev Thakkar,HY-DYN,Unrated,1384.8,0.62,Open Ended,2024-02-27,CRISIL Hybrid 50+50 - Moderate Index,10.88,10.89,9.95,0.3,0.2,3.87,11.97,15.99,,,,0.0,53.0,170598.0,25.65,5.65,5.09,Energy,4.09,3.22,7.27,4.33,1.34,2.01,0.88,12.37,Hybrid : Dynamic Asset Allocation,Nil upto 10% of units and 1% for remaining units on or before 1Y Nil after 1Y,1.0
Parag Parikh ELSS Tax Saver Fund-Reg(G),Rajeev Thakkar,EQ-ELSS,Unrated,4385.2,1.72,Open Ended,2019-07-24,NIFTY 500 - TRI,30.97,32.02,25.24,0.74,-3.4,5.82,20.45,24.66,17.88,23.15,,15.13,29.0,271063.0,69.63,3.9,7.84,Financials,,,,12.12,1.37,2.1,0.74,11.53,Equity : Tax Saving (ELSS),Nil,6.0
Parag Parikh Flexi Cap Fund-Reg(G),Rajeev Thakkar,EQ-FLEX,5,84640.6,1.33,Open Ended,2013-05-28,NIFTY 500 - TRI,80.99,82.67,65.14,1.3,-0.96,6.22,23.92,30.15,16.31,24.75,17.46,22.07,64.0,316360.0,59.71,3.87,3.26,Financials,,,,15.22,1.69,2.6,0.68,11.07,Equity : Flexi Cap,Nil upto 10% of units. For remaining units 2% on or before 365D 1% after 365D but on or before 730D Nil after 730D,12.0
Parag Parikh Liquid Fund-Reg(G),Raj Mehta,DT-LIQ,3,2360.7,0.26,Open Ended,2018-05-11,CRISIL Liquid Debt Index,1402.91,1402.91,1312.03,0.56,1.66,3.37,6.95,6.76,6.02,4.95,,0.0,50.0,156243.5,55.18,14.37,15.24,Not Applicable,0.13,0.12,6.84,0.48,10.19,3.6,0.88,0.05,Debt : Liquid,0.007% for Day 1 0.0065% on Day 2 0.0060% on Day 3 0.0055% on Day 4 0.0050% on Day 5 0.0045% on Day 6 NIL on or after 7D,7.0
PGIM India Arbitrage Fund-Reg(G),Chetan Chavan,HY-ARB,2,90.1,1.09,Open Ended,2014-08-27,Nifty 50 Arbitrage,17.78,17.78,16.63,0.55,1.67,3.32,7.01,6.83,5.8,4.95,5.62,100.0,27.0,224420.0,53.75,10.71,2.44,Energy,0.02,0.02,7.11,2.9,2.84,6.14,-0.02,1.0,Hybrid : Arbitrage,0.25% on or before 30D Nil after 30D,11.0
PGIM India Balanced Advantage Fund-Reg(G),Utsav Mehta,HY-DYN,Unrated,1037.5,2.17,Open Ended,2021-02-04,CRISIL Hybrid 50+50 - Moderate Index,14.83,15.49,13.12,-0.88,-4.43,0.34,10.54,13.2,9.17,,,50.0,60.0,329682.0,54.57,9.23,4.57,Financials,10.13,5.68,7.07,1.92,0.72,1.09,1.53,8.84,Hybrid : Dynamic Asset Allocation,0.50% on or before 90D Nil after 90D,4.0
PGIM India Corp Bond Fund(G),Puneet Pal,DT-CORP,Unrated,95.3,1.01,Open Ended,2003-01-30,CRISIL Composite Bond Index,41.3,41.3,38.38,0.47,1.33,3.93,7.59,6.99,5.68,6.1,6.45,0.0,50.0,156243.5,55.18,14.37,15.24,Not Applicable,4.78,3.46,7.35,2.37,4.63,9.21,0.38,0.76,Debt : Corporate Bond,Nil,22.0
PGIM India CRISIL IBX Gilt Index - Apr 2028 Fund-Reg(G),Puneet Pal,DT-M&LD,Unrated,27.9,0.41,Open Ended,2023-02-22,CRISIL IBX Gilt Index - April 2028,11.51,11.51,10.69,0.57,1.39,3.96,7.74,15.99,,,,0.0,50.0,156243.5,55.18,14.37,15.24,Not Applicable,3.06,2.61,6.86,2.37,4.04,8.53,0.42,0.9,Debt : Medium to Long Duration,Nil,2.0
PGIM India Dynamic Bond Fund(G),Puneet Pal,DT-DYN,3,105.8,1.64,Open Ended,2012-01-12,CRISIL Dynamic Bond Index,2528.03,2534.56,2315.77,0.22,0.39,3.75,8.98,7.45,5.72,5.61,7.03,0.0,50.0,156243.5,55.18,14.37,15.24,Not Applicable,13.2,7.34,6.99,1.13,2.12,3.83,1.19,2.21,Debt : Dynamic Bond,Nil,13.0
PGIM India ELSS Tax Saver Fund-Reg(G),Sharma Vivek,EQ-ELSS,4,769.5,2.25,Open Ended,2015-12-11,NIFTY 500 - TRI,34.98,36.17,28.8,1.5,-2.79,2.86,16.49,18.36,13.75,18.68,,41.0,61.0,200663.0,59.01,21.72,14.49,Financials,,,,7.89,0.94,1.42,0.84,12.98,Equity : Tax Saving (ELSS),Nil,10.0
PGIM India Emerging Markets Equity Fund(G),Chetan Gindodia,FOF-OVR,Unrated,95.4,2.38,Open Ended,2007-09-11,MSCI Emerging Market Index,15.49,16.08,12.38,2.24,2.38,6.61,20.64,17.55,-3.78,1.04,2.69,98.0,50.0,156243.5,55.18,14.37,15.24,Not Applicable,,,,12.9,1.11,1.84,1.42,15.36,FoFs : Overseas,0.50% on or before 90D Nil after 90D,18.0
PGIM India Equity Savings Fund(G),Anandha Padmanabhan Anjeneyan,HY-EQ,1,83.0,1.32,Open Ended,2004-02-05,NIFTY 50 Equity Savings Index,47.67,47.78,44.22,0.39,0.18,2.49,7.43,7.85,6.31,7.21,7.77,36.0,41.0,381438.0,64.5,5.6,0.38,Financials,3.44,2.55,6.8,2.09,1.41,2.45,0.37,2.26,Hybrid : Equity Oriented,Nil,21.0
PGIM India Flexi Cap Fund-Reg(G),Anandha Padmanabhan Anjeneyan,EQ-FLEX,5,6354.3,1.78,Open Ended,2015-03-04,NIFTY 500 - TRI,35.83,37.82,29.8,0.74,-4.89,2.4,16.42,18.39,9.7,20.53,,56.0,62.0,194798.0,62.23,24.32,11.06,Financials,,,,7.69,0.88,1.33,0.88,13.76,Equity : Flexi Cap,0.50% on or before 90D Nil after 90D,10.0
PGIM India Gilt Fund(G),Puneet Pal,DT-GILT,2,116.5,1.49,Open Ended,2008-10-27,CRISIL Dynamic Gilt Index,29.08,29.18,26.63,0.19,0.07,3.65,8.96,7.68,5.67,5.75,6.86,0.0,50.0,156243.5,55.18,14.37,15.24,Not Applicable,16.76,8.49,6.99,0.43,1.76,3.1,1.4,2.62,Debt : Gilt,Nil,17.0
PGIM India Global Equity Opp Fund(G),Chetan Gindodia,FOF-OVR,Unrated,1356.5,2.38,Open Ended,2010-05-13,MSCI AC World Index,43.17,45.4,33.64,-0.74,1.15,2.98,23.98,31.41,4.62,16.12,10.31,187.0,1.0,156243.5,55.18,14.37,15.24,Not Applicable,,,,19.03,1.16,1.92,0.46,17.62,FoFs : Overseas,0.50% on or before 90D Nil after 90D,15.0
PGIM India Global Select Real Estate Securities FoF-Reg(G),Chetan Gindodia,FOF-OVR,Unrated,54.2,2.12,Open Ended,2021-12-03,FTSE EPRA/NAREIT Developed Index,10.35,11.12,9.08,-5.99,-6.76,8.04,7.81,9.61,-0.73,,,18.0,50.0,156243.5,55.18,14.37,15.24,Not Applicable,,,,0.98,0.37,0.58,1.27,12.9,FoFs : Overseas,0.50% on or before 90D Nil after 90D,4.0
PGIM India Healthcare Fund-Reg(G),Anandha Padmanabhan Anjeneyan,EQ-PHRM,Unrated,709.5,1.08,Open Ended,2024-12-06,BSE Health Care - TRI,10.22,10.22,9.91,0.31,-2.11,3.25,11.97,15.99,,,,18.0,50.0,156243.5,55.18,14.37,15.24,,,,,4.33,1.34,2.01,0.88,12.37,Equity : Sectoral - Pharma,0.50% on or before 90D Nil after 90D,1.0
PGIM India Hybrid Equity Fund(G),Sharma Vivek,HY-EQ,3,212.3,2.33,Open Ended,2004-02-05,CRISIL Hybrid 35+65 - Aggressive Index,126.37,129.86,108.5,0.76,-1.17,2.45,15.06,15.99,8.98,12.06,8.59,30.0,39.0,278525.0,46.57,11.92,8.35,Financials,10.57,6.05,7.0,5.85,1.05,1.65,1.6,9.99,Hybrid : Equity Oriented,0.50% on or before 90D Nil after 90D,21.0
PGIM India Large and Mid Cap Fund(G),Vinay Paharia,EQ-L&M,Unrated,597.2,2.34,Open Ended,2024-02-12,NIFTY LargeMidcap 250 - TRI,12.21,12.67,9.93,1.34,-3.21,3.16,11.97,15.99,,,,18.0,64.0,189318.0,53.94,35.77,4.86,Financials,,,,4.33,1.34,2.01,0.88,12.37,Equity : Large & Mid Cap,0.50% on or before 90D Nil after 90D,1.0
PGIM India Large Cap Fund(G),Anandha Padmanabhan Anjeneyan,EQ-LC,1,593.5,2.38,Open Ended,2003-01-30,NIFTY 100 - TRI,332.7,359.62,291.88,-0.2,-7.05,-0.6,10.36,15.25,10.69,13.04,10.5,49.0,43.0,410708.0,87.02,10.23,15.24,Financials,,,,1.92,0.5,0.75,0.91,13.14,Equity : Large Cap,0.50% on or before 90D Nil after 90D,22.0
PGIM India Liquid Fund(G),Bhupesh Kalyani,DT-LIQ,3,450.8,0.22,Open Ended,2007-09-04,CRISIL Liquid Debt Index,328.57,328.57,306.25,0.6,1.75,3.54,7.31,7.15,6.38,5.3,6.34,0.0,50.0,156243.5,55.18,14.37,15.24,Not Applicable,0.11,0.11,7.03,0.71,9.49,5.34,0.88,0.08,Debt : Liquid,0.007% for Day 1 0.0065% on Day 2 0.0060% on Day 3 0.0055% on Day 4 0.0050% on Day 5 0.0045% on Day 6 NIL on or after 7D,18.0
PGIM India Midcap Opp Fund-Reg(G),Sharma Vivek,EQ-MID,5,11092.7,1.7,Open Ended,2013-12-02,Nifty Midcap 150 - TRI,64.91,67.39,51.23,2.25,-3.6,2.29,21.66,21.44,13.41,28.56,15.98,41.0,77.0,70480.0,24.94,60.19,10.77,Financials,,,,12.75,1.16,1.83,0.81,14.54,Equity : Mid Cap,0.50% on or before 90D Nil after 90D,12.0
PGIM India Money Market Fund-Reg(G),Puneet Pal,DT-MM,Unrated,170.8,0.46,Open Ended,2020-03-06,CRISIL Money Market Index,1278.45,1278.45,1192.71,0.6,1.7,3.52,7.21,7.15,6.23,,,0.0,50.0,156243.5,55.18,14.37,15.24,Not Applicable,0.35,0.33,7.15,3.1,9.72,20.8,0.03,0.33,Debt : Money Market,Nil,5.0
PGIM India Multi Cap Fund-Reg(G),Sharma Vivek,EQ-MLC,Unrated,341.1,2.39,Open Ended,2024-09-10,Nifty500 Multicap 50:25:25 - TRI,9.75,10.21,9.15,0.73,-5.13,3.25,11.97,15.99,,,,2.0,76.0,102130.0,47.07,20.92,28.52,Financials,,,,4.33,1.34,2.01,0.88,12.37,Equity : Multi Cap,0.50% on or before 90D Nil after 90D,1.0
PGIM India Overnight Fund-Reg(G),Bhupesh Kalyani,DT-ON,Unrated,74.0,0.15,Open Ended,2019-08-27,Nifty 1D Rate Index,1292.37,1292.37,1211.9,0.55,1.62,3.25,6.66,6.62,5.96,4.89,,0.0,50.0,156243.5,55.18,14.37,15.24,Not Applicable,,,6.67,0.3,18.15,2.19,0.88,0.02,Debt : Overnight,Nil,6.0
PGIM India Retirement Fund-Reg(G),Vinay Paharia,HY-SOL,Unrated,73.4,2.31,Open Ended,2024-04-15,BSE 500 - TRI,11.9,12.31,9.9,0.86,-2.89,4.72,11.97,15.99,,,,14.0,77.0,120668.0,45.09,24.64,27.3,Financials,,,,4.33,1.34,2.01,0.88,12.37,Hybrid : Solution Oriented,Nil,1.0
PGIM India Small Cap Fund-Reg(G),Utsav Mehta,EQ-SML,Unrated,1558.1,2.07,Open Ended,2021-07-29,Nifty Smallcap 250 - TRI,16.31,16.95,12.53,-0.49,-3.81,4.26,20.16,22.46,12.51,,,51.0,65.0,17220.0,55.18,12.01,83.38,FMCG,,,,12.45,1.05,1.63,0.68,15.12,Equity : Small Cap,0.50% on or before 90D Nil after 90D,4.0
PGIM India Ultra Short Duration Fund(G),Puneet Pal,DT-USD,4,241.3,0.92,Open Ended,2008-07-04,CRISIL Ultra Short Term Debt Index,32.93,32.93,30.82,0.58,1.63,3.32,6.84,6.68,5.89,5.3,7.21,0.0,50.0,156243.5,55.18,14.37,15.24,Not Applicable,0.35,0.32,7.27,2.72,9.29,19.41,0.03,0.3,Debt : Ultra Short Duration,Nil,17.0
Quant Absolute Fund(G),Sanjeev Sharma,HY-EQ,5,2198.8,2.04,Open Ended,2001-03-20,NIFTY 50 Hybrid Composite Debt 65:35 Index,402.63,449.31,361.82,-2.97,-10.36,-7.61,10.46,13.51,13.61,23.26,14.91,244.0,17.0,356058.0,72.33,14.37,0.98,Financials,,,,2.44,0.53,0.8,1.68,13.81,Hybrid : Equity Oriented,1% on or before 15D Nil after 15D,24.0
Quant Active Fund(G),Ankit Pande,EQ-MLC,5,10613.9,1.73,Open Ended,2001-03-20,NIFTY 500 - TRI,650.34,731.25,573.02,-2.5,-9.76,-9.35,12.04,18.48,16.09,28.19,18.42,206.0,53.0,87995.0,41.84,25.49,28.92,Financials,103.0,,,4.59,0.52,0.74,1.02,18.73,Equity : Multi Cap,1% on or before 15D Nil after 15D,24.0
Quant BFSI Fund-Reg(G),Sandeep Tandon,EQ-FIN,Unrated,626.2,2.34,Open Ended,2023-06-20,Nifty Financial Services - TRI,15.93,17.86,13.78,0.69,-10.76,-8.75,13.13,15.99,,,,526.0,17.0,76882.0,44.23,5.85,41.51,Financials,,,,5.57,0.54,0.78,1.08,20.45,Equity : Sectoral - Financial Services,1% on or before 15D Nil after 15D,2.0
Quant Business Cycle Fund-Reg(G),Sandeep Tandon,EQ-THEM,Unrated,1537.3,2.06,Open Ended,2023-05-30,NIFTY 500 - TRI,17.0,19.42,14.11,-3.37,-12.08,-2.95,19.73,15.99,,,,342.0,29.0,85068.0,49.71,9.49,36.95,Healthcare,,,,11.14,0.84,1.24,1.03,19.35,Equity : Thematic,1% on or before 15D Nil after 15D,2.0
Quant Commodities Fund-Reg(G),Ankit Pande,EQ-THEM,Unrated,446.2,2.43,Open Ended,2023-12-27,NIFTY COMMODITIES - TRI,13.97,15.34,9.78,-0.65,-9.53,4.65,37.43,15.99,,,,452.0,16.0,45776.0,31.05,4.48,55.98,Chemicals,,,,25.7,1.32,2.0,1.12,23.71,Equity : Thematic,1% on or before 15D Nil after 15D,2.0
Quant Consumption Fund-Reg(G),Sandeep Tandon,EQ-CONS,Unrated,337.7,2.41,Open Ended,2024-01-24,Nifty India Consumption - TRI,10.64,12.03,9.84,-3.92,-11.59,-5.2,11.97,15.99,,,,348.0,17.0,49752.0,44.3,24.06,24.66,FMCG,,,,4.33,1.34,2.01,0.88,12.37,Equity : Thematic - Consumption,1% on or before 15D Nil after 15D,1.0
Quant Dynamic Asset Allocation Fund-Reg(G),Sandeep Tandon,HY-DYN,Unrated,1341.1,2.12,Open Ended,2023-04-12,NIFTY 50 Hybrid Composite Debt 50:50 Index,16.28,17.6,13.38,-0.91,-7.2,-3.78,20.15,15.99,,,,378.0,18.0,259036.0,76.52,1.81,9.15,Financials,,,,10.96,1.06,1.63,1.83,15.4,Hybrid : Dynamic Asset Allocation,1% on or before 15D Nil after 15D,2.0
Quant ELSS Tax Saver Fund(G),Ankit Pande,EQ-ELSS,5,10799.0,1.71,Open Ended,2000-04-13,NIFTY 500 - TRI,358.74,416.78,322.26,-3.96,-13.76,-11.45,9.31,19.78,17.53,30.47,20.24,137.0,36.0,233530.0,85.26,5.38,5.9,Energy,,,,1.81,0.39,0.56,1.02,17.92,Equity : Tax Saving (ELSS),Nil,25.0
Quant ESG Equity Fund-Reg(G),Ankit Pande,EQ-THEM,Unrated,312.3,2.42,Open Ended,2020-11-05,NIFTY100 ESG - TRI,33.2,37.75,28.19,-4.27,-11.36,-3.92,17.2,21.73,19.91,,,503.0,19.0,118781.0,54.39,12.93,26.43,Financials,,,,9.53,0.88,1.33,0.86,15.8,Equity : Thematic,1% on or before 15D Nil after 15D,5.0
Quant Flexi Cap Fund(G),Ankit Pande,EQ-FLEX,5,7331.4,1.78,Open Ended,2008-09-23,NIFTY 500 - TRI,97.72,111.94,83.77,-2.09,-12.97,-9.59,14.79,22.82,19.15,31.57,18.35,299.0,34.0,220915.0,74.52,5.69,13.77,Financials,,,,7.41,0.71,1.03,0.99,17.53,Equity : Flexi Cap,1% on or before 15D Nil after 15D,17.0
Quant Focused Fund(G),Ankit Pande,EQ-LC,Unrated,1117.9,2.18,Open Ended,2008-08-01,NIFTY 500 - TRI,86.54,97.22,75.72,-2.35,-11.36,-6.43,12.11,21.01,17.2,21.74,15.53,453.0,17.0,339011.0,87.11,14.37,4.32,Financials,,,,4.59,0.58,0.9,0.93,15.98,Equity : Large Cap,1% on or before 15D Nil after 15D,17.0
Quant Gilt Fund-Reg(G),Sanjeev Sharma,DT-GILT,Unrated,125.5,1.41,Open Ended,2022-12-21,CRISIL Dynamic Gilt Index,11.44,11.44,10.61,0.49,1.09,3.69,7.58,6.84,,,,0.0,50.0,156243.5,55.18,14.37,15.24,Not Applicable,8.64,4.84,6.92,1.81,3.48,7.32,0.52,0.97,Debt : Gilt,Nil,3.0
Quant Healthcare Fund-Reg(G),Sandeep Tandon,EQ-PHRM,Unrated,439.6,2.39,Open Ended,2023-07-17,Nifty India Consumption - TRI,16.12,17.63,12.4,-1.83,-7.2,7.28,30.19,15.99,,,,223.0,21.0,16782.0,15.7,17.86,65.41,Healthcare,,,,21.8,1.4,2.2,0.69,18.03,Equity : Sectoral - Pharma,1% on or before 15D Nil after 15D,2.0
Quant Infrastructure Fund(G),Ankit Pande,EQ-INFRA,5,3585.3,1.9,Open Ended,2007-08-26,Nifty Infrastructure - TRI,39.61,44.31,31.72,-0.66,-8.54,-9.14,22.96,27.97,23.42,35.06,18.74,269.0,24.0,100456.0,59.16,4.66,31.37,Energy,,,,14.39,0.92,1.35,1.2,22.18,Equity : Sectoral - Infrastructure,0.50% on or before 3M Nil after 3M,18.0
Quant Large & Mid Cap Fund(G),Ankit Pande,EQ-L&M,Unrated,3692.7,1.9,Open Ended,2006-12-11,NIFTY LargeMidcap 250 - TRI,119.19,132.04,99.2,-0.75,-9.99,-7.93,18.31,25.61,21.53,25.64,18.02,262.0,31.0,166721.0,53.5,37.8,2.64,FMCG,,,,9.88,0.83,1.21,0.99,17.94,Equity : Large & Mid Cap,1% on or before 15D Nil after 15D,19.0
Quant Large Cap Fund-Reg(G),Sandeep Tandon,EQ-LC,Unrated,2543.3,1.93,Open Ended,2022-08-10,NIFTY 100 - TRI,14.99,16.38,12.8,-1.72,-9.07,-3.88,14.31,21.42,,,,446.0,27.0,238588.0,79.17,5.91,8.92,Financials,,,,6.88,0.72,1.11,0.9,15.75,Equity : Large Cap,1% on or before 15D Nil after 15D,3.0
Quant Liquid Plan(G),Sanjeev Sharma,DT-LIQ,5,1845.3,0.52,Open Ended,2005-09-29,CRISIL Liquid Debt Index,39.97,39.97,37.34,0.59,1.73,3.46,7.06,6.87,6.17,5.47,6.5,0.0,50.0,156243.5,55.18,14.37,15.24,Not Applicable,0.13,0.12,7.38,1.51,10.21,12.32,0.88,0.15,Debt : Liquid,0.007% for Day 1 0.0065% on Day 2 0.0060% on Day 3 0.0055% on Day 4 0.0050% on Day 5 0.0045% on Day 6 NIL on or after 7D,20.0
Quant Manufacturing Fund-Reg(G),Sandeep Tandon,EQ-THEM,Unrated,1007.0,2.22,Open Ended,2023-08-14,Nifty India Manufacturing - TRI,15.7,17.81,12.38,-2.62,-12.34,-6.0,23.97,15.99,,,,342.0,29.0,46211.0,39.85,7.66,50.71,Chemicals,,,,14.89,0.99,1.49,1.02,20.14,Equity : Thematic,1% on or before 15D Nil after 15D,2.0
Quant Mid Cap Fund(G),Ankit Pande,EQ-MID,5,8941.2,1.75,Open Ended,2001-02-26,Nifty Midcap 150 - TRI,225.37,253.48,187.92,-0.49,-9.92,-9.57,19.22,26.94,24.04,32.2,18.12,228.0,27.0,91634.0,17.32,69.88,3.88,Energy,,,,11.04,0.83,1.21,1.01,19.34,Equity : Mid Cap,0.50% on or before 3M Nil after 3M,24.0
Quant Momentum Fund-Reg(G),Sandeep Tandon,EQ-THEM,Unrated,2056.8,2.08,Open Ended,2023-11-20,NIFTY 500 - TRI,14.34,16.24,11.44,-3.03,-11.92,-9.16,24.27,15.99,,,,520.0,23.0,224154.0,70.26,9.66,13.57,Financials,,,,15.3,1.07,1.58,1.05,19.27,Equity : Thematic,1% on or before 15D Nil after 15D,2.0
Quant Multi Asset Fund(G),Sanjeev Sharma,HY-MULTI,5,3152.6,1.88,Open Ended,2001-03-20,BSE 200 - TRI,137.09,141.32,108.08,-1.1,-3.17,2.02,25.68,23.94,20.59,27.77,17.14,0.0,10.0,279136.0,35.81,8.63,5.79,Financials,0.67,0.51,6.5,15.4,1.54,2.36,1.76,13.36,Hybrid : Multi Asset Allocation,1% on or before 15D Nil after 15D,24.0
Quant Overnight Fund-Reg(G),Sanjeev Sharma,DT-ON,Unrated,169.1,0.22,Open Ended,2022-12-05,CRISIL Liquid Overnight Index,11.49,11.49,10.75,0.57,1.67,3.32,6.87,6.93,,,,0.0,50.0,156243.5,55.18,14.37,15.24,Not Applicable,,,6.55,1.39,9.51,12.5,0.88,0.14,Debt : Overnight,Nil,3.0
Quant PSU Fund-Reg(G),Sandeep Tandon,EQ-THEM,Unrated,849.9,2.32,Open Ended,2024-02-20,NIFTY PSE - TRI,10.4,12.86,9.45,-5.35,-17.21,-11.31,11.97,15.99,,,,433.0,16.0,179006.0,50.27,27.23,3.86,Energy,,,,4.33,1.34,2.01,0.88,12.37,Equity : Thematic,1% on or before 15D Nil after 15D,1.0
Quant Quantamental Fund-Reg(G),Sandeep Tandon,EQ-THEM,Unrated,2346.0,2.0,Open Ended,2021-04-30,NIFTY 200 - TRI,22.57,25.74,19.49,-3.1,-12.63,-10.26,13.97,25.68,26.42,,,424.0,23.0,278194.0,83.18,1.9,11.26,Financials,,,,6.1,0.6,0.89,1.09,19.22,Equity : Thematic,1% on or before 15D Nil after 15D,4.0
Quant Small Cap Fund(G),Ankit Pande,EQ-SML,5,27160.8,1.6,Open Ended,1996-10-16,Nifty Smallcap 250 - TRI,263.49,284.29,214.59,-3.24,-7.56,-2.67,22.72,33.65,25.71,45.15,20.41,114.0,84.0,37161.0,23.84,4.36,62.86,Financials,3.17,,,14.19,0.98,1.38,0.98,19.56,Equity : Small Cap,1% on or before 1Y Nil after 1Y,29.0
Quant Teck Fund-Reg(G),Sandeep Tandon,EQ-TECH,Unrated,442.1,2.4,Open Ended,2023-09-11,NIFTY IT - TRI,13.68,14.1,10.88,0.55,-2.32,1.84,23.79,15.99,,,,468.0,15.0,40834.0,27.48,7.94,58.07,Technology,,,,15.22,1.05,1.74,0.91,18.91,Equity : Sectoral - Technology,1% on or before 15D Nil after 15D,2.0
Quant Value Fund-Reg(G),Sandeep Tandon,EQ-VAL,Unrated,1981.2,1.99,Open Ended,2021-11-30,NIFTY 500 - TRI,20.11,22.21,16.17,-2.57,-9.07,-5.15,23.95,30.28,25.56,,,326.0,28.0,96208.0,51.85,2.83,35.6,Financials,,,,15.04,0.98,1.42,1.14,21.3,Equity : Value / Contra,1% on or before 15D Nil after 15D,4.0
Quantum Dynamic Bond Fund-Reg(G),Pankaj Pathak,DT-DYN,Unrated,110.8,0.96,Open Ended,2015-05-19,CRISIL Dynamic Bond Index,20.51,20.56,18.77,0.41,0.34,3.89,9.1,8.1,6.86,6.64,,0.0,50.0,156243.5,55.18,14.37,15.24,Not Applicable,25.31,9.95,7.0,1.29,2.13,3.69,1.2,2.28,Debt : Dynamic Bond,Nil,10.0
Quantum ELSS Tax Saver Fund-Reg(G),George Thomas,EQ-ELSS,2,214.8,2.0,Open Ended,2008-12-23,BSE 500 - TRI,124.11,130.04,100.05,-1.52,-5.1,1.25,21.28,24.4,18.57,18.37,12.35,17.34,30.0,217961.0,61.8,8.53,13.23,Financials,,,,12.27,1.33,2.1,0.81,12.29,Equity : Tax Saving (ELSS),Nil,17.0
Quantum Equity FoF-Reg(G),Chirag Mehta,FOF-DOM,Unrated,128.1,0.75,Open Ended,2009-07-20,BSE 200 - TRI,81.85,86.67,66.38,-0.66,-5.98,0.94,19.8,22.86,14.52,17.12,12.9,8.43,50.0,156243.5,55.18,14.37,15.24,Not Applicable,,,,8.59,1.11,1.63,2.28,13.7,FoFs : Domestic,Nil upto 10% of Units and 1% For remaining Units on or before 365D Nil after 365D,16.0
Quantum ESG Best In Class Strategy Fund-Reg(G),Chirag Mehta,EQ-THEM,Unrated,90.2,2.1,Open Ended,2019-07-12,NIFTY100 ESG - TRI,24.28,25.91,20.16,-0.62,-7.08,3.2,15.64,20.87,12.1,17.83,,17.43,54.0,121074.0,50.64,26.97,15.86,Financials,,,,7.64,0.93,1.49,0.77,12.39,Equity : Thematic,Nil upto 10% of units and 1% for remaining units on or before 365D Nil after 365D,6.0
Quantum Ethical Fund-Reg(G),Chirag Mehta,EQ-THEM,Unrated,709.5,1.08,Open Ended,2024-12-20,Nifty500 Shariah - TRI,10.11,10.11,9.99,0.31,-2.11,3.25,11.97,15.99,,,,18.0,50.0,156243.5,55.18,14.37,15.24,,,,,4.33,1.34,2.01,0.88,12.37,Equity : Thematic,Nil upto 10% of units and 1% for remaining units on or before 365D Nil after 365D,1.0
Quantum Gold Fund ETF,Chirag Mehta,GOLD-ETF,Unrated,239.7,0.78,Open Ended,2008-02-22,Gold-India,64.17,66.66,51.81,-0.24,1.29,6.32,19.73,16.54,15.62,13.23,9.92,3.17,50.0,156243.5,55.18,14.37,15.24,Not Applicable,,,,14.24,1.16,1.8,0.25,12.9,Gold : ETFs,Nil,17.0
Quantum Gold Saving Fund-Reg(G),Chirag Mehta,GOLD-MF,Unrated,143.1,0.21,Open Ended,2011-05-19,Gold-India,29.52,30.59,23.81,0.08,1.09,6.2,19.88,16.74,15.71,13.21,9.66,9.27,1.0,156243.5,55.18,14.37,15.24,Not Applicable,,,,13.91,1.17,1.94,0.37,12.76,Gold : MFs,Nil,14.0
Quantum Liquid Fund-Reg(G),Pankaj Pathak,DT-LIQ,2,504.0,0.25,Open Ended,2006-04-07,CRISIL Liquid Debt Index,33.91,33.91,31.69,0.57,1.67,3.39,7.01,6.88,6.12,4.99,5.81,0.0,50.0,156243.5,55.18,14.37,15.24,Not Applicable,0.1,0.08,6.85,0.53,9.57,3.94,0.88,0.06,Debt : Liquid,0.007% for Day 1 0.0065% on Day 2 0.0060% on Day 3 0.0055% on Day 4 0.0050% on Day 5 0.0045% on Day 6 NIL on or after 7D,19.0
Quantum Long Term Equity Value Fund-Reg(G),George Thomas,EQ-VAL,2,1189.4,2.0,Open Ended,2006-03-13,BSE 500 - TRI,125.05,131.05,100.5,-1.56,-5.09,1.32,21.63,24.66,18.51,18.31,12.39,11.72,30.0,225318.0,63.46,8.59,12.63,Financials,,,,12.57,1.35,2.13,0.82,12.41,Equity : Value / Contra,Nil upto 10% of units on or before 730D For remaining units 2% on or before 365D and 1% after 365D but before 730D Nil after 730D,19.0
Quantum Multi Asset Allocation Fund-Reg(G),Chirag Mehta,HY-MULTI,Unrated,29.6,1.97,Open Ended,2024-03-07,CRISIL Short Term Bond Index,10.86,11.16,9.88,-0.65,-2.97,1.6,11.97,15.99,,,,18.0,38.0,283772.0,32.67,1.95,3.12,Financials,,,,4.33,1.34,2.01,0.88,12.37,Hybrid : Multi Asset Allocation,1% on or before 90D Nil after 90D,1.0
Quantum Multi Asset FOFs-Reg(G),Chirag Mehta,FOF-DOM,Unrated,59.9,0.47,Open Ended,2012-07-11,NIFTY 50 - TRI,31.78,32.35,28.0,-0.25,-1.96,2.7,11.94,12.96,10.8,10.51,8.94,28.52,1.0,156243.5,55.18,14.37,15.24,Not Applicable,,,,5.47,1.49,2.54,0.68,4.99,FoFs : Domestic,1% on or before 90D Nil after 90D,13.0
Quantum Nifty 50 ETF FoF-Reg(G),Hitendra Parekh,FOF-DOM,Unrated,24.0,0.18,Open Ended,2022-08-05,NIFTY 50 - TRI,14.12,15.29,12.28,-1.7,-7.88,-1.32,10.18,16.12,,,,84.83,50.0,156243.5,55.18,14.37,15.24,Not Applicable,,,,4.31,0.53,0.87,0.72,12.19,FoFs : Domestic,Nil,3.0
Quantum Small Cap Fund-Reg(G),Chirag Mehta,EQ-SML,Unrated,99.4,2.1,Open Ended,2023-11-03,BSE 250 Small Cap - TRI,12.28,12.79,10.07,-1.05,-2.7,3.21,15.92,15.99,,,,11.94,49.0,17137.0,11.43,4.1,67.59,Financials,,,,8.85,0.94,1.44,0.63,12.81,Equity : Small Cap,Nil upto 10% of units and 1% for remaining units on or before 365D Nil after 365D,2.0
Samco Active Momentum Fund-Reg(G),Paras Matalia,EQ-THEM,Unrated,874.0,2.24,Open Ended,2023-07-05,NIFTY 500 - TRI,15.77,15.94,12.14,4.64,3.12,8.44,26.73,15.99,,,,547.0,58.0,54003.0,31.38,21.41,40.0,Healthcare,,,,18.02,1.25,1.77,0.89,18.03,Equity : Thematic,1% on or before 365D Nil after 365D,2.0
Samco Arbitrage Fund-Reg(G),Umeshkumar Mehta,HY-ARB,Unrated,16.9,1.14,Open Ended,2024-11-29,Nifty 50 Arbitrage - TRI,10.05,10.05,10.0,0.5,-2.11,3.25,11.97,15.99,,,,18.0,8.0,355917.0,56.43,9.14,15.24,Energy,,,,4.33,1.34,2.01,0.88,12.37,Hybrid : Arbitrage,0.25% on or before 7D Nil after 7D,1.0
Samco Dynamic Asset Allocation Fund-Reg(G),Umeshkumar Mehta,HY-DYN,Unrated,604.7,2.34,Open Ended,2023-12-28,NIFTY 50 Hybrid Composite Debt 50:50 Index,11.02,11.64,9.92,2.14,-5.19,0.09,9.7,15.99,,,,0.0,62.0,79259.0,47.17,19.49,19.44,Automobile and Ancillaries,1.25,1.12,6.24,-1.66,0.46,0.61,2.56,13.88,Hybrid : Dynamic Asset Allocation,Nil upto 25% of units and 1% for remaining units on or before 12M Nil after 12M,2.0
Samco ELSS Tax Saver Fund-Reg(G),Nirali Bhansali,EQ-ELSS,Unrated,121.8,2.38,Open Ended,2022-12-22,NIFTY 500 - TRI,14.78,15.43,12.69,0.89,-2.0,-0.81,9.55,21.36,,,,177.0,36.0,34745.0,3.64,44.72,51.38,Financials,,,,2.44,0.39,0.58,0.84,17.06,Equity : Tax Saving (ELSS),Nil,3.0
Samco Flexi Cap Fund-Reg(G),Nirali Bhansali,EQ-FLEX,Unrated,601.7,2.38,Open Ended,2022-02-04,NIFTY 500 - TRI,12.43,12.73,11.23,2.33,-2.0,-0.57,5.41,15.34,,,,206.0,26.0,71148.0,30.86,39.72,29.51,Technology,,,,-1.84,0.15,0.22,0.88,17.55,Equity : Flexi Cap,Nil upto 10% of units and 1% for remaining units on or before 12M Nil after 12M,3.0
Samco Multi Asset Allocation Fund-Reg(G),Nirali Bhansali,HY-MULTI,Unrated,709.5,2.24,Open Ended,2024-12-24,NIFTY 50 - TRI,10.1,10.1,10.0,0.31,-2.11,3.25,11.97,15.99,,,,0.0,50.0,156243.5,55.18,14.37,15.24,,0.37,0.35,6.19,4.33,1.34,2.01,0.88,12.37,Hybrid : Multi Asset Allocation,Nil upto 10% of units and 1% for remaining units on or before 12M Nil after 12M,1.0
Samco Multi Cap Fund-Reg(G),Umeshkumar Mehta,EQ-MLC,Unrated,354.1,2.38,Open Ended,2024-10-30,Nifty500 Multicap 50:25:25 - TRI,9.79,10.1,9.59,-0.72,-2.11,3.25,11.97,15.99,,,,18.0,100.0,37747.0,26.5,15.31,44.13,Automobile and Ancillaries,,,,4.33,1.34,2.01,0.88,12.37,Equity : Multi Cap,Nil upto 10% of units and 1% for remaining units on or before 12M Nil after 12M,1.0
Samco Overnight Fund-Reg(G),Dhawal Ghanshyam Dhanani,DT-ON,Unrated,61.1,0.33,Open Ended,2022-10-12,CRISIL Liquid Overnight Index,1146.53,1146.53,1078.68,0.52,1.54,3.07,6.3,6.34,,,,0.0,50.0,156243.5,55.18,14.37,15.24,Not Applicable,,,5.75,0.08,4.18,0.51,0.88,0.02,Debt : Overnight,Nil,3.0
Samco Special Opportunities Fund-Reg(G),Paras Matalia,EQ-THEM,Unrated,193.2,2.39,Open Ended,2024-06-06,NIFTY 500 - TRI,9.71,10.62,9.16,0.94,-5.77,-6.5,11.97,15.99,,,,18.0,31.0,17275.0,2.1,16.9,58.16,Financials,,,,4.33,1.34,2.01,0.88,12.37,Equity : Thematic,1% on or before 365D Nil after 365D,1.0
SBI Arbitrage Opportunities Fund-Reg(G),Neeraj Kumar,HY-ARB,1,31422.1,0.95,Open Ended,2006-11-03,Nifty 50 Arbitrage,32.69,32.69,30.42,0.66,1.84,3.46,7.51,7.49,6.52,5.38,5.82,1384.0,194.0,241392.0,55.18,14.85,2.14,Financials,0.3,0.5,7.5,3.45,3.22,7.45,-0.07,1.01,Hybrid : Arbitrage,0.25% on or before 1M Nil after 1M,19.0
SBI Automotive Opportunities Fund-Reg(G),Tanmaya Desai,EQ-AUTO,Unrated,5934.6,1.83,Open Ended,2024-06-05,NIFTY AUTO - TRI,9.72,11.35,9.27,-1.82,-15.18,-9.36,11.97,15.99,,,,45.0,28.0,97855.0,59.98,15.68,22.36,Automobile and Ancillaries,,,,4.33,1.34,2.01,0.88,12.37,Equity : Sectoral - Auto,1% on or before 1Y Nil after 1Y,1.0
SBI Balanced Advantage Fund-Reg(G),Dinesh Balachandran,HY-DYN,Unrated,33186.8,1.57,Open Ended,2021-08-31,NIFTY 50 Hybrid Composite Debt 50:50 Index,14.68,15.05,12.94,-0.29,-2.2,1.57,13.33,16.88,12.82,,,489.0,95.0,258819.0,53.24,8.73,3.81,Energy,8.16,4.88,7.43,5.82,1.47,2.15,1.07,6.07,Hybrid : Dynamic Asset Allocation,Nil upto 10% of units and 1% for remaining units on or before 1Y Nil after 1Y,4.0
SBI Banking & Financial Services Fund-Reg(G),Milind Agrawal,EQ-FIN,3,6548.4,1.81,Open Ended,2015-02-26,Nifty Financial Services - TRI,38.69,40.04,31.49,-1.34,-2.21,2.23,19.75,19.67,17.79,13.83,,237.0,26.0,222957.0,55.13,17.32,15.02,Financials,,,,10.66,0.95,1.37,1.04,16.59,Equity : Sectoral - Financial Services,0.50% on or before 30D Nil after 30D,10.0
SBI Banking and PSU Fund-Reg(G),Rajeev Radhakrishnan,DT-B&PSU,3,3810.2,0.81,Open Ended,2009-10-09,NIFTY Banking and PSU Debt Index,2980.24,2980.42,2767.64,0.5,1.34,3.88,7.63,7.09,5.66,5.94,7.03,0.0,50.0,156243.5,55.18,14.37,15.24,Not Applicable,7.97,4.27,7.37,2.29,4.25,8.21,0.4,0.81,Debt : Banking & PSU,Nil,16.0
SBI BlueChip Fund-Reg(G),Saurabh Pant,EQ-LC,4,50502.3,1.5,Open Ended,2006-01-20,BSE 100 - TRI,89.68,96.03,76.1,-1.46,-7.12,-0.2,13.05,18.44,13.68,16.38,12.81,44.0,45.0,346648.0,79.17,14.11,2.08,Financials,,,,4.66,0.73,1.11,0.84,12.17,Equity : Large Cap,1% on or before 1Y Nil after 1Y,19.0
SBI BSE 100 ETF,Raviprakash Sharma,EQ-ETF,Unrated,9.3,0.14,Open Ended,2015-03-20,BSE 100 - TRI,279.36,301.56,237.11,-1.49,-7.81,-1.05,13.48,18.96,14.58,16.97,,36.0,101.0,415145.0,92.33,7.64,15.24,Financials,,,,5.12,0.68,1.03,1.0,14.14,Equity : ETFs,,10.0
SBI BSE Sensex ETF,Raviprakash Sharma,EQ-ETF,Unrated,120613.6,0.04,Open Ended,2013-03-15,BSE SENSEX - TRI,874.42,937.44,761.4,-1.64,-6.69,-0.81,9.84,15.67,12.44,15.23,12.46,11.0,30.0,684545.0,99.26,0.72,15.24,Financials,,,,1.76,0.46,0.7,0.99,13.76,Equity : ETFs,Nil,12.0
SBI BSE Sensex Index Fund-Reg(G),Raviprakash Sharma,EQ-INDX,Unrated,241.8,0.44,Open Ended,2023-05-26,BSE SENSEX - TRI,12.95,13.9,11.32,-1.68,-6.8,-1.03,9.35,15.99,,,,5.0,30.0,684540.0,99.2,0.72,15.24,Financials,,,,0.93,0.42,0.65,1.0,13.82,Equity : Index Funds,0.20% on or before 15D Nil after 15D,2.0
SBI BSE Sensex Next 50 ETF,Raviprakash Sharma,EQ-ETF,Unrated,19.8,0.12,Open Ended,2018-09-25,BSE Sensex Next 50 - TRI,885.03,951.51,685.72,-0.64,-7.84,-0.66,26.47,31.2,21.91,22.2,,31.0,51.0,122565.0,66.01,33.87,15.24,Financials,,,,16.71,1.21,1.86,0.99,17.51,Equity : ETFs,,7.0
SBI Conservative Hybrid Fund-Reg(G),Saurabh Pant,HY-DT(CO),4,10045.8,1.12,Open Ended,2001-03-23,NIFTY 50 Hybrid Composite Debt 15:85 Index,69.88,70.39,62.72,0.03,-0.93,2.53,11.03,11.66,9.28,11.01,9.15,0.0,40.0,61343.0,7.55,2.75,12.36,Financials,7.04,4.1,7.83,4.28,1.85,2.77,0.84,3.64,Hybrid : Debt Oriented (Conservative),Nil for 10% of investment and 1% for remaining Investment on or before 1Y Nil after 1Y,24.0
SBI Consumption Opp Fund-Reg(G),Ashit Desai,EQ-CONS,3,3074.0,1.97,Open Ended,2013-01-01,Nifty India Consumption - TRI,334.54,355.77,257.71,0.58,-6.73,6.5,23.99,27.78,22.93,23.35,16.45,29.0,49.0,48176.0,31.23,24.62,41.45,FMCG,,,,15.37,1.5,2.47,0.58,12.16,Equity : Thematic - Consumption,0.10% on or before 30D Nil after 30D,12.0
SBI Contra Fund-Reg(G),Dinesh Balachandran,EQ-VAL,5,41906.9,1.5,Open Ended,1999-07-05,BSE 500 - TRI,377.09,406.2,314.69,-1.16,-6.55,-0.5,18.75,28.22,22.88,29.37,15.97,167.0,88.0,140583.0,48.55,15.82,13.54,Financials,,,,10.21,1.04,1.48,0.87,13.93,Equity : Value / Contra,1% on or before 1Y Nil after 1Y,26.0
SBI Corp Bond Fund-Reg(G),Rajeev Radhakrishnan,DT-CORP,3,20915.6,0.8,Open Ended,2019-02-01,NIFTY Corporate Bond Index,14.81,14.81,13.73,0.48,1.45,4.06,7.85,7.23,5.91,6.18,,0.0,50.0,156243.5,55.18,14.37,15.24,Not Applicable,4.97,3.7,7.53,2.62,4.99,9.22,0.36,0.74,Debt : Corporate Bond,Nil,6.0
SBI CPSE Bond Plus SDL Sep 2026 50:50 Index Fund-Reg(G),Ranjana Gupta,DT-MD,Unrated,9366.0,0.37,Open Ended,2022-01-19,Nifty CPSE Bond Plus SDL Sep 2026 50:50 Index,11.75,11.75,10.91,0.54,1.59,3.78,7.71,7.24,,,,0.0,50.0,156243.5,55.18,14.37,15.24,Not Applicable,1.57,1.42,7.25,3.02,6.78,15.85,0.17,0.52,Debt : Medium Duration,0.15% on or before 30D Nil after 30D,3.0
SBI Credit Risk Fund-Reg(G),Lokesh Mallya,DT-CR,4,2289.2,1.55,Open Ended,2004-07-14,NIFTY Credit Risk Bond Index,43.66,43.66,40.41,0.58,1.78,3.84,8.04,8.16,6.85,7.02,7.48,0.0,1.0,156243.5,55.18,14.37,15.24,Not Applicable,3.15,2.25,8.67,3.35,4.18,8.44,0.18,0.92,Debt : Credit Risk,Nil for 8% of investment and 3% for remaining investment on or before 12M Nil for 8% of investment and 1.5% for remaining investment after 12M but before 24M Nil for 8% of investment and 0.75% for remaining investment after 24M but before 36M Nil after 36M,21.0
SBI CRISIL IBX Gilt Index - Apr 2029 Fund-Reg(G),Ranjana Gupta,DT-M&LD,Unrated,2278.8,0.45,Open Ended,2022-10-04,CRISIL IBX Gilt Index - April 2029,11.89,11.89,10.98,0.4,1.24,4.24,8.24,7.99,,,,0.0,50.0,156243.5,55.18,14.37,15.24,Not Applicable,4.37,3.68,6.82,2.24,3.14,5.61,0.6,1.28,Debt : Medium to Long Duration,0.15% on or before 30D Nil after 30D,3.0
SBI CRISIL IBX Gilt Index - June 2036 Fund-Reg(G),Ranjana Gupta,DT-LD,Unrated,2432.5,0.54,Open Ended,2022-10-04,CRISIL IBX Gilt Index - June 2036,12.15,12.19,11.0,0.45,0.86,4.53,10.31,8.99,,,,0.0,50.0,156243.5,55.18,14.37,15.24,Not Applicable,11.33,7.61,6.99,1.92,2.26,3.8,1.32,2.57,Debt : Long Duration,0.15% on or before 30D Nil after 30D,3.0
SBI CRISIL IBX SDL Index - Sep 2027 Fund-Reg(G),Ranjana Gupta,DT-M&LD,Unrated,1103.8,0.4,Open Ended,2022-10-04,CRISIL IBX SDL Index - September 2027,11.77,11.78,10.87,0.56,1.46,3.91,8.37,7.6,,,,0.0,50.0,156243.5,55.18,14.37,15.24,Not Applicable,2.65,2.32,7.07,3.12,4.32,9.19,0.31,0.93,Debt : Medium to Long Duration,0.15% on or before 30D Nil after 30D,3.0
SBI Dividend Yield Fund-Reg(G),Rohit Shimpi,EQ-DIV,Unrated,9555.9,1.78,Open Ended,2023-03-14,NIFTY 500 - TRI,15.06,16.28,12.64,-3.04,-8.41,-2.71,14.89,15.99,,,,6.0,42.0,244924.0,65.3,16.45,8.29,Financials,,,,6.53,0.81,1.2,0.88,13.53,Equity : Thematic - Dividend Yield,Nil upto 10% of units and 1% for remaining units on or before 1Y Nil after 1Y,2.0
SBI Dynamic Bond Fund-Reg(G),Rajeev Radhakrishnan,DT-DYN,3,3309.3,1.45,Open Ended,2004-01-13,CRISIL Dynamic Bond Index,34.25,34.35,31.49,0.33,0.17,3.74,8.62,7.77,6.56,6.33,7.44,0.0,50.0,156243.5,55.18,14.37,15.24,Not Applicable,20.67,8.71,7.15,0.81,1.95,3.3,1.18,2.19,Debt : Dynamic Bond,Nil for 10% of investment and 0.25% for remaining Investment on or before 1M Nil after 1M,21.0
SBI Energy Opportunities Fund-Reg(G),Raj Gandhi,EQ-POWER,Unrated,10486.0,1.74,Open Ended,2024-02-26,NIFTY ENERGY - TRI,10.45,12.05,9.66,0.24,-13.08,-7.67,11.97,15.99,,,,64.0,28.0,160299.0,58.6,19.31,18.41,Energy,,,,4.33,1.34,2.01,0.88,12.37,Equity : Sectoral - Energy / Power,1% on or before 1Y Nil after 1Y,1.0
SBI Equity Hybrid Fund-Reg(G),R. Srinivasan,HY-EQ,4,72428.4,1.4,Open Ended,1996-01-06,CRISIL Hybrid 35+65 - Aggressive Index,279.63,291.3,240.58,-0.43,-3.87,1.16,14.62,15.8,11.19,13.78,11.76,56.0,39.0,279510.0,50.99,18.56,3.43,Financials,7.87,4.58,7.55,5.04,1.02,1.53,1.72,9.82,Hybrid : Equity Oriented,Nil for 10% of investments and 1% for remaining investment on or before 12M Nil after 12M,29.0
SBI Equity Minimum Variance Fund-Reg(G),Raviprakash Sharma,EQ-THEM,2,216.7,0.74,Open Ended,2019-03-19,NIFTY 50 - TRI,23.53,26.69,21.17,-0.92,-12.48,-2.12,7.99,18.51,14.29,17.93,,40.0,50.0,274603.0,93.64,6.34,15.24,FMCG,,,,1.08,0.39,0.66,0.71,11.88,Equity : Thematic,0.50% on or before 15D Nil after 15D,6.0
SBI Equity Savings Fund-Reg(G),Neeraj Kumar,HY-EQ,3,5982.4,1.42,Open Ended,2015-05-27,NIFTY 50 Equity Savings Index,23.27,23.5,20.81,0.28,0.16,3.37,11.98,14.75,10.3,11.2,,0.0,115.0,128185.0,38.57,8.09,18.92,Financials,2.61,2.05,7.67,5.95,1.54,2.32,0.55,4.9,Hybrid : Equity Oriented,0.10% on or before 15D Nil after 15D,10.0
SBI ESG Exclusionary Strategy Fund-Reg(G),Rohit Shimpi,EQ-THEM,2,5806.1,1.93,Open Ended,1991-01-01,NIFTY100 ESG - TRI,230.49,250.49,199.25,-2.31,-6.77,-2.07,12.88,18.43,11.09,15.2,12.3,31.0,40.0,304534.0,77.25,13.48,5.54,Financials,,,,4.33,0.67,1.01,0.89,13.04,Equity : Thematic,1% on or before 1Y Nil after 1Y,34.0
SBI Flexicap Fund-Reg(G),Dinesh Balachandran,EQ-FLEX,3,22206.1,1.66,Open Ended,2005-09-16,BSE 500 - TRI,107.84,115.3,93.26,0.07,-5.68,0.42,14.8,18.73,12.41,16.08,13.35,82.0,104.0,130718.0,48.41,20.08,21.2,Financials,,,,6.58,0.83,1.22,0.84,12.85,Equity : Flexi Cap,0.10% on or before 30D Nil after 30D,20.0
SBI Floating Rate Debt Fund-Reg(G),Ardhendu Bhattacharya,DT-FL,2,1189.5,0.46,Open Ended,2020-10-27,Nifty Short Duration Debt Index,12.76,12.77,11.81,0.42,1.56,3.88,8.16,7.83,6.66,,,0.0,50.0,156243.5,55.18,14.37,15.24,Not Applicable,5.66,1.57,7.57,3.58,6.85,15.59,0.14,0.58,Debt : Floater,0.10% on or before 3D Nil after 3D,5.0
SBI FMP-1-3668D-Reg(G),Ranjana Gupta,DT-FMP,Unrated,46.5,1.08,Closed Ended,2019-03-28,Crisil Long Term Debt Index,15.63,15.66,14.35,0.3,1.31,4.42,9.03,8.24,6.58,6.98,,18.0,50.0,156243.5,55.18,14.37,15.24,Not Applicable,,,,1.11,1.89,3.08,0.29,0.91,Debt : FTP/FMP,,6.0
SBI FMP-34-3682D-Reg(G),Ranjana Gupta,DT-FMP,Unrated,26.6,1.08,Closed Ended,2020-05-05,Crisil Long Term Debt Index,13.18,13.19,12.05,0.59,1.3,4.41,9.18,8.17,6.38,,,18.0,50.0,156243.5,55.18,14.37,15.24,Not Applicable,,,,0.96,1.7,2.99,0.41,1.09,Debt : FTP/FMP,,5.0
SBI FMP-41-1498D-Reg(G),Ranjana Gupta,DT-FMP,Unrated,891.7,1.08,Closed Ended,2021-03-25,CRISIL Medium Duration Debt Index,12.31,12.31,11.47,0.53,1.6,3.48,7.35,7.18,5.42,,,18.0,50.0,156243.5,55.18,14.37,15.24,Not Applicable,,,,0.71,5.15,5.54,0.02,0.14,Debt : FTP/FMP,,4.0
SBI FMP-42-1857D-Reg(G),Ranjana Gupta,DT-FMP,Unrated,462.6,1.08,Closed Ended,2021-03-30,CRISIL Medium to Long Term Debt Index,12.41,12.41,11.52,0.53,1.58,3.78,7.75,7.4,5.64,,,18.0,50.0,156243.5,55.18,14.37,15.24,Not Applicable,,,,0.78,2.7,4.78,0.1,0.37,Debt : FTP/FMP,,4.0
SBI FMP-43-1616D-Reg(G),Ranjana Gupta,DT-FMP,Unrated,115.4,1.08,Closed Ended,2021-04-29,CRISIL Medium Duration Debt Index,12.31,12.31,11.45,0.5,1.5,3.59,7.57,7.3,5.65,,,18.0,50.0,156243.5,55.18,14.37,15.24,Not Applicable,,,,0.76,3.35,5.33,0.05,0.26,Debt : FTP/FMP,,4.0
SBI FMP-44-1855D-Reg(G),Ranjana Gupta,DT-FMP,Unrated,372.5,1.08,Closed Ended,2021-06-02,CRISIL Medium to Long Term Debt Index,12.25,12.25,11.34,0.53,1.58,3.88,7.93,7.47,5.72,,,18.0,50.0,156243.5,55.18,14.37,15.24,Not Applicable,,,,0.83,2.51,4.52,0.12,0.43,Debt : FTP/FMP,,4.0
SBI FMP-45-1840D-Reg(G),Ranjana Gupta,DT-FMP,Unrated,218.6,1.08,Closed Ended,2021-06-17,CRISIL Medium to Long Term Debt Index,12.24,12.24,11.34,0.52,1.58,3.86,7.93,7.49,5.77,,,18.0,50.0,156243.5,55.18,14.37,15.24,Not Applicable,,,,0.86,2.62,4.7,0.11,0.42,Debt : FTP/FMP,,4.0
SBI FMP-46-1850D-Reg(G),Ranjana Gupta,DT-FMP,Unrated,127.4,1.08,Closed Ended,2021-07-07,CRISIL Medium to Long Term Debt Index,12.22,12.22,11.33,0.5,1.52,3.8,7.87,7.34,5.66,,,18.0,50.0,156243.5,55.18,14.37,15.24,Not Applicable,,,,0.78,2.57,4.54,0.12,0.41,Debt : FTP/FMP,,4.0
SBI FMP-47-1434D-Reg(G),Ranjana Gupta,DT-FMP,Unrated,139.6,1.08,Closed Ended,2021-07-23,CRISIL Medium Duration Debt Index,12.06,12.06,11.22,0.53,1.57,3.56,7.52,7.26,5.52,,,18.0,50.0,156243.5,55.18,14.37,15.24,Not Applicable,,,,0.78,3.86,5.52,0.03,0.22,Debt : FTP/FMP,,4.0
SBI FMP-48-1458D-Reg(G),Ranjana Gupta,DT-FMP,Unrated,45.1,1.08,Closed Ended,2021-08-04,CRISIL Medium Duration Debt Index,12.03,12.03,11.2,0.51,1.52,3.58,7.5,7.25,5.61,,,18.0,50.0,156243.5,55.18,14.37,15.24,Not Applicable,,,,0.76,3.78,5.56,0.04,0.22,Debt : FTP/FMP,,4.0
SBI FMP-50-1843D-Reg(G),Ranjana Gupta,DT-FMP,Unrated,117.7,1.08,Closed Ended,2021-09-07,CRISIL Medium to Long Term Debt Index,11.94,11.94,11.07,0.53,1.55,3.87,7.98,7.49,5.6,,,18.0,50.0,156243.5,55.18,14.37,15.24,Not Applicable,,,,0.81,2.61,4.56,0.15,0.43,Debt : FTP/FMP,,4.0
SBI FMP-51-1846D-Reg(G),Ranjana Gupta,DT-FMP,Unrated,288.8,1.08,Closed Ended,2021-09-16,CRISIL Medium to Long Term Debt Index,11.94,11.94,11.05,0.54,1.56,3.9,8.08,7.55,5.71,,,18.0,50.0,156243.5,55.18,14.37,15.24,Not Applicable,,,,0.88,2.72,4.81,0.15,0.44,Debt : FTP/FMP,,4.0
SBI FMP-52-1848D-Reg(G),Ranjana Gupta,DT-FMP,Unrated,132.6,1.08,Closed Ended,2021-09-28,CRISIL Medium to Long Term Debt Index,11.93,11.93,11.04,0.53,1.57,3.89,8.09,7.54,5.81,,,18.0,50.0,156243.5,55.18,14.37,15.24,Not Applicable,,,,0.91,2.7,4.72,0.13,0.44,Debt : FTP/FMP,,4.0
SBI FMP-53-1839D-Reg(G),Ranjana Gupta,DT-FMP,Unrated,298.7,1.08,Closed Ended,2021-10-25,CRISIL Medium to Long Term Debt Index,11.94,11.94,11.04,0.51,1.54,3.92,8.18,7.57,5.82,,,18.0,50.0,156243.5,55.18,14.37,15.24,Not Applicable,,,,0.93,2.64,4.71,0.15,0.47,Debt : FTP/FMP,,4.0
SBI FMP-54-1842D-Reg(G),Ranjana Gupta,DT-FMP,Unrated,36.4,1.08,Closed Ended,2021-11-08,CRISIL Medium to Long Term Debt Index,11.91,11.91,11.02,0.51,1.51,3.88,8.2,7.57,5.81,,,18.0,50.0,156243.5,55.18,14.37,15.24,Not Applicable,,,,0.96,2.53,4.54,0.14,0.5,Debt : FTP/FMP,,4.0
SBI FMP-55-1849D-Reg(G),Ranjana Gupta,DT-FMP,Unrated,245.4,1.08,Closed Ended,2021-11-23,CRISIL Medium to Long Term Debt Index,11.89,11.89,11.0,0.52,1.53,3.91,8.18,7.54,5.79,,,18.0,50.0,156243.5,55.18,14.37,15.24,Not Applicable,,,,0.93,2.49,4.43,0.15,0.5,Debt : FTP/FMP,,4.0
SBI FMP-56-1232D-Reg(G),Ranjana Gupta,DT-FMP,Unrated,279.8,1.08,Closed Ended,2021-12-16,CRISIL Medium Duration Debt Index,11.76,11.76,10.94,0.53,1.58,3.56,7.45,7.25,5.56,,,18.0,50.0,156243.5,55.18,14.37,15.24,Not Applicable,,,,0.76,4.58,5.71,0.02,0.17,Debt : FTP/FMP,,4.0
SBI FMP-57-1835D-Reg(G),Ranjana Gupta,DT-FMP,Unrated,248.3,1.08,Closed Ended,2021-12-13,CRISIL Medium to Long Term Debt Index,11.81,11.81,10.92,0.52,1.53,3.95,8.17,7.59,5.68,,,18.0,50.0,156243.5,55.18,14.37,15.24,Not Applicable,,,,0.86,2.52,4.49,0.17,0.49,Debt : FTP/FMP,,4.0
SBI FMP-58-1842D-Reg(G),Ranjana Gupta,DT-FMP,Unrated,242.5,1.08,Closed Ended,2022-01-05,CRISIL Medium to Long Term Debt Index,11.91,11.91,11.01,0.55,1.54,3.93,8.26,7.59,,,,18.0,50.0,156243.5,55.18,14.37,15.24,Not Applicable,,,,0.88,2.46,4.26,0.17,0.51,Debt : FTP/FMP,,3.0
SBI FMP-59-1618D-Reg(G),Ranjana Gupta,DT-FMP,Unrated,27.0,1.08,Closed Ended,2022-01-31,CRISIL Medium to Long Term Debt Index,11.8,11.8,10.97,0.56,1.59,3.83,7.63,7.38,,,,18.0,50.0,156243.5,55.18,14.37,15.24,Not Applicable,,,,0.55,1.8,3.06,0.16,0.5,Debt : FTP/FMP,,3.0
SBI FMP-6-3668D-Reg(G),Ranjana Gupta,DT-FMP,Unrated,33.6,1.08,Closed Ended,2019-05-16,Crisil Long Term Debt Index,15.19,15.23,13.99,0.31,1.27,4.31,8.78,8.01,6.31,6.74,,18.0,50.0,156243.5,55.18,14.37,15.24,Not Applicable,,,,0.96,1.74,2.82,0.28,0.9,Debt : FTP/FMP,,6.0
SBI FMP-60-1878D-Reg(G),Ranjana Gupta,DT-FMP,Unrated,239.0,1.08,Closed Ended,2022-02-15,CRISIL Medium to Long Term Debt Index,11.81,11.81,10.91,0.54,1.56,4.01,8.36,7.69,,,,18.0,50.0,156243.5,55.18,14.37,15.24,Not Applicable,,,,0.91,2.49,4.37,0.19,0.53,Debt : FTP/FMP,,3.0
SBI FMP-61-1927D-Reg(G),Ranjana Gupta,DT-FMP,Unrated,323.9,1.08,Closed Ended,2022-03-22,CRISIL Medium to Long Term Debt Index,11.84,11.85,10.94,0.52,1.51,3.98,8.34,7.65,,,,18.0,50.0,156243.5,55.18,14.37,15.24,Not Applicable,,,,0.86,2.3,4.04,0.2,0.56,Debt : FTP/FMP,,3.0
SBI FMP-64-1169D-Reg(G),Ranjana Gupta,DT-FMP,Unrated,389.3,1.08,Closed Ended,2022-08-30,CRISIL Medium Duration Debt Index,11.66,11.66,10.86,0.47,1.5,3.55,7.33,7.11,,,,18.0,50.0,156243.5,55.18,14.37,15.24,Not Applicable,,,,0.58,2.87,4.48,0.08,0.26,Debt : FTP/FMP,,3.0
SBI FMP-66-1361D-Reg(G),Ranjana Gupta,DT-FMP,Unrated,659.5,1.08,Closed Ended,2022-07-19,CRISIL Medium Duration Debt Index,11.89,11.89,11.02,0.51,1.57,3.8,7.81,7.4,,,,18.0,50.0,156243.5,55.18,14.37,15.24,Not Applicable,,,,0.81,2.51,4.57,0.1,0.4,Debt : FTP/FMP,,3.0
SBI FMP-67-1467D-Reg(G),Ranjana Gupta,DT-FMP,Unrated,566.5,1.08,Closed Ended,2022-07-29,CRISIL Medium to Long Term Debt Index,11.85,11.85,10.99,0.54,1.57,3.86,7.9,7.48,,,,18.0,50.0,156243.5,55.18,14.37,15.24,Not Applicable,,,,0.78,2.66,4.54,0.14,0.4,Debt : FTP/FMP,,3.0
SBI FMP-68-1302D-Reg(G),Ranjana Gupta,DT-FMP,Unrated,187.5,1.08,Closed Ended,2022-09-22,CRISIL Medium Duration Debt Index,11.74,11.74,10.92,0.59,1.58,3.8,7.57,7.15,,,,18.0,50.0,156243.5,55.18,14.37,15.24,Not Applicable,,,,0.55,1.89,3.25,0.15,0.46,Debt : FTP/FMP,,3.0
SBI FMP-72-1239D-Reg(G),Ranjana Gupta,DT-FMP,Unrated,326.1,1.08,Closed Ended,2022-11-22,CRISIL Medium Duration Debt Index,11.6,11.6,10.76,0.61,1.63,3.9,7.76,7.32,,,,18.0,50.0,156243.5,55.18,14.37,15.24,Not Applicable,,,,0.66,2.09,3.61,0.16,0.48,Debt : FTP/FMP,,3.0
SBI FMP-73-1226D-Reg(G),Ranjana Gupta,DT-FMP,Unrated,195.0,1.08,Closed Ended,2022-12-08,CRISIL Medium Duration Debt Index,11.57,11.57,10.74,0.61,1.63,3.89,7.75,7.32,,,,18.0,50.0,156243.5,55.18,14.37,15.24,Not Applicable,,,,0.66,2.08,3.58,0.15,0.48,Debt : FTP/FMP,,3.0
SBI FMP-74-1243D-Reg(G),Ranjana Gupta,DT-FMP,Unrated,153.4,1.08,Closed Ended,2023-01-03,CRISIL Medium Duration Debt Index,11.54,11.54,10.69,0.53,1.59,3.86,7.95,15.99,,,,18.0,50.0,156243.5,55.18,14.37,15.24,Not Applicable,,,,0.88,2.58,4.72,0.1,0.43,Debt : FTP/FMP,,2.0
SBI FMP-76-1221D-Reg(G),Ranjana Gupta,DT-FMP,Unrated,160.6,1.08,Closed Ended,2023-01-24,CRISIL Medium Duration Debt Index,11.48,11.48,10.67,0.6,1.64,3.8,7.63,15.99,,,,18.0,50.0,156243.5,55.18,14.37,15.24,Not Applicable,,,,0.6,2.31,3.92,0.14,0.39,Debt : FTP/FMP,,2.0
SBI FMP-78-1170D-Reg(G),Ranjana Gupta,DT-FMP,Unrated,121.5,1.08,Closed Ended,2023-02-21,CRISIL Medium Duration Debt Index,11.46,11.46,10.64,0.54,1.63,3.77,7.64,15.99,,,,18.0,50.0,156243.5,55.18,14.37,15.24,Not Applicable,,,,0.68,2.77,4.63,0.1,0.33,Debt : FTP/FMP,,2.0
SBI FMP-79-1130D-Reg(G),Ranjana Gupta,DT-FMP,Unrated,79.5,1.08,Closed Ended,2023-03-14,CRISIL Medium Duration Debt Index,11.42,11.42,10.62,0.61,1.66,3.8,7.59,15.99,,,,18.0,50.0,156243.5,55.18,14.37,15.24,Not Applicable,,,,0.58,2.2,3.69,0.14,0.4,Debt : FTP/FMP,,2.0
SBI FMP-81-1157D-Reg(G),Ranjana Gupta,DT-FMP,Unrated,397.5,1.08,Closed Ended,2023-03-31,CRISIL Medium Duration Debt Index,11.36,11.36,10.54,0.55,1.67,3.89,7.84,15.99,,,,18.0,50.0,156243.5,55.18,14.37,15.24,Not Applicable,,,,0.86,3.21,5.3,0.09,0.33,Debt : FTP/FMP,,2.0
SBI Focused Equity Fund-Reg(G),R. Srinivasan,EQ-MLC,3,34747.3,1.57,Open Ended,2004-10-11,BSE 500 - TRI,330.78,348.06,276.6,0.45,-3.64,1.24,17.84,19.83,9.57,16.59,13.92,31.0,26.0,56995.0,34.37,30.68,9.38,Financials,,,,9.55,1.11,1.7,0.69,11.67,Equity : Multi Cap,1% on or before 1Y Nil after 1Y,21.0
SBI Gold ETF,Vandna Soni,GOLD-ETF,Unrated,5907.9,0.65,Open Ended,2009-05-18,Gold-India,66.5,68.84,53.59,-0.27,1.26,6.24,19.78,16.64,15.69,13.39,9.84,3.0,1.0,156243.5,55.18,14.37,15.24,Not Applicable,,,,15.6,1.2,1.79,-0.06,12.91,Gold : ETFs,Nil,16.0
SBI Gold-Reg(G),Raviprakash Sharma,GOLD-MF,Unrated,2516.4,0.42,Open Ended,2011-09-12,Gold-London Bullion Market association (LBMA),22.81,23.64,18.43,0.08,1.22,5.92,19.63,16.91,15.69,13.22,9.81,18.0,50.0,156243.5,55.18,14.37,15.24,Not Applicable,,,,16.03,1.21,1.97,-0.14,12.95,Gold : MFs,1% on or before 15D Nil after 15D,14.0
SBI Healthcare Opp Fund-Reg(G),Tanmaya Desai,EQ-PHRM,2,3459.7,1.95,Open Ended,1999-07-14,BSE Health Care - TRI,438.01,438.01,314.81,3.61,4.06,22.15,42.34,40.23,22.78,29.73,13.93,35.0,30.0,56826.0,27.85,25.88,38.39,Healthcare,,,,30.47,2.74,4.9,0.39,11.81,Equity : Sectoral - Pharma,0.50% on or before 15D Nil after 15D,26.0
SBI Infrastructure Fund-Reg(G),Bhavin Vithlani,EQ-INFRA,2,5006.4,1.89,Open Ended,2007-07-06,Nifty Infrastructure - TRI,50.36,55.47,41.36,-1.31,-8.84,-5.85,20.58,34.46,25.88,25.75,16.35,32.0,42.0,71717.0,35.07,18.81,38.23,Energy,,,,12.02,1.08,1.57,0.88,15.14,Equity : Sectoral - Infrastructure,0.50% on or before 30D Nil after 30D,18.0
SBI Innovative Opportunities Fund-Reg(G),Prasad Padala,EQ-THEM,Unrated,7897.5,1.77,Open Ended,2024-08-20,NIFTY 500 - TRI,10.28,10.35,9.37,4.43,-1.19,3.25,11.97,15.99,,,,45.0,36.0,56977.0,36.09,25.64,34.63,Technology,,,,4.33,1.34,2.01,0.88,12.37,Equity : Thematic,1% on or before 1Y Nil after 1Y,1.0
SBI International Access-US Equity FoF-Reg(G),Pradeep Kesavan,FOF-OVR,Unrated,980.6,1.6,Open Ended,2021-03-22,S&P 500 ,16.59,17.27,13.24,-2.84,0.77,4.04,22.96,24.66,11.14,,,8.0,50.0,156243.5,55.18,14.37,15.24,Not Applicable,,,,18.12,1.27,2.03,0.33,14.95,FoFs : Overseas,1% on or before 1Y Nil after 1Y,4.0
SBI Large & Midcap Fund-Reg(G),Saurabh Pant,EQ-L&M,4,29328.8,1.61,Open Ended,1993-02-28,NIFTY LargeMidcap 250 - TRI,593.91,630.36,494.26,-1.01,-5.32,1.08,18.42,22.53,17.25,20.98,15.19,59.0,79.0,121761.0,39.48,33.9,19.9,Financials,,,,9.83,1.08,1.6,0.82,12.91,Equity : Large & Mid Cap,0.10% on or before 30D Nil after 30D,32.0
SBI Liquid Fund-Reg(G),R. Arun,DT-LIQ,4,64117.0,0.31,Open Ended,2007-03-11,Nifty Liquid Fund Index,3947.17,3947.17,3680.58,0.58,1.71,3.49,7.26,7.1,6.32,5.27,6.25,0.0,50.0,156243.5,55.18,14.37,15.24,Not Applicable,0.13,0.09,6.96,0.68,9.24,5.07,0.88,0.07,Debt : Liquid,0.007% for Day 1 0.0065% on Day 2 0.0060% on Day 3 0.0055% on Day 4 0.0050% on Day 5 0.0045% on Day 6 NIL on or after 7D,18.0
SBI Long Duration Fund-Reg(G),Tejas Soman,DT-LD,Unrated,2668.8,0.68,Open Ended,2022-12-21,CRISIL Long Duration Debt Index,11.95,12.01,10.71,0.3,-0.3,3.58,11.33,9.33,,,,0.0,50.0,156243.5,55.18,14.37,15.24,Not Applicable,29.05,11.58,7.11,1.44,2.01,3.54,1.77,3.3,Debt : Long Duration,Nil,3.0
SBI Long Term Equity Fund-Reg(G),Dinesh Balachandran,EQ-ELSS,3,27847.5,1.59,Open Ended,1993-03-31,BSE 500 - TRI,431.16,459.1,335.63,-0.99,-6.46,0.36,27.29,34.02,24.55,24.29,14.79,22.0,59.0,182189.0,59.95,19.22,11.01,Financials,,,,17.29,1.56,2.31,0.88,13.87,Equity : Tax Saving (ELSS),Nil,32.0
SBI LT Advantage Fund-I-Reg(G),R. Srinivasan,EQ-ELSS,Unrated,53.3,1.08,Closed Ended,2015-02-11,BSE 500,43.54,45.52,33.87,-1.78,-3.87,2.45,26.68,27.09,18.96,25.28,,37.0,24.0,102968.0,39.39,12.76,25.24,Financials,,,,16.61,1.33,1.96,0.91,15.84,Equity : Tax Saving (ELSS),,10.0
SBI LT Advantage Fund-II-Reg(G),R. Srinivasan,EQ-ELSS,Unrated,41.7,1.08,Closed Ended,2015-04-01,BSE 500,44.56,47.57,35.36,-2.21,-5.96,0.36,23.99,25.67,17.75,25.03,,42.0,24.0,83378.0,37.77,17.72,30.48,Financials,,,,14.39,1.16,1.7,0.94,16.44,Equity : Tax Saving (ELSS),,10.0
SBI LT Advantage Fund-III-Reg(G),R. Srinivasan,EQ-ELSS,Unrated,78.7,1.08,Closed Ended,2016-03-31,BSE 500,45.77,48.26,35.21,-2.5,-5.02,2.18,27.78,28.33,19.97,26.49,,41.0,26.0,71785.0,35.99,16.57,38.01,Financials,,,,17.54,1.34,1.98,0.93,16.47,Equity : Tax Saving (ELSS),,9.0
SBI LT Advantage Fund-IV-Reg(G),R. Srinivasan,EQ-ELSS,Unrated,221.7,1.08,Closed Ended,2017-03-31,BSE 500,47.97,51.77,38.73,0.36,-7.22,1.65,21.32,23.14,17.35,27.41,,61.0,23.0,122845.0,66.06,21.56,9.47,Financials,,,,12.68,1.21,1.88,0.68,13.21,Equity : Tax Saving (ELSS),,8.0
SBI LT Advantage Fund-V-Reg(G),Mohan Lal,EQ-ELSS,Unrated,369.1,1.08,Closed Ended,2018-03-27,BSE 500,28.71,29.0,19.49,0.74,-0.98,14.13,44.75,30.01,19.99,21.41,,29.0,28.0,58953.0,36.97,12.3,46.03,Financials,,,,30.06,2.26,3.46,0.85,15.18,Equity : Tax Saving (ELSS),,7.0
SBI LT Advantage Fund-VI-Reg(G),R. Srinivasan,EQ-ELSS,Unrated,299.8,1.08,Closed Ended,2018-07-17,BSE 500,31.7,33.57,25.07,0.46,-5.57,2.09,24.68,31.47,20.87,22.95,,18.0,38.0,33225.0,19.66,10.54,53.75,Financials,,,,15.04,1.27,1.84,0.82,15.09,Equity : Tax Saving (ELSS),,7.0
SBI Magnum Childrens Benefit Fund-Investment Plan-Reg(G),R. Srinivasan,HY-SOL,Unrated,2961.9,1.92,Open Ended,2020-09-29,CRISIL Hybrid 35+65 - Aggressive Index,43.36,43.36,30.49,6.98,2.52,11.88,39.96,34.67,23.94,,,0.0,29.0,33887.0,22.65,4.98,48.63,FMCG,,,6.66,26.01,2.41,3.94,1.6,12.73,Hybrid : Solution Oriented,3% on or before 1Y 2% after 1Y but on or before 2Y 1% after 2Y but on or before 3Y Nil after 3Y,5.0
SBI Magnum Childrens Benefit Fund-Savings Plan,Rajeev Radhakrishnan,HY-SOL,Unrated,122.5,1.21,Open Ended,2002-01-28,NIFTY 50 Hybrid Composite Debt 15:85 Index,107.69,108.33,91.5,0.2,0.69,7.7,17.41,17.25,11.91,13.6,11.65,0.0,18.0,12875.0,1.07,1.1,18.6,FMCG,9.6,5.43,7.39,10.33,3.0,5.12,0.73,4.16,Hybrid : Solution Oriented,3% on or before 1Y 2% after 1Y but on or before 2Y 1% after 2Y but on or before 3Y Nil after 3Y,23.0
SBI Magnum Comma Fund-Reg(G),Dinesh Balachandran,EQ-THEM,5,652.9,2.51,Open Ended,2005-08-08,NIFTY COMMODITIES - TRI,99.56,111.69,86.14,-2.59,-11.44,-2.5,10.11,20.94,11.41,20.66,14.86,72.0,25.0,90947.0,49.8,12.79,30.56,Energy,,,,2.49,0.39,0.55,1.2,21.46,Equity : Thematic,0.50% on or before 30D Nil after 30D,20.0
SBI Magnum Constant Maturity Fund-Reg(G),Tejas Soman,DT-GL10Y,Unrated,1881.3,0.64,Open Ended,2000-12-25,Nifty 10 yr Benchmark G-Sec,60.68,60.76,55.46,0.35,0.81,4.53,9.24,8.25,5.87,6.18,8.11,0.0,50.0,156243.5,55.18,14.37,15.24,Not Applicable,9.85,6.84,6.93,1.41,2.24,3.91,1.14,2.13,Debt : Gilt (10 Yr Constant Duration),Nil,25.0
SBI Magnum Gilt Fund-Reg(G),Rajeev Radhakrishnan,DT-GILT,3,10979.1,0.94,Open Ended,2000-12-23,Nifty All Duration G-Sec Index,63.41,63.64,58.14,0.25,0.05,3.81,8.88,8.16,6.83,6.94,8.03,0.0,50.0,156243.5,55.18,14.37,15.24,Not Applicable,25.6,10.22,7.06,0.68,1.81,3.05,1.3,2.48,Debt : Gilt,Nil,25.0
SBI Magnum Global Fund-Reg(G),R. Srinivasan,EQ-MNC,Unrated,6634.6,1.88,Open Ended,1994-09-30,NIFTY MNC - TRI,374.24,385.03,328.81,0.46,-2.42,1.2,8.15,15.53,8.0,16.11,11.53,28.0,30.0,32073.0,13.74,25.98,35.67,FMCG,,,,2.37,0.43,0.69,0.39,9.94,Equity : Thematic - MNC,1% on or before 12M Nil after 12M,31.0
SBI Magnum Income Fund-Reg(G),Lokesh Mallya,DT-M&LD,4,1808.2,1.46,Open Ended,1998-11-25,CRISIL Medium to Long Term Debt Index,67.75,67.81,62.6,0.34,0.8,3.85,8.12,7.62,6.07,6.6,7.46,0.0,50.0,156243.5,55.18,14.37,15.24,Not Applicable,13.01,5.82,7.58,1.49,2.52,4.37,0.81,1.53,Debt : Medium to Long Duration,Nil for 10% of investment and 1% for remaining Investment on or before 1Y Nil after 1Y,27.0
SBI Magnum Low Duration Fund-Reg(G),Rajeev Radhakrishnan,DT-LOWD,3,12461.3,1.02,Open Ended,2007-07-26,CRISIL Low Duration Debt Index,3362.37,3362.37,3135.69,0.55,1.68,3.53,7.25,7.0,6.01,5.57,6.71,0.0,50.0,156243.5,55.18,14.37,15.24,Not Applicable,1.61,0.84,7.62,2.9,9.85,19.02,0.08,0.32,Debt : Low Duration,Nil,18.0
SBI Magnum Medium Duration Fund-Reg(G),Lokesh Mallya,DT-MD,5,6660.6,1.22,Open Ended,2003-11-05,NIFTY Medium Duration Debt Index,48.98,48.98,45.3,0.5,1.44,4.09,8.08,7.64,6.21,6.87,7.98,0.0,50.0,156243.5,55.18,14.37,15.24,Not Applicable,5.47,3.64,7.86,2.52,4.28,8.22,0.46,0.9,Debt : Medium Duration,1% on or before 3M Nil after 3M,22.0
SBI Magnum Midcap Fund-Reg(G),Bhavin Vithlani,EQ-MID,4,21455.0,1.67,Open Ended,2005-03-29,Nifty Midcap 150 - TRI,238.83,251.01,191.14,0.77,-5.41,0.08,20.39,28.24,19.14,27.02,15.83,44.0,65.0,51036.0,8.08,64.97,20.92,Financials,,,,12.0,1.19,1.79,0.68,12.95,Equity : Mid Cap,1% on or before 1Y Nil after 1Y,20.0
SBI Magnum Ultra Short Duration Fund-Reg(G),R. Arun,DT-USD,4,12426.0,0.54,Open Ended,1999-05-19,CRISIL Ultra Short Term Debt Index,5759.74,5759.74,5365.2,0.57,1.72,3.57,7.37,7.17,6.27,5.6,6.64,0.0,50.0,156243.5,55.18,14.37,15.24,Not Applicable,0.85,0.42,7.43,3.18,10.78,21.71,0.03,0.3,Debt : Ultra Short Duration,Nil,26.0
SBI Multi Asset Allocation Fund-Reg(G),Mansi Sajeja,HY-MULTI,Unrated,6843.1,1.45,Open Ended,2005-11-30,BSE 500 - TRI,55.62,57.09,48.69,-0.32,-2.81,1.21,12.52,18.52,14.34,13.93,10.93,0.0,50.0,64771.0,15.48,4.45,15.9,Financials,5.02,3.09,8.07,6.12,1.12,1.65,0.87,7.8,Hybrid : Multi Asset Allocation,Nil for 10% of investment and 1% for remaining Investment on or before 12M Nil after 12M,20.0
SBI Multicap Fund-Reg(G),R. Srinivasan,EQ-MLC,Unrated,18941.2,1.69,Open Ended,2022-03-08,Nifty500 Multicap 50:25:25 - TRI,16.78,17.29,13.01,1.26,-3.09,6.69,26.76,25.11,,,,31.0,42.0,61350.0,33.0,22.47,36.07,Financials,,,,17.31,1.6,2.43,0.73,13.09,Equity : Multi Cap,Nil upto 10% of units and 1% for remaining units on or before 1Y Nil after 1Y,3.0
SBI Nifty 10 yr Benchmark G-Sec ETF,Tejas Soman,DT-ETF,Unrated,3115.8,0.14,Open Ended,2016-06-10,Nifty 10 yr Benchmark G-Sec,242.64,243.27,221.53,0.39,1.03,4.69,9.36,8.55,5.72,5.27,,0.0,50.0,156243.5,55.18,14.37,15.24,Not Applicable,9.28,,,1.59,2.31,4.15,1.16,2.16,Debt : ETFs,,9.0
SBI NIFTY 1D Rate ETF,Tejas Soman,DT-ETF,Unrated,36.6,0.35,Open Ended,2023-10-27,Nifty 1D Rate Index,1000.0,1000.17,1000.0,0.51,1.53,3.08,6.32,15.99,,,,18.0,50.0,156243.5,55.18,14.37,15.24,Not Applicable,,,,0.76,7.17,7.62,0.88,0.1,Debt : ETFs,,2.0
SBI Nifty 200 Quality 30 ETF,Raviprakash Sharma,EQ-ETF,Unrated,131.6,0.5,Open Ended,2018-12-10,NIFTY200 Quality 30 - TRI,226.22,250.59,192.51,-2.12,-10.74,-0.13,13.62,23.26,12.91,17.82,,23.0,30.0,210993.0,75.3,23.76,0.94,Technology,,,,6.38,0.74,1.24,0.76,13.2,Equity : ETFs,,7.0
SBI Nifty 50 ETF,Raviprakash Sharma,EQ-ETF,Unrated,199595.8,0.04,Open Ended,2015-07-22,NIFTY 50 - TRI,255.32,276.32,221.86,-1.61,-7.82,-1.24,10.39,16.48,12.91,15.67,,14.0,50.0,555827.0,98.74,1.25,15.24,Financials,,,,2.27,0.49,0.75,0.99,13.83,Equity : ETFs,,10.0
SBI Nifty 500 Index Fund-Reg(G),Viral Chhadva,EQ-INDX,Unrated,841.6,0.87,Open Ended,2024-09-30,NIFTY 500 - TRI,9.4,9.79,9.0,-0.98,-7.37,3.25,11.97,15.99,,,,18.0,501.0,220957.0,70.63,18.64,10.74,Financials,,,,4.33,1.34,2.01,0.88,12.37,Equity : Index Funds,0.25% on or before 15D Nil after 15D,1.0
SBI Nifty Bank ETF,Raviprakash Sharma,EQ-ETF,Unrated,4455.3,0.2,Open Ended,2015-03-20,NIFTY BANK - TRI,525.07,553.56,453.42,-1.94,-3.56,-2.72,6.57,10.02,13.99,9.85,,28.0,12.0,538946.0,86.42,13.58,15.24,Financials,,,,-1.29,0.21,0.31,1.08,17.33,Equity : ETFs,,10.0
SBI Nifty Consumption ETF,Harsh Sethi,EQ-ETF,Unrated,19.9,0.29,Open Ended,2021-07-22,Nifty India Consumption - TRI,119.35,133.16,96.14,-0.18,-10.75,2.38,20.42,25.09,19.09,,,22.0,30.0,277641.0,92.14,7.86,15.24,FMCG,,,,11.69,1.16,2.13,0.74,12.93,Equity : ETFs,,4.0
SBI Nifty Index Fund-Reg(G),Raviprakash Sharma,EQ-INDX,3,8679.2,0.48,Open Ended,2002-01-17,NIFTY 50 - TRI,212.36,230.13,185.33,-1.65,-7.94,-1.47,9.89,15.93,12.37,14.97,11.51,16.0,50.0,555826.0,98.76,1.25,15.24,Financials,,,,1.44,0.46,0.7,1.0,13.9,Equity : Index Funds,0.20% on or before 15D Nil after 15D,23.0
SBI Nifty India Consumption Index Fund-Reg(G),Harsh Sethi,EQ-INDX,Unrated,363.7,0.9,Open Ended,2024-10-30,Nifty India Consumption - TRI,10.1,10.1,9.58,-0.24,-2.11,3.25,11.97,15.99,,,,18.0,30.0,277645.0,92.18,7.86,15.24,FMCG,,,,4.33,1.34,2.01,0.88,12.37,Equity : Index Funds,0.25% on or before 15D Nil after 15D,1.0
SBI Nifty IT ETF,Harsh Sethi,EQ-ETF,Unrated,86.8,0.22,Open Ended,2020-10-19,NIFTY IT - TRI,475.65,493.37,344.57,0.5,2.72,18.35,23.54,26.16,6.39,,,110.0,10.0,429503.0,83.85,16.15,15.24,Technology,,,,16.08,1.0,1.83,0.74,19.35,Equity : ETFs,,5.0
SBI Nifty Midcap 150 Index Fund-Reg(G),Harsh Sethi,EQ-INDX,Unrated,702.7,1.01,Open Ended,2022-10-03,Nifty Midcap 150 - TRI,18.4,19.32,14.58,1.54,-5.23,0.78,23.09,33.25,,,,27.0,151.0,58791.0,6.44,86.71,6.78,Financials,,,,14.19,1.09,1.56,0.96,17.41,Equity : Index Funds,0.25% on or before 30D Nil after 30D,3.0
SBI Nifty Next 50 ETF,Raviprakash Sharma,EQ-ETF,Unrated,3019.5,0.15,Open Ended,2015-03-20,NIFTY NEXT 50 - TRI,730.17,820.82,560.05,-3.42,-11.54,-5.17,28.48,28.52,18.52,20.01,,41.0,50.0,143043.0,88.23,11.76,15.24,Financials,,,,17.99,1.16,1.67,1.14,20.03,Equity : ETFs,,10.0
SBI Nifty Next 50 Index Fund-Reg(G),Raviprakash Sharma,EQ-INDX,Unrated,1494.3,0.78,Open Ended,2021-05-19,NIFTY NEXT 50 - TRI,18.65,21.01,14.4,-3.48,-11.7,-5.51,27.55,27.62,17.7,,,43.0,50.0,143043.0,88.27,11.77,15.24,Financials,,,,16.91,1.12,1.63,1.14,20.06,Equity : Index Funds,0.25% on or before 30D Nil after 30D,4.0
SBI Nifty Private Bank ETF,Harsh Sethi,EQ-ETF,Unrated,166.0,0.15,Open Ended,2020-10-19,Nifty Private Bank - TRI,255.94,276.47,227.2,-1.74,-6.0,-4.84,0.69,7.7,12.33,,,46.0,10.0,417377.0,83.31,13.6,3.08,Financials,,,,-6.8,-0.12,-0.18,1.04,17.01,Equity : ETFs,,5.0
SBI Nifty Smallcap 250 Index Fund-Reg(G),Harsh Sethi,EQ-INDX,Unrated,1247.8,1.01,Open Ended,2022-10-03,Nifty Smallcap 250 - TRI,19.36,20.07,14.58,1.0,-3.53,2.76,25.85,36.39,,,,43.0,250.0,19549.0,55.18,8.01,91.99,Financials,,,,16.91,1.09,1.54,0.96,19.9,Equity : Index Funds,0.25% on or before 30D Nil after 30D,3.0
SBI Nifty50 Equal Weight ETF,Viral Chhadva,EQ-ETF,Unrated,22.3,0.3,Open Ended,2024-07-16,NIFTY50 Equal Weight - TRI,30.17,33.72,29.16,-1.54,-11.57,3.25,11.97,15.99,,,,13.0,50.0,290199.0,96.29,3.66,15.24,Financials,,,,4.33,1.34,2.01,0.88,12.37,Equity : ETFs,,1.0
SBI Nifty50 Equal Weight Index Fund-Reg(G),Viral Chhadva,EQ-INDX,Unrated,1056.2,1.02,Open Ended,2024-01-31,NIFTY50 Equal Weight - TRI,11.09,12.42,10.0,-1.61,-11.75,-3.14,11.97,15.99,,,,30.0,50.0,290186.0,96.38,3.67,15.24,Financials,,,,4.33,1.34,2.01,0.88,12.37,Equity : Index Funds,0.25% on or before 15D Nil after 15D,1.0
SBI Overnight Fund-Reg(G),R. Arun,DT-ON,4,20131.6,0.15,Open Ended,2002-09-24,CRISIL Liquid Overnight Index,4038.63,4038.63,3789.41,0.55,1.6,3.22,6.6,6.58,5.92,4.82,5.61,0.0,50.0,156243.5,55.18,14.37,15.24,Not Applicable,,,6.66,0.25,32.34,1.9,0.88,0.01,Debt : Overnight,Nil,23.0
SBI PSU Fund-Reg(G),Rohit Shimpi,EQ-THEM,1,4686.1,1.86,Open Ended,2010-07-07,BSE PSU - TRI,30.88,35.15,24.72,-4.54,-9.89,-7.14,22.89,38.06,35.36,23.81,11.51,42.0,25.0,179277.0,69.88,21.13,2.89,Energy,,,,14.34,0.8,1.12,1.36,26.29,Equity : Thematic,0.50% on or before 30D Nil after 30D,15.0
SBI Quant Fund-Reg(G),Sukanya Ghosh,EQ-THEM,Unrated,709.5,1.08,Open Ended,2024-12-26,NIFTY 200 - TRI,10.23,10.23,9.98,0.31,-2.11,3.25,11.97,15.99,,,,18.0,50.0,156243.5,55.18,14.37,15.24,,,,,4.33,1.34,2.01,0.88,12.37,Equity : Thematic,0.50% on or before 6M Nil after 6M,1.0
SBI Retirement Benefit Fund-Aggressive Hybrid Plan-Reg(G),Rohit Shimpi,HY-SOL,Unrated,1531.6,2.1,Open Ended,2021-02-10,CRISIL Hybrid 35+65 - Aggressive Index,18.42,19.61,16.16,-2.01,-6.02,-2.69,11.17,17.13,13.63,,,0.0,44.0,184118.0,49.35,15.79,14.17,Financials,2.97,0.35,7.05,1.66,0.67,1.0,1.83,10.38,Hybrid : Solution Oriented,Nil,4.0
SBI Retirement Benefit Fund-Aggressive Plan-Reg(G),Rohit Shimpi,HY-SOL,Unrated,2773.6,1.93,Open Ended,2021-02-10,BSE 500 - TRI,19.81,21.42,17.25,-2.53,-7.47,-4.3,11.33,19.02,15.32,,,0.0,44.0,194204.0,63.11,18.69,16.94,Financials,1.05,0.7,6.96,0.83,0.58,0.86,2.24,12.67,Hybrid : Solution Oriented,Nil,4.0
SBI Retirement Benefit Fund-Conservative Hybrid Plan-Reg(G),Rohit Shimpi,HY-SOL,Unrated,275.8,1.67,Open Ended,2021-02-10,CRISIL Hybrid 65+35 - Conservative Index,15.08,15.48,13.64,-0.75,-2.6,0.55,9.6,12.43,9.96,,,0.0,44.0,189880.0,24.1,7.31,6.87,Financials,15.18,7.58,7.21,1.34,0.97,1.47,1.38,5.55,Hybrid : Solution Oriented,Nil,4.0
SBI Retirement Benefit Fund-Conservative Plan-Reg(G),Rohit Shimpi,HY-SOL,Unrated,177.8,1.38,Open Ended,2021-02-10,CRISIL Hybrid 85+15 - Conservative Index,13.76,13.89,12.56,-0.09,-0.97,2.38,9.11,10.18,8.44,,,0.0,44.0,190809.0,11.99,3.63,3.34,Financials,18.32,8.27,7.3,1.34,1.48,2.3,1.2,3.28,Hybrid : Solution Oriented,Nil,4.0
SBI Savings Fund-Reg(G),R. Arun,DT-MM,2,28254.2,0.76,Open Ended,2004-07-14,CRISIL Money Market Index,39.93,39.93,37.25,0.57,1.67,3.46,7.21,7.06,6.14,5.47,6.5,0.0,50.0,156243.5,55.18,14.37,15.24,Not Applicable,0.45,0.39,7.36,3.02,10.15,20.7,0.03,0.3,Debt : Money Market,Nil,21.0
SBI Short Term Debt Fund-Reg(G),Rajeev Radhakrishnan,DT-SD,3,13354.0,0.85,Open Ended,2007-07-26,CRISIL Short Duration Debt Index,30.71,30.71,28.51,0.5,1.52,3.95,7.68,7.19,5.96,6.06,6.95,0.0,50.0,156243.5,55.18,14.37,15.24,Not Applicable,3.62,2.71,7.57,2.55,5.35,10.83,0.33,0.66,Debt : Short Duration,Nil,18.0
SBI Silver ETF,Vandna Soni,GOLD-ETF,Unrated,503.8,0.42,Open Ended,2024-07-03,Silver,86.9,98.29,78.89,-3.62,-4.49,3.25,11.97,15.99,,,,10.0,50.0,156243.5,55.18,14.37,15.24,Not Applicable,,,,4.33,1.34,2.01,0.88,12.37,Gold : ETFs,,1.0
SBI Silver ETF FOF-Reg(G),Harsh Sethi,FOF-DOM,Unrated,289.6,0.63,Open Ended,2024-07-11,Silver,9.41,10.62,8.67,-3.5,-4.24,3.25,11.97,15.99,,,,18.0,50.0,156243.5,55.18,14.37,15.24,Not Applicable,,,,4.33,1.34,2.01,0.88,12.37,FoFs : Domestic,1% on or before 15D Nil after 15D,1.0
SBI Small Cap Fund-Reg(G),R. Srinivasan,EQ-SML,2,33285.2,1.57,Open Ended,2009-09-09,BSE 250 Small Cap - TRI,179.93,188.83,142.03,0.31,-5.0,1.31,25.22,25.34,19.44,27.17,19.99,78.0,58.0,15143.0,55.18,5.19,81.18,Financials,,,,16.35,1.38,2.08,0.67,14.2,Equity : Small Cap,1% on or before 1Y Nil after 1Y,16.0
SBI Technology Opp Fund-Reg(G),Vivek Gedda,EQ-TECH,Unrated,4585.7,1.89,Open Ended,2013-01-07,BSE TECk Index - TRI,225.69,233.07,168.43,2.44,3.45,17.97,30.08,27.4,11.17,27.36,17.33,25.0,32.0,156660.0,47.32,13.83,23.74,Technology,,,,20.16,1.59,2.92,0.7,14.9,Equity : Sectoral - Technology,0.50% on or before 15D Nil after 15D,12.0
Shriram Aggressive Hybrid Fund-Reg(G),Deepak Ramaraju,HY-EQ,Unrated,49.1,2.3,Open Ended,2013-12-06,CRISIL Hybrid 35+65 - Aggressive Index,32.15,33.9,27.96,1.28,-5.24,-1.5,13.26,17.35,11.99,12.61,9.44,474.6,41.0,131733.0,37.72,24.48,3.67,Healthcare,3.62,2.93,7.28,3.02,0.73,1.02,2.22,13.13,Hybrid : Equity Oriented,NIL for 12% of units and 1% for remaining units on or before 90D Nil after 90D,12.0
Shriram Balanced Advantage Fund-Reg(G),Deepak Ramaraju,HY-DYN,Unrated,57.9,2.3,Open Ended,2019-07-05,NIFTY 50 Hybrid Composite Debt 50:50 Index,17.51,18.27,15.86,2.05,-4.11,-1.76,9.15,14.49,10.52,10.87,,552.3,21.0,211527.0,46.89,19.05,0.5,Healthcare,3.99,3.26,7.37,-0.4,0.48,0.67,2.11,12.12,Hybrid : Dynamic Asset Allocation,NIL for 12% of units and 1% for remaining units on or before 90D Nil after 90D,6.0
Shriram ELSS Tax Saver Fund-Reg(G),Deepak Ramaraju,EQ-ELSS,Unrated,53.5,2.25,Open Ended,2019-01-25,NIFTY 500 - TRI,23.12,24.37,19.57,1.51,-5.32,-2.45,16.57,21.03,14.52,15.52,,655.7,50.0,100891.0,42.55,32.23,18.92,Healthcare,,,,8.27,0.76,1.06,1.04,17.8,Equity : Tax Saving (ELSS),Nil,6.0
Shriram Flexi Cap Fund-Reg(G),Deepak Ramaraju,EQ-FLEX,Unrated,140.7,2.3,Open Ended,2018-09-28,NIFTY 500 - TRI,22.28,23.65,18.95,1.73,-5.11,-3.03,15.92,21.52,14.92,15.33,,814.5,55.0,86564.0,37.55,33.72,22.13,Healthcare,,,,7.53,0.7,0.99,1.06,18.39,Equity : Flexi Cap,NIL for 12% of units and 1% for remaining units on or before 90D Nil after 90D,7.0
Shriram Liquid Fund-Reg(G),Deepak Ramaraju,DT-LIQ,Unrated,158.2,0.25,Open Ended,2024-11-14,Nifty Liquid Fund Index,1010.09,1010.09,1000.0,0.58,-2.11,3.25,11.97,15.99,,,,18.0,50.0,156243.5,55.18,14.37,15.24,Not Applicable,,,,4.33,1.34,2.01,0.88,12.37,Debt : Liquid,0.007% for Day 1 0.0065% on Day 2 0.0060% on Day 3 0.0055% on Day 4 0.0050% on Day 5 0.0045% on Day 6 NIL on or after 7D,1.0
Shriram Multi Asset Allocation Fund-Reg(G),Deepak Ramaraju,HY-MULTI,Unrated,160.5,2.3,Open Ended,2023-09-08,NIFTY 50 - TRI,12.38,13.14,11.2,1.01,-4.16,-4.21,8.8,15.99,,,,507.8,41.0,130614.0,36.06,26.51,3.31,Healthcare,2.82,2.41,7.56,-0.38,0.41,0.56,2.04,13.83,Hybrid : Multi Asset Allocation,NIL for 12% of units and 1% for remaining units on or before 90D Nil after 90D,2.0
Shriram Multi Sector Rotation Fund-Reg(G),Deepak Ramaraju,EQ-THEM,Unrated,709.5,2.3,Open Ended,2024-12-09,NIFTY 500 - TRI,10.04,10.06,9.81,0.31,-2.11,3.25,11.97,15.99,,,,18.0,50.0,156243.5,55.18,14.37,15.24,,,,,4.33,1.34,2.01,0.88,12.37,Equity : Thematic,1% on or before 3M Nil after 3M,1.0
Shriram Nifty 1D Rate Liquid ETF,Deepak Ramaraju,DT-ETF,Unrated,26.5,0.35,Open Ended,2024-07-05,Nifty 1D Rate Index,1030.93,1030.93,1000.0,0.52,1.52,3.25,11.97,15.99,,,,18.0,50.0,156243.5,55.18,14.37,15.24,Not Applicable,,,6.66,4.33,1.34,2.01,0.88,12.37,Debt : ETFs,,1.0
Shriram Overnight Fund-Reg(G),Deepak Ramaraju,DT-ON,Unrated,269.8,0.15,Open Ended,2022-08-26,CRISIL Liquid Overnight Index,11.6,11.6,10.89,0.53,1.58,3.19,6.55,6.55,,,,0.0,50.0,156243.5,55.18,14.37,15.24,Not Applicable,0.01,0.01,6.68,0.23,17.15,1.7,0.88,0.01,Debt : Overnight,Nil,3.0
Sundaram Aggressive Hybrid Fund(G),S. Bharath,HY-EQ,4,5469.4,1.84,Open Ended,2000-01-14,CRISIL Hybrid 35+65 - Aggressive Index,160.3,166.24,134.45,0.37,-4.01,2.88,17.48,17.49,12.57,15.59,12.33,67.3,70.0,209191.0,49.63,13.09,8.93,Financials,6.9,4.68,6.77,7.74,1.24,1.85,1.75,10.33,Hybrid : Equity Oriented,Nil upto 25% of units within 1Y 1% in excess of limit within 1Y Nil after 1Y,25.0
Sundaram Arbitrage Fund(G),Rohit Seksaria,HY-ARB,Unrated,230.5,1.0,Open Ended,2016-04-21,Nifty 50 Arbitrage - TRI,13.99,13.99,13.07,0.62,1.69,3.31,7.16,6.96,5.85,4.42,,82.3,36.0,346753.0,63.99,4.33,0.06,Financials,0.51,,5.53,3.15,2.93,6.63,-0.07,1.0,Hybrid : Arbitrage,Nil upto 25% of units and 0.25% for remaining units on or before 15D Nil after 15D,9.0
Sundaram Balanced Advantage Fund(G),S. Bharath,HY-DYN,1,1539.7,2.08,Open Ended,2010-12-16,NIFTY 50 Hybrid Composite Debt 50:50 Index,34.67,35.67,30.26,-0.02,-3.15,2.56,12.88,13.88,11.19,10.81,7.79,71.8,63.0,310645.0,57.28,10.81,3.74,Financials,7.24,4.85,7.02,4.33,1.04,1.53,1.47,8.37,Hybrid : Dynamic Asset Allocation,Nil upto 25% of units and 1% for remaining units on or before 1Y Nil after 1Y,15.0
Sundaram Banking & PSU Fund(G),Sandeep Agarwal,DT-B&PSU,2,336.0,0.4,Open Ended,2004-12-30,NIFTY Banking and PSU Debt Index,41.18,41.18,38.14,0.52,1.44,4.11,7.93,7.4,5.91,5.63,6.68,0.0,50.0,156243.5,55.18,14.37,15.24,Not Applicable,5.17,3.49,7.3,2.82,5.21,10.75,0.35,0.74,Debt : Banking & PSU,Nil,21.0
Sundaram Business Cycle Fund-Reg(G),Ratish Varier,EQ-THEM,Unrated,1549.5,2.04,Open Ended,2024-06-25,NIFTY 500 - TRI,10.96,11.1,10.0,1.63,-0.93,8.52,11.97,15.99,,,,9.7,44.0,76586.0,36.07,13.27,34.92,Financials,,,,4.33,1.34,2.01,0.88,12.37,Equity : Thematic,1% on or before 365D Nil after 365D,1.0
Sundaram Conservative Hybrid Fund(G),Dwijendra Srivastava,HY-DT(CO),Unrated,27.5,2.14,Open Ended,2010-03-08,CRISIL Hybrid 85+15 - Conservative Index,28.85,29.16,26.51,0.03,-0.93,2.66,8.15,8.71,6.73,8.31,7.11,0.0,26.0,424695.0,18.19,1.93,0.37,Financials,9.8,4.88,6.85,0.66,1.1,1.64,1.13,3.66,Hybrid : Debt Oriented (Conservative),Nil,15.0
Sundaram Consumption Fund(G),Ratish Varier,EQ-CONS,2,1585.7,2.19,Open Ended,2006-05-12,Nifty India Consumption - TRI,100.69,107.41,78.18,0.89,-7.01,7.82,20.8,26.75,20.6,18.81,14.68,27.7,31.0,177209.0,72.49,9.28,13.37,FMCG,,,,12.68,1.32,2.35,0.65,12.11,Equity : Thematic - Consumption,0.50% on or before 30D Nil after 30D,19.0
Sundaram Corp Bond Fund(G),Dwijendra Srivastava,DT-CORP,4,734.9,0.56,Open Ended,2004-12-30,NIFTY Corporate Bond Index,38.4,38.4,35.57,0.49,1.35,4.15,7.93,7.08,5.94,6.41,7.37,0.0,50.0,156243.5,55.18,14.37,15.24,Not Applicable,6.12,4.03,7.3,2.67,4.73,9.22,0.4,0.81,Debt : Corporate Bond,Nil,21.0
Sundaram Diversified Equity(G),Sudhir Kedia,EQ-ELSS,2,1558.0,2.18,Open Ended,2005-05-02,NIFTY 500 - TRI,217.37,229.5,184.4,0.03,-5.29,0.77,12.79,18.18,13.56,15.96,11.7,22.8,63.0,255235.0,72.41,14.51,9.96,Financials,,,,4.44,0.69,1.03,0.89,13.0,Equity : Tax Saving (ELSS),Nil,20.0
Sundaram Dividend Yield Fund(G),Ratish Varier,EQ-DIV,Unrated,941.3,2.26,Open Ended,2004-10-15,NIFTY 500 - TRI,137.78,147.83,116.62,-1.42,-7.31,-0.68,15.75,25.25,16.86,20.27,14.14,51.6,63.0,210685.0,67.75,13.23,13.61,Financials,,,,7.16,0.78,1.11,1.02,15.79,Equity : Thematic - Dividend Yield,Nil upto 24% of units and 1% for remaining units on or before 365D Nil after 365D,21.0
Sundaram ELSS Tax Saver Fund-Reg(G),Sudhir Kedia,EQ-ELSS,4,1355.9,2.22,Open Ended,1996-03-31,NIFTY 500 - TRI,500.84,527.46,412.59,0.05,-5.26,0.83,16.47,20.73,15.31,18.98,13.58,32.2,69.0,159426.0,68.26,14.27,12.74,Financials,,,,7.79,0.93,1.37,0.9,13.31,Equity : Tax Saving (ELSS),Nil,29.0
Sundaram Equity Savings Fund(G),Sudhir Kedia,HY-EQ,3,1004.8,2.19,Open Ended,2002-05-23,NIFTY 50 Equity Savings Index,68.27,68.97,59.75,0.63,-1.24,3.51,12.88,14.08,10.84,12.94,9.44,65.2,57.0,245484.0,49.58,10.95,7.82,Financials,3.58,2.5,6.96,5.75,1.42,2.12,0.91,5.92,Hybrid : Equity Oriented,0.50% on or before 7D,23.0
Sundaram Fin Serv Opp Fund(G),Rohit Seksaria,EQ-FIN,4,1449.8,2.12,Open Ended,2008-06-10,Nifty Financial Services - TRI,96.25,103.82,85.23,-2.04,-7.29,-5.26,7.7,19.52,18.78,14.49,12.51,72.5,26.0,148529.0,61.77,6.57,26.56,Financials,,,,-0.4,0.29,0.41,1.07,17.16,Equity : Sectoral - Financial Services,0.50% on or before 30D Nil after 30D,17.0
Sundaram Flexi Cap Fund-Reg(G),Sudhir Kedia,EQ-FLEX,Unrated,2105.1,2.01,Open Ended,2022-09-06,NIFTY 500 - TRI,14.57,15.26,12.05,-0.09,-4.66,3.49,15.33,20.07,,,,27.3,66.0,220428.0,69.94,13.27,15.34,Financials,,,,6.78,0.85,1.27,0.9,13.28,Equity : Flexi Cap,Nil upto 25% of units and 1% for remaining units on or before 365D Nil after 365D,3.0
Sundaram Focused Fund(G),S. Bharath,EQ-FLEX,4,1118.0,2.25,Open Ended,2005-11-11,NIFTY 500 - TRI,163.05,172.22,133.95,-0.85,-5.31,1.31,17.37,21.18,13.86,18.58,13.45,56.5,29.0,345701.0,82.92,8.39,2.84,Financials,,,,8.64,0.93,1.38,0.95,14.48,Equity : Flexi Cap,0.25% before 7D Nil after 7D,20.0
Sundaram Global Brand Fund(G),Patanjali Srinivasan,FOF-OVR,Unrated,114.8,2.31,Open Ended,2007-08-22,MSCI AC World Index,32.34,32.91,27.91,2.23,3.12,6.61,13.23,21.36,7.58,12.35,8.43,18.0,50.0,156243.5,55.18,14.37,15.24,Not Applicable,,,,8.85,0.91,1.42,0.53,11.22,FoFs : Overseas,Nil upto 25% of units and 1% for remaining units on or before 365D Nil after 365D,18.0
Sundaram Infra Advantage Fund(G),Ashish Aggarwal,EQ-INFRA,3,989.3,2.38,Open Ended,2005-09-29,Nifty Infrastructure - TRI,94.15,100.14,74.64,-0.61,-6.23,-3.66,24.25,32.59,21.9,24.12,14.37,37.7,59.0,112834.0,53.49,15.71,26.0,Capital Goods,,,,14.31,1.02,1.41,1.15,19.7,Equity : Sectoral - Infrastructure,0.50% on or before 30D Nil after 30D,20.0
Sundaram Large and Mid Cap Fund(G),S. Bharath,EQ-L&M,2,6917.8,1.79,Open Ended,2007-02-27,NIFTY LargeMidcap 250 - TRI,86.47,89.63,68.65,0.56,-3.87,2.66,21.39,24.47,15.38,18.36,14.51,39.5,77.0,166127.0,52.71,32.64,9.83,Financials,,,,12.05,1.12,1.62,0.96,15.08,Equity : Large & Mid Cap,Nil upto 25% of units and 1% for remaining units on or before 365D Nil after 365D,18.0
Sundaram Large Cap Fund-Reg(G),Ashwin Jain,EQ-LC,Unrated,3452.3,1.91,Open Ended,2020-10-08,NIFTY 100 - TRI,21.08,22.59,18.32,-0.49,-6.5,0.06,11.48,16.65,12.46,,,28.1,40.0,408754.0,85.89,6.88,0.98,Financials,,,,3.02,0.58,0.86,0.96,13.68,Equity : Large Cap,Nil upto 25% of units and 1% for remaining units on or before 1Y Nil after 1Y,5.0
Sundaram Liquid Fund(G),Dwijendra Srivastava,DT-LIQ,1,6538.8,0.32,Open Ended,2004-08-30,Nifty Liquid Fund Index,2227.33,2227.33,2076.08,0.59,1.73,3.52,7.3,7.13,6.37,5.2,5.28,0.0,50.0,156243.5,55.18,14.37,15.24,Not Applicable,0.11,0.11,7.11,0.71,9.92,5.39,0.88,0.07,Debt : Liquid,0.007% for Day 1 0.0065% on Day 2 0.0060% on Day 3 0.0055% on Day 4 0.0050% on Day 5 0.0045% on Day 6 NIL on or after 7D,21.0
Sundaram Low Duration Fund(G),Sandeep Agarwal,DT-LOWD,2,440.7,1.13,Open Ended,2004-09-14,NIFTY Low Duration Debt Index,3334.98,3334.98,3110.13,0.58,1.63,3.68,7.24,6.84,5.96,5.44,4.46,0.0,50.0,156243.5,55.18,14.37,15.24,Not Applicable,0.98,0.78,7.59,2.92,8.31,19.83,0.09,0.39,Debt : Low Duration,Nil,21.0
Sundaram LT Micro Cap Tax Adv Fund-Sr III-Reg(G),Rohit Seksaria,EQ-ELSS,Unrated,82.3,1.43,Closed Ended,2016-11-18,Nifty Smallcap 100,33.24,35.35,26.41,-0.01,-5.07,-1.16,13.66,29.99,21.16,28.92,,34.0,35.0,14177.0,0.99,6.67,88.53,Financials,,,,6.43,0.62,0.9,0.8,16.83,Equity : Tax Saving (ELSS),,9.0
Sundaram LT Micro Cap Tax Adv Fund-Sr IV-Reg(G),Rohit Seksaria,EQ-ELSS,Unrated,38.2,1.44,Closed Ended,2017-03-24,Nifty Smallcap 100,28.8,30.64,22.95,-0.04,-5.19,-1.11,13.56,30.18,21.15,29.24,,34.0,35.0,13908.0,0.97,6.12,89.09,Financials,,,,6.35,0.62,0.9,0.8,16.79,Equity : Tax Saving (ELSS),,8.0
Sundaram LT Micro Cap Tax Adv Fund-Sr V-Reg(G),Rohit Seksaria,EQ-ELSS,Unrated,32.8,1.41,Closed Ended,2017-07-05,Nifty Smallcap 100,27.91,29.52,22.01,0.06,-4.62,-0.32,15.16,29.82,20.38,28.95,,34.0,36.0,14049.0,0.86,5.53,89.79,Financials,,,,7.74,0.7,1.02,0.81,16.84,Equity : Tax Saving (ELSS),,8.0
Sundaram LT Micro Cap Tax Adv Fund-Sr VI-Reg(G),Rohit Seksaria,EQ-ELSS,Unrated,38.9,1.42,Closed Ended,2017-09-28,Nifty Smallcap 100,26.73,28.21,21.29,0.16,-4.4,0.09,14.43,30.62,21.24,29.48,,34.0,34.0,13189.0,55.18,6.21,92.96,Financials,,,,7.06,0.67,0.97,0.79,16.64,Equity : Tax Saving (ELSS),,8.0
Sundaram LT Tax Adv Fund-Sr I-Reg(G),Rohit Seksaria,EQ-ELSS,Unrated,20.0,1.44,Closed Ended,2015-03-26,BSE 500,31.74,33.78,27.65,-1.23,-6.34,-1.77,11.48,16.8,14.25,17.53,,28.0,31.0,395939.0,81.72,12.34,3.28,Financials,,,,3.05,0.56,0.83,0.99,14.3,Equity : Tax Saving (ELSS),,10.0
Sundaram LT Tax Adv Fund-Sr II-Reg(G),Rohit Seksaria,EQ-ELSS,Unrated,12.8,1.38,Closed Ended,2016-03-21,BSE 500,34.67,36.83,30.14,-1.41,-6.23,-1.75,11.64,17.02,14.22,17.56,,28.0,32.0,424736.0,83.17,10.92,2.59,Financials,,,,3.12,0.57,0.83,1.01,14.59,Equity : Tax Saving (ELSS),,9.0
Sundaram LT Tax Adv Fund-Sr III-Reg(G),Rohit Seksaria,EQ-ELSS,Unrated,36.0,1.41,Closed Ended,2018-03-28,BSE 500,27.9,29.56,22.47,-0.5,-5.41,-1.81,12.36,29.77,21.61,28.56,,28.0,38.0,14567.0,1.12,7.86,90.07,Financials,,,,5.22,0.56,0.82,0.78,16.23,Equity : Tax Saving (ELSS),,7.0
Sundaram LT Tax Adv Fund-Sr IV-Reg(G),Rohit Seksaria,EQ-ELSS,Unrated,23.0,1.4,Closed Ended,2018-06-29,BSE 500,32.33,34.16,26.0,-0.4,-5.25,-1.59,12.54,30.06,21.44,28.44,,28.0,38.0,14009.0,1.16,6.46,88.8,Financials,,,,5.37,0.57,0.84,0.78,16.17,Equity : Tax Saving (ELSS),,7.0
Sundaram Medium Duration Fund(G),Dwijendra Srivastava,DT-MD,Unrated,44.4,2.18,Open Ended,1997-12-18,NIFTY Medium Duration Debt Index,66.46,66.5,62.54,0.34,0.91,3.2,6.22,5.79,4.05,4.0,5.48,0.0,50.0,156243.5,55.18,14.37,15.24,Not Applicable,4.91,3.7,7.01,0.4,1.97,3.64,0.56,1.06,Debt : Medium Duration,1% on or before 12M Nil after 12M,28.0
Sundaram Mid Cap Fund-Reg(G),S. Bharath,EQ-MID,1,12425.3,1.73,Open Ended,2002-07-19,Nifty Midcap 150 - TRI,1399.9,1442.27,1038.84,1.62,-3.9,6.88,31.5,36.8,25.3,24.5,15.93,46.8,80.0,60175.0,18.06,61.05,14.96,Financials,,,,21.27,1.61,2.4,0.88,15.98,Equity : Mid Cap,Nil upto 25% of units and 1% for remaining units on or before 365D Nil after 365D,23.0
Sundaram Money Market Fund-Reg(G),Sandeep Agarwal,DT-MM,Unrated,584.3,0.28,Open Ended,2018-09-26,Nifty Money Market Index,14.43,14.43,13.43,0.62,1.78,3.61,7.48,7.26,6.39,5.53,,0.0,50.0,156243.5,55.18,14.37,15.24,Not Applicable,0.39,0.39,7.3,3.35,10.76,22.47,0.03,0.32,Debt : Money Market,Nil,7.0
Sundaram Multi Asset Allocation Fund-Reg(G),Rohit Seksaria,HY-MULTI,Unrated,2442.3,1.86,Open Ended,2024-01-25,NIFTY 500 - TRI,11.33,11.84,10.0,-0.78,-4.73,0.66,11.97,15.99,,,,0.0,56.0,296037.0,55.9,5.82,3.92,Financials,4.52,3.59,6.82,4.33,1.34,2.01,0.88,12.37,Hybrid : Multi Asset Allocation,Nil upto 30% of units and 1% for remaining units on or before 365D Nil after 365D,1.0
Sundaram Multi Cap Fund(G),Sudhir Kedia,EQ-MLC,4,2760.8,1.99,Open Ended,2000-10-25,Nifty500 Multicap 50:25:25 - TRI,379.34,398.6,308.24,0.37,-5.62,1.44,19.61,25.68,16.09,21.13,14.88,67.8,71.0,122713.0,46.16,23.96,25.56,Financials,,,,10.91,1.08,1.56,0.88,14.23,Equity : Multi Cap,Nil upto 25% of units and 1% for remaining units on or before 365D Nil after 365D,25.0
Sundaram Nifty 100 Equal Weight Fund(G),Rohit Seksaria,EQ-INDX,Unrated,97.3,1.04,Open Ended,1999-07-27,Nifty100 Equal Weight - TRI,169.59,189.04,142.0,-2.06,-10.96,-4.05,16.42,23.45,15.74,18.3,11.34,36.1,100.0,200082.0,87.89,10.8,15.24,Financials,,,,7.89,0.82,1.19,0.98,15.67,Equity : Index Funds,Nil,26.0
Sundaram Overnight Fund-Reg(G),Sandeep Agarwal,DT-ON,4,873.9,0.18,Open Ended,2019-03-20,Nifty 1D Rate Index,1328.21,1328.21,1246.34,0.55,1.6,3.22,6.59,6.59,5.92,4.81,,0.0,50.0,156243.5,55.18,14.37,15.24,Not Applicable,,,6.66,0.25,29.74,1.86,0.88,0.01,Debt : Overnight,Nil,6.0
Sundaram Services Fund-Reg(G),Rohit Seksaria,EQ-THEM,4,3907.1,1.91,Open Ended,2018-09-21,Nifty Services Sector - TRI,33.39,34.92,27.01,0.34,-4.24,5.34,18.62,23.92,16.66,21.4,,78.2,52.0,103110.0,48.66,12.31,33.17,Financials,,,,9.95,1.08,1.59,0.84,13.2,Equity : Thematic,Nil upto 25% of units and 1% for remaining units on or before 365D Nil after 365D,7.0
Sundaram Short Duration Fund(G),Dwijendra Srivastava,DT-SD,2,235.0,0.85,Open Ended,2003-05-13,Nifty Short Duration Debt Index,42.43,42.43,39.31,0.51,1.41,4.14,7.9,7.34,6.04,6.28,5.89,0.0,50.0,156243.5,55.18,14.37,15.24,Not Applicable,3.28,2.41,7.29,2.7,4.8,10.15,0.37,0.79,Debt : Short Duration,Nil,22.0
Sundaram Small Cap Fund(G),Rohit Seksaria,EQ-SML,3,3424.3,1.94,Open Ended,2005-02-15,Nifty Smallcap 250 - TRI,261.99,272.96,207.47,0.03,-4.4,3.28,19.77,31.78,19.66,27.63,14.29,62.7,81.0,16135.0,5.52,6.31,83.42,Financials,,,,11.64,0.99,1.42,0.79,15.85,Equity : Small Cap,Nil upto 25% of units and 1% for remaining units on or before 365D Nil after 365D,20.0
Sundaram Ultra Short Duration Fund(G),Sandeep Agarwal,DT-USD,1,2073.4,1.48,Open Ended,2007-12-28,NIFTY Ultra Short Duration Debt Index,2601.1,2601.1,2444.58,0.54,1.52,3.12,6.41,6.26,5.4,4.57,5.34,0.0,50.0,156243.5,55.18,14.37,15.24,Not Applicable,0.39,0.37,7.33,2.32,8.97,18.14,0.03,0.27,Debt : Ultra Short Duration,Nil,18.0
Tata Arbitrage Fund-Reg(G),Sailesh Jain,HY-ARB,5,12589.0,1.08,Open Ended,2018-12-18,Nifty 50 Arbitrage,13.9,13.9,12.94,0.66,1.83,3.46,7.46,7.28,6.19,5.44,,551.29,158.0,169031.0,44.19,18.19,4.18,Financials,0.32,0.3,7.52,3.55,3.4,7.73,-0.09,0.96,Hybrid : Arbitrage,0.25% on or before 30D,7.0
Tata Balanced Adv Fund-Reg(G),Rahul Singh (Tata),HY-DYN,4,10258.2,1.7,Open Ended,2019-01-28,CRISIL Hybrid 50+50 - Moderate Index,20.02,20.71,17.89,-0.4,-3.42,0.35,10.87,14.07,11.26,12.99,,30.47,73.0,310223.0,55.65,7.52,3.39,Financials,4.04,2.4,7.39,2.82,0.95,1.38,1.32,7.08,Hybrid : Dynamic Asset Allocation,Nil upto 12% of original cost of investments and 1% for more than 12% on or before 90D Nil after 90D,6.0
Tata Banking & Financial Services Fund-Reg(G),Amey Sathe,EQ-FIN,2,2378.0,1.97,Open Ended,2015-12-28,Nifty Financial Services - TRI,39.25,41.63,33.01,-1.39,-4.44,-0.04,9.18,15.98,16.53,12.51,,20.43,34.0,166236.0,56.74,13.15,26.99,Financials,,,,1.66,0.41,0.59,0.95,15.8,Equity : Sectoral - Financial Services,0.25% on or before 30D,10.0
Tata BSE Select Business Groups Index Fund-Reg(G),Kapil Menon,EQ-INDX,Unrated,709.5,1.08,Open Ended,2024-12-12,BSE Select Business Groups Index - TRI,9.69,10.0,9.41,0.31,-2.11,3.25,11.97,15.99,,,,18.0,50.0,156243.5,55.18,14.37,15.24,,,,,4.33,1.34,2.01,0.88,12.37,Equity : Index Funds,0.25% on or before 15D,1.0
Tata BSE Sensex Index Fund-Reg(G),Kapil Menon,EQ-INDX,1,368.5,0.58,Open Ended,2003-02-25,BSE SENSEX - TRI,199.72,214.46,174.91,-1.69,-6.83,-1.09,9.19,14.96,11.78,14.21,11.41,8.9,30.0,684554.0,99.27,0.72,15.24,Financials,,,,0.81,0.42,0.65,1.0,13.89,Equity : Index Funds,0.25% on or before 7D Nil after 7D,22.0
Tata Business Cycle Fund-Reg(G),Rahul Singh (Tata),EQ-THEM,Unrated,2875.5,1.91,Open Ended,2021-08-04,NIFTY 500 - TRI,19.13,20.68,15.88,-1.24,-7.9,-1.72,18.51,26.63,22.32,,,45.88,76.0,109444.0,52.53,16.05,30.33,Financials,,,,9.9,0.96,1.35,0.96,15.37,Equity : Thematic,Nil upto 12% of investment and 1% for remaining investments on or before 90D Nil after 90D,4.0
Tata Corp Bond Fund-Reg(G),Abhishek Sonthalia,DT-CORP,Unrated,2762.6,0.86,Open Ended,2021-12-01,CRISIL Corporate Bond Index,11.85,11.85,10.95,0.54,1.44,4.07,8.21,7.55,5.76,,,0.0,50.0,156243.5,55.18,14.37,15.24,Not Applicable,5.7,3.56,7.66,2.92,5.22,10.38,0.39,0.78,Debt : Corporate Bond,Nil,4.0
Tata CRISIL IBX Gilt Index - April 2026 Index Fund-Reg(G),Amit Somani,DT-MD,Unrated,1026.2,0.35,Open Ended,2022-09-30,CRISIL IBX Gilt Index - April 2026,11.71,11.71,10.92,0.55,1.49,3.59,7.2,7.13,,,,0.0,50.0,156243.5,55.18,14.37,15.24,Not Applicable,1.3,1.21,6.82,2.55,5.85,13.4,0.19,0.53,Debt : Medium Duration,Nil,3.0
Tata Digital India Fund-Reg(G),Meeta Shetty,EQ-TECH,Unrated,12659.0,1.66,Open Ended,2015-12-28,NIFTY IT - TRI,55.14,56.85,39.93,1.1,2.72,17.43,30.44,32.43,10.53,29.34,,22.28,37.0,220342.0,70.82,9.9,15.94,Technology,,,,20.89,1.45,2.78,0.77,17.08,Equity : Sectoral - Technology,0.25% on or before 30D,10.0
Tata Dividend Yield Fund-Reg(G),Sailesh Jain,EQ-DIV,Unrated,985.7,2.2,Open Ended,2021-05-20,NIFTY 500 - TRI,17.65,19.09,15.2,-2.27,-7.92,-4.76,11.84,23.61,15.78,,,22.83,70.0,113620.0,51.85,22.9,23.74,Financials,,,,3.91,0.53,0.72,1.06,17.59,Equity : Thematic - Dividend Yield,Nil upto 12% of investments and 1% for remaining units on or before 365D Nil after 365D,4.0
Tata ELSS Tax Saver Fund-Reg(G),Tejas Gutka,EQ-ELSS,2,4662.9,1.82,Open Ended,2014-10-13,NIFTY 500 - TRI,44.79,47.21,36.03,-0.26,-5.72,2.27,19.55,22.33,16.79,18.13,14.92,16.28,58.0,131290.0,58.67,10.22,26.49,Financials,,,,10.43,1.01,1.44,0.99,15.25,Equity : Tax Saving (ELSS),Nil,11.0
Tata Equity P/E Fund(G),Sonam Udasi,EQ-VAL,1,8639.7,1.78,Open Ended,2004-06-29,NIFTY 500 - TRI,357.0,381.75,284.98,-0.5,-7.2,-1.02,21.6,29.81,21.51,20.63,14.98,83.92,41.0,108228.0,50.98,14.85,24.33,Financials,,,,12.57,1.02,1.42,1.05,17.56,Equity : Value / Contra,Nil upto 12% on investment and 1% for rest investment on or before 12M Nil after 12M,21.0
Tata Equity Savings Fund-Reg(G),Sailesh Jain,HY-EQ,2,224.1,1.13,Open Ended,2000-04-27,NIFTY 50 Equity Savings Index,53.1,53.46,47.65,0.29,0.38,2.56,11.24,11.83,8.85,9.28,7.28,33.0,36.0,433477.0,57.85,7.97,1.28,Financials,4.88,3.56,6.97,4.21,1.51,2.17,0.9,4.51,Hybrid : Equity Oriented,0.25% on or before 7D Nil after 7D,25.0
Tata Ethical Fund-Reg(G),Abhinav Sharma,EQ-THEM,4,3288.8,1.91,Open Ended,1996-05-24,Nifty500 Shariah - TRI,399.61,436.49,345.08,-2.18,-9.1,-2.23,13.19,20.47,10.73,19.82,12.62,31.34,64.0,99494.0,41.84,34.97,15.67,Technology,,,,6.0,0.77,1.23,0.73,12.66,Equity : Thematic,0.50% on or before 90D Nil after 90D,29.0
Tata Flexi Cap Fund-Reg(G),Amey Sathe,EQ-FLEX,2,2976.4,1.93,Open Ended,2018-09-06,NIFTY 500 - TRI,23.05,24.72,19.42,-2.03,-7.01,0.02,12.94,20.96,12.29,15.28,,42.54,50.0,129720.0,50.59,16.47,28.36,Financials,,,,5.24,0.72,1.04,0.82,13.03,Equity : Flexi Cap,Nil upto 12% of original cost of investments and 1% for more than 12% on or before 12M Nil after 12M,7.0
Tata Floating Rate Fund-Reg(G),Akhil Mittal,DT-FL,Unrated,141.7,0.73,Open Ended,2021-07-07,CRISIL Short Duration Debt Index,12.24,12.24,11.36,0.66,1.76,3.94,7.7,7.41,6.38,,,0.0,50.0,156243.5,55.18,14.37,15.24,Not Applicable,7.9,3.55,7.72,3.2,7.85,15.79,0.14,0.46,Debt : Floater,Nil,4.0
TATA FMP-61-D-91D(G),Akhil Mittal,DT-FMP,Unrated,709.5,1.08,Closed Ended,2024-12-05,CRISIL Liquid Debt Index,10.06,10.06,10.0,0.31,-2.11,3.25,11.97,15.99,,,,18.0,50.0,156243.5,55.18,14.37,15.24,Not Applicable,,,,4.33,1.34,2.01,0.88,12.37,Debt : FTP/FMP,,1.0
Tata Focused Equity Fund-Reg(G),Meeta Shetty,EQ-MLC,Unrated,1870.0,2.04,Open Ended,2019-12-05,NIFTY 500 - TRI,24.17,25.52,19.76,0.16,-4.99,2.7,18.37,23.63,17.15,18.89,,40.8,30.0,137875.0,58.24,18.0,23.09,Financials,,,,9.6,0.94,1.35,0.99,15.58,Equity : Multi Cap,Nil upto 12% of original cost of invesment and 1% for more than 12% original cost of investment on or before 365D Nil after 365D,6.0
Tata Gilt Securities Fund-Reg(G),Akhil Mittal,DT-GILT,1,978.0,1.38,Open Ended,1999-09-04,CRISIL Dynamic Gilt Index,74.84,75.14,68.92,0.19,0.69,3.76,8.29,7.75,5.93,5.56,6.47,0.0,50.0,156243.5,55.18,14.37,15.24,Not Applicable,23.99,10.12,7.05,1.13,2.17,3.85,0.94,1.81,Debt : Gilt,Nil,26.0
Tata Gold ETF,Tapan Patel,GOLD-ETF,Unrated,289.6,0.38,Open Ended,2024-01-12,Gold-India,7.6,7.81,6.07,0.15,1.45,6.73,11.97,15.99,,,,18.0,50.0,156243.5,55.18,14.37,15.24,Not Applicable,,,,4.33,1.34,2.01,0.88,12.37,Gold : ETFs,,1.0
Tata Gold ETF FoF-Reg(G),Tapan Patel,FOF-DOM,Unrated,121.6,0.71,Open Ended,2024-01-19,Gold-India,12.08,12.52,9.86,-0.07,1.13,5.93,11.97,15.99,,,,2.52,50.0,156243.5,55.18,14.37,15.24,Not Applicable,,,,4.33,1.34,2.01,0.88,12.37,FoFs : Domestic,0.50% on or before 7D Nil after 7D,1.0
Tata Housing Opportunities Fund-Reg(G),Tejas Gutka,EQ-THEM,Unrated,578.6,2.35,Open Ended,2022-09-02,Nifty Housing - TRI,15.76,17.09,13.1,-0.38,-8.36,-4.35,12.68,25.62,,,,8.31,31.0,77654.0,42.4,23.13,33.04,Construction,,,,4.41,0.56,0.81,0.97,16.67,Equity : Thematic,1% on or before 30D Nil after 30D,3.0
Tata Hybrid Equity Fund-Reg(G),Satish Chandra Mishra,HY-EQ,3,4150.4,1.92,Open Ended,1995-10-08,CRISIL Hybrid 35+65 - Aggressive Index,433.68,456.22,370.99,-0.64,-5.0,0.78,13.82,15.32,12.96,14.42,10.46,30.87,45.0,298194.0,57.19,8.95,9.19,Financials,7.95,4.51,7.43,4.44,0.9,1.3,1.8,10.85,Hybrid : Equity Oriented,Nil upto 12% of investments and 1% for remaining investments on or before 365D Nil after 365D,30.0
Tata India Consumer Fund-Reg(G),Sonam Udasi,EQ-CONS,2,2414.3,1.99,Open Ended,2015-12-28,Nifty India Consumption - TRI,47.23,49.14,35.42,2.45,-3.52,11.72,26.91,32.44,20.88,22.08,,57.74,40.0,77716.0,45.59,16.47,29.61,FMCG,,,,17.99,1.63,2.83,0.64,13.02,Equity : Thematic - Consumption,0.25% on or before 30D,10.0
Tata India Innovation Fund-Reg(G),Meeta Shetty,EQ-THEM,Unrated,1648.5,1.72,Open Ended,2024-11-28,NIFTY 500 - TRI,10.25,10.25,9.92,1.45,-2.11,3.25,11.97,15.99,,,,18.0,27.0,126902.0,17.45,4.59,11.56,Technology,,,,4.33,1.34,2.01,0.88,12.37,Equity : Thematic,1% on or before 90D,1.0
Tata India Pharma & Healthcare Fund-Reg(G),Meeta Shetty,EQ-PHRM,1,1213.9,2.14,Open Ended,2015-12-28,NIFTY PHARMA - TRI,32.01,32.01,23.07,4.58,2.34,21.31,40.42,39.19,21.06,28.11,,9.47,34.0,59132.0,35.11,33.75,26.86,Healthcare,,,,29.48,2.42,4.48,0.44,13.08,Equity : Sectoral - Pharma,0.25% on or before 30D,10.0
Tata Infrastructure Fund-Reg(G),Abhinav Sharma,EQ-INFRA,3,2403.7,2.05,Open Ended,2004-12-31,BSE India Infrastructure Index - TRI,180.55,204.97,145.73,-2.61,-10.82,-9.77,22.65,33.7,24.57,26.41,15.57,19.98,67.0,44505.0,32.02,19.98,43.94,Capital Goods,,,,13.99,0.96,1.35,1.07,20.15,Equity : Sectoral - Infrastructure,0.25% on or before 30D,21.0
Tata Large & Mid Cap Fund-Reg(G),Chandraprakash Padiyar,EQ-L&M,2,8342.4,1.76,Open Ended,1993-02-25,NIFTY LargeMidcap 250 - TRI,520.94,562.21,436.92,-1.57,-7.61,-1.52,15.42,19.52,16.9,18.66,13.66,11.91,51.0,139444.0,43.81,35.25,15.32,Financials,,,,7.43,0.83,1.18,0.89,14.39,Equity : Large & Mid Cap,Nil upto 12% of investment and 1% for remaining investments on or before 90D Nil after 90D,32.0
Tata Large Cap Fund-Reg(G),Abhinav Sharma,EQ-LC,3,2435.5,2.03,Open Ended,1998-05-07,NIFTY 100 - TRI,490.95,528.23,418.05,-1.6,-7.44,-2.29,13.36,19.4,13.91,16.05,11.82,33.59,53.0,286477.0,79.35,11.27,6.1,Financials,,,,4.79,0.66,0.96,1.0,14.87,Equity : Large Cap,Nil upto 12% of investments and 1% for remaining investments on or before 365D Nil after 365D,27.0
Tata Liquid Fund-Reg(G),Amit Somani,DT-LIQ,4,23348.0,0.32,Open Ended,2004-09-01,CRISIL Liquid Debt Index,3975.39,3975.39,3705.09,0.59,1.75,3.54,7.32,7.13,6.35,5.3,6.31,0.0,50.0,156243.5,55.18,14.37,15.24,Not Applicable,0.13,0.13,7.18,0.73,10.58,5.3,0.88,0.07,Debt : Liquid,0.007% for Day 1 0.0065% on Day 2 0.0060% on Day 3 0.0055% on Day 4 0.0050% on Day 5 0.0045% on Day 6 NIL on or after 7D,21.0
Tata Mid Cap Growth Fund-Reg(G),Satish Chandra Mishra,EQ-MID,3,4494.4,1.86,Open Ended,1994-07-01,Nifty Midcap 150 - TRI,432.38,460.19,344.62,-0.28,-6.36,-2.36,22.64,31.89,20.66,24.66,16.24,32.19,69.0,48945.0,11.09,63.41,21.69,Financials,,,,13.81,1.1,1.57,0.93,16.9,Equity : Mid Cap,Nil upto 12% of investments and 1% for remaining investments on or before 365D Nil after 365D,31.0
Tata Money Market Fund-Reg(G),Amit Somani,DT-MM,4,27482.5,0.41,Open Ended,2003-05-22,CRISIL Money Market Index,4541.97,4541.97,4219.25,0.62,1.78,3.67,7.67,7.52,6.62,6.02,6.04,0.0,50.0,156243.5,55.18,14.37,15.24,Not Applicable,0.31,0.31,7.3,3.5,10.99,22.64,0.03,0.33,Debt : Money Market,Nil,22.0
Tata Multi Asset Opp Fund-Reg(G),Rahul Singh (Tata),HY-MULTI,Unrated,3430.8,1.88,Open Ended,2020-03-04,BSE 200,22.31,23.1,19.33,-0.15,-3.15,0.68,14.56,16.45,13.21,,,13.77,73.0,208840.0,47.76,6.73,11.55,Financials,5.22,2.74,7.17,5.62,1.13,1.6,1.61,9.16,Hybrid : Multi Asset Allocation,Nil upto 12% of investments and 1% for remaining investments on or before 365D Nil after 365D,5.0
Tata Multicap Fund-Reg(G),Rahul Singh (Tata),EQ-MLC,Unrated,3172.2,1.88,Open Ended,2023-02-02,Nifty500 Multicap 50:25:25 - TRI,14.56,15.59,12.4,-0.78,-7.12,-1.67,12.29,15.99,,,,31.32,76.0,73208.0,39.31,25.51,32.17,Financials,,,,4.38,0.58,0.8,0.99,16.25,Equity : Multi Cap,Nil upto 12% of investment and 1% for remaining investment on or before 365D Nil after 365D,2.0
Tata Nifty 50 ETF,Kapil Menon,EQ-ETF,Unrated,687.3,0.07,Open Ended,2019-01-01,NIFTY 50 - TRI,258.31,279.56,224.56,-1.61,-7.83,-1.26,10.34,16.41,12.89,15.71,,9.43,50.0,556030.0,98.71,1.24,15.24,Financials,,,,1.92,0.5,0.76,1.0,13.96,Equity : ETFs,,6.0
Tata NIFTY 50 Index Fund-Reg(G),Kapil Menon,EQ-INDX,3,1079.6,0.52,Open Ended,2003-02-25,NIFTY 50 - TRI,149.53,162.13,130.68,-1.66,-7.99,-1.55,9.73,15.78,12.29,14.95,11.54,6.84,50.0,555830.0,98.74,1.25,15.24,Financials,,,,1.34,0.46,0.7,0.99,13.94,Equity : Index Funds,0.25% on or before 7D Nil after 7D,22.0
Tata Nifty Auto Index Fund-Reg(G),Kapil Menon,EQ-AUTO,Unrated,76.3,1.11,Open Ended,2024-04-26,NIFTY AUTO - TRI,10.81,12.45,9.97,-1.09,-14.72,-8.55,11.97,15.99,,,,9.6,15.0,195447.0,85.94,12.39,1.55,Automobile and Ancillaries,,,,4.33,1.34,2.01,0.88,12.37,Equity : Sectoral - Auto,0.25% on or before 15D Nil after 15D,1.0
Tata Nifty Capital Markets Index Fund-Reg(G),Kapil Menon,EQ-INDX,Unrated,84.0,1.09,Open Ended,2024-10-24,Nifty Capital Markets Index - TRI,11.16,11.46,9.68,7.76,-2.11,3.25,11.97,15.99,,,,18.5,15.0,40052.0,55.18,49.0,50.98,Financials,,,,4.33,1.34,2.01,0.88,12.37,Equity : Index Funds,0.25% on or before 15D,1.0
Tata Nifty Financial Services Index Fund-Reg(G),Kapil Menon,EQ-INDX,Unrated,45.1,1.11,Open Ended,2024-04-26,Nifty Financial Services - TRI,11.19,11.76,9.75,-1.78,-3.78,-0.38,11.97,15.99,,,,21.0,20.0,610616.0,95.52,3.62,0.77,Financials,,,,4.33,1.34,2.01,0.88,12.37,Equity : Index Funds,0.25% on or before 15D Nil after 15D,1.0
Tata Nifty G-Sec Dec 2026 Index Fund-Reg(G),Amit Somani,DT-MD,Unrated,108.3,0.35,Open Ended,2023-01-16,Nifty G-sec Dec 2026 Index,11.44,11.44,10.66,0.53,1.42,3.69,7.35,15.99,,,,0.0,50.0,156243.5,55.18,14.37,15.24,Not Applicable,1.85,1.7,6.8,2.47,4.9,10.29,0.26,0.66,Debt : Medium Duration,Nil,2.0
Tata Nifty G-Sec Dec 2029 Index Fund-Reg(G),Amit Somani,DT-M&LD,Unrated,179.6,0.45,Open Ended,2023-01-13,Nifty G-Sec Dec 2029 Index,11.6,11.6,10.71,0.47,1.25,4.31,8.24,15.99,,,,0.0,50.0,156243.5,55.18,14.37,15.24,Not Applicable,4.57,3.8,6.84,2.27,3.26,5.92,0.61,1.25,Debt : Medium to Long Duration,Nil,2.0
Tata Nifty India Digital ETF,Kapil Menon,EQ-ETF,Unrated,161.5,0.4,Open Ended,2022-03-31,Nifty India Digital  - TRI,101.74,104.06,73.8,1.84,1.22,14.19,33.34,37.25,,,,35.47,30.0,175176.0,57.32,38.6,4.05,Technology,,,,22.58,1.6,2.88,0.87,16.87,Equity : ETFs,,3.0
Tata Nifty India Digital ETF FoF-Reg(G),Meeta Shetty,FOF-DOM,Unrated,97.9,0.48,Open Ended,2022-04-13,Nifty India Digital  - TRI,15.71,16.08,11.67,1.72,0.79,13.51,30.98,37.31,,,,18.0,30.0,156243.5,55.18,14.37,15.24,Not Applicable,,,,21.24,1.74,3.09,1.13,14.11,FoFs : Domestic,Nil upto 12% of investment and 1% for remaining investments on or before 365D Nil after 365D,3.0
Tata Nifty India Tourism Index Fund-Reg(G),Kapil Menon,EQ-INDX,Unrated,283.9,1.09,Open Ended,2024-07-24,Nifty India Tourism Index - TRI,10.64,10.64,9.17,6.1,2.35,3.25,11.97,15.99,,,,30.1,15.0,62529.0,19.19,58.06,22.78,Travel,,,,4.33,1.34,2.01,0.88,12.37,Equity : Index Funds,0.25% on or before 15D,1.0
Tata Nifty Midcap 150 Momentum 50 Index Fund-Reg(G),Kapil Menon,EQ-INDX,Unrated,686.0,1.05,Open Ended,2022-10-20,Nifty Midcap150 Momentum 50 - TRI,18.97,19.93,14.48,0.97,-4.52,1.69,29.92,39.61,,,,109.45,50.0,76845.0,19.47,80.58,15.24,Financials,,,,19.81,1.21,1.74,1.07,20.83,Equity : Index Funds,0.25% on or before 90D Nil after 90D,3.0
Tata Nifty MidSmall Healthcare Index Fund-Reg(G),Kapil Menon,EQ-INDX,Unrated,123.5,1.11,Open Ended,2024-04-26,Nifty MidSmall Healthcare - TRI,13.11,13.11,9.68,5.48,4.72,22.96,11.97,15.99,,,,8.94,30.0,47248.0,55.18,65.36,34.88,Healthcare,,,,4.33,1.34,2.01,0.88,12.37,Equity : Index Funds,0.25% on or before 15D Nil after 15D,1.0
Tata Nifty Pvt Bank ETF,Kapil Menon,EQ-ETF,Unrated,11.0,0.14,Open Ended,2019-08-30,Nifty Private Bank - TRI,259.38,280.3,230.15,-1.74,-6.0,-4.8,0.76,7.75,12.32,7.43,,43.19,10.0,417462.0,83.29,13.61,3.07,Financials,,,,-7.21,-0.12,-0.18,1.03,17.03,Equity : ETFs,,6.0
Tata Nifty Realty Index Fund-Reg(G),Kapil Menon,EQ-INDX,Unrated,54.0,1.1,Open Ended,2024-04-26,NIFTY REALTY - TRI,10.77,11.82,9.61,1.9,-5.78,-5.74,11.97,15.99,,,,84.91,10.0,81254.0,37.39,48.82,13.79,Construction,,,,4.33,1.34,2.01,0.88,12.37,Equity : Index Funds,0.25% on or before 15D Nil after 15D,1.0
Tata Nifty SDL Plus AAA PSU Bond Dec 2027 60:40 Index Fund-Reg(G),Amit Somani,DT-M&LD,Unrated,859.4,0.47,Open Ended,2022-03-30,Nifty SDL Plus AAA PSU Bond Dec 2027 60: 40 Index - TRI,11.82,11.83,10.94,0.53,1.46,3.91,8.1,7.41,,,,0.0,50.0,156243.5,55.18,14.37,15.24,Not Applicable,2.86,2.45,7.2,3.05,4.92,11.18,0.29,0.79,Debt : Medium to Long Duration,Nil,3.0
Tata Nifty200 Alpha 30 Index Fund-Reg(G),Kapil Menon,EQ-INDX,Unrated,182.0,1.09,Open Ended,2024-09-05,Nifty200 Alpha 30 - TRI,9.22,10.01,8.59,0.53,-8.45,3.25,11.97,15.99,,,,38.27,30.0,136117.0,63.46,36.54,15.24,Automobile and Ancillaries,,,,4.33,1.34,2.01,0.88,12.37,Equity : Index Funds,0.25% on or before 15D,1.0
Tata Nifty500 Multicap India Manufacturing 50:30:20 Index Fund-Reg(G),Kapil Menon,EQ-INDX,Unrated,120.3,1.11,Open Ended,2024-04-26,Nifty500 Multicap India Manufacturing 50:30:20 - TRI,11.08,12.0,9.81,-0.35,-8.52,-2.15,11.97,15.99,,,,20.37,76.0,119680.0,51.79,29.71,18.38,Automobile and Ancillaries,,,,4.33,1.34,2.01,0.88,12.37,Equity : Index Funds,0.25% on or before 15D Nil after 15D,1.0
Tata Nifty500 Multicap Infrastructure 50:30:20 Index Fund-Reg(G),Kapil Menon,EQ-INDX,Unrated,79.1,1.11,Open Ended,2024-04-26,Nifty500 Multicap Infrastructure 50:30:20 - TRI,10.55,11.51,9.59,-0.37,-8.51,-5.53,11.97,15.99,,,,30.42,75.0,145599.0,51.55,28.36,19.95,Energy,,,,4.33,1.34,2.01,0.88,12.37,Equity : Index Funds,0.25% on or before 15D Nil after 15D,1.0
Tata Overnight Fund-Reg(G),Amit Somani,DT-ON,4,4126.6,0.18,Open Ended,2019-03-27,CRISIL Liquid Overnight Index,1318.3,1318.3,1236.77,0.55,1.61,3.23,6.61,6.59,5.92,4.82,,0.0,50.0,156243.5,55.18,14.37,15.24,Not Applicable,0.01,0.01,6.66,0.28,27.56,1.97,0.88,0.01,Debt : Overnight,Nil,6.0
Tata Quant Fund-Reg(G),Sailesh Jain,EQ-THEM,Unrated,67.1,2.39,Open Ended,2020-01-22,BSE 200 - TRI,15.15,16.96,13.12,-1.7,-10.11,-2.61,10.4,18.13,13.56,,,303.41,30.0,131553.0,63.81,26.68,0.37,Construction,,,,2.57,0.47,0.73,0.89,14.83,Equity : Thematic,Nil upto 12% of original cost of invesment and 1% for more than 12% original cost of investment on or before 365D Nil after 365D,5.0
Tata Resources & Energy Fund-Reg(G),Satish Chandra Mishra,EQ-POWER,Unrated,1047.3,2.16,Open Ended,2015-12-28,NIFTY COMMODITIES - TRI,42.54,47.14,36.15,-3.39,-10.83,-5.48,13.18,20.3,14.13,22.86,,11.18,50.0,79299.0,48.0,20.3,27.13,Energy,,,,5.19,0.53,0.74,1.16,20.83,Equity : Sectoral - Energy / Power,0.25% on or before 30D,10.0
Tata Retirement Sav Fund - Cons Plan(G),Sonam Udasi,HY-SOL,2,174.6,2.17,Open Ended,2011-11-04,CRISIL Short Term Debt Hybrid 75+25 Index,31.05,31.23,27.96,0.26,-0.65,2.77,10.0,11.22,7.4,8.23,8.1,0.0,52.0,89221.0,12.41,6.6,9.98,Financials,3.8,2.23,7.07,3.35,1.25,1.8,0.88,4.77,Hybrid : Solution Oriented,Nil on or after age of 60Y 1% before 61 months from the Date of allotment,14.0
Tata Retirement Sav Fund - Mod Plan(G),Sonam Udasi,HY-SOL,3,2176.8,2.0,Open Ended,2011-11-04,CRISIL Hybrid 25+75 - Aggressive Index,65.36,66.35,52.24,0.87,-1.52,4.89,20.01,23.23,14.28,15.5,13.04,55.15,51.0,87409.0,33.81,19.1,26.92,Financials,,,,10.11,1.21,1.72,1.84,12.82,Hybrid : Solution Oriented,Nil on or after age of 60Y 1% before 61 months from the Date of allotment,14.0
Tata Retirement Sav Fund - Prog Plan(G),Sonam Udasi,HY-SOL,4,2108.2,2.0,Open Ended,2011-11-04,NIFTY 500 - TRI,67.51,69.25,52.62,1.17,-2.8,4.54,22.25,26.25,15.33,16.53,13.99,70.55,54.0,82026.0,38.83,22.46,33.08,Financials,,,,11.64,1.18,1.69,2.09,15.01,Hybrid : Solution Oriented,Nil on or after age of 60Y 1% before 61 months from the Date of allotment,14.0
Tata Silver ETF,Tapan Patel,GOLD-ETF,Unrated,122.7,0.45,Open Ended,2024-01-12,Silver,8.65,9.72,6.81,-2.81,-3.87,-1.39,11.97,15.99,,,,18.0,50.0,156243.5,55.18,14.37,15.24,Not Applicable,,,,4.33,1.34,2.01,0.88,12.37,Gold : ETFs,,1.0
Tata Silver ETF FoF-Reg(G),Tapan Patel,FOF-DOM,Unrated,71.8,0.61,Open Ended,2024-01-19,Silver,11.91,13.48,9.66,-3.56,-4.68,-2.5,11.97,15.99,,,,8.17,50.0,156243.5,55.18,14.37,15.24,Not Applicable,,,,4.33,1.34,2.01,0.88,12.37,FoFs : Domestic,0.50% on or before 7D Nil after 7D,1.0
Tata Small Cap Fund-Reg(G),Chandraprakash Padiyar,EQ-SML,3,9572.5,1.69,Open Ended,2018-11-12,Nifty Smallcap 250 - TRI,42.49,44.66,30.17,-0.92,-3.77,7.08,31.76,32.79,24.28,31.74,,18.06,54.0,11447.0,55.18,8.12,82.63,Chemicals,,,,22.53,1.49,2.2,0.74,17.63,Equity : Small Cap,Nil upto 12% of original cost of investments and 1% for more than 12% on or before 12M Nil after 12M,7.0
Tata ST Bond Fund-Reg(G),Murthy Nagarajan,DT-SD,3,2879.6,1.19,Open Ended,2002-08-08,CRISIL Short Duration Debt Index,45.94,45.94,42.8,0.5,1.37,3.7,7.34,7.05,5.65,5.8,6.06,0.0,50.0,156243.5,55.18,14.37,15.24,Not Applicable,4.2,2.81,7.45,2.19,4.73,9.81,0.35,0.68,Debt : Short Duration,Nil,23.0
Tata Treasury Advantage Fund-Reg(G),Akhil Mittal,DT-LOWD,3,2520.3,0.58,Open Ended,2005-09-06,CRISIL Low Duration Debt Index,3781.75,3781.75,3522.4,0.6,1.71,3.62,7.38,7.13,6.11,5.87,6.28,0.0,50.0,156243.5,55.18,14.37,15.24,Not Applicable,0.94,0.81,7.36,3.1,9.96,19.73,0.07,0.33,Debt : Low Duration,Nil,20.0
Tata Ultra Short Term Fund-Reg(G),Akhil Mittal,DT-USD,3,3253.2,1.15,Open Ended,2019-01-22,CRISIL Ultra Short Term Debt Index,13.69,13.69,12.8,0.62,1.7,3.43,6.98,6.73,5.86,5.11,,0.0,50.0,156243.5,55.18,14.37,15.24,Not Applicable,0.39,0.36,7.57,2.85,10.52,20.24,0.03,0.28,Debt : Ultra Short Duration,Nil,6.0
Tata Young Citizen Fund,Amey Sathe,HY-SOL,4,366.7,2.56,Open Ended,1995-10-14,NIFTY 500 - TRI,61.63,65.84,52.57,-0.79,-6.75,-0.55,12.65,20.3,13.55,18.65,11.84,39.07,54.0,99450.0,49.73,11.82,33.29,Financials,1.86,1.55,5.57,5.09,0.75,1.13,1.38,12.22,Hybrid : Solution Oriented,Compulsory Lock-in Option 5Y or till the child attains age of majority (whichever is earlier). 1% - If redeemed before child attains 18Y of age,30.0
Taurus Banking & Fin Serv Fund-Reg(G),Anuj Kapil,EQ-FIN,Unrated,11.1,2.46,Open Ended,2012-05-22,BSE BANKEX - TRI,50.3,52.86,44.32,-2.22,-3.92,-2.13,8.89,12.81,14.58,11.12,10.26,31.0,19.0,368395.0,79.26,11.12,8.17,Financials,,,,0.73,0.36,0.52,1.05,16.85,Equity : Sectoral - Financial Services,1% on or before 365D Nil after 365D,13.0
Taurus ELSS Tax Saver Fund-Reg(G),Anuj Kapil,EQ-ELSS,Unrated,80.6,2.48,Open Ended,1996-03-31,BSE 500 - TRI,187.65,191.32,153.7,0.61,-2.54,5.58,20.64,25.79,19.09,17.98,13.53,61.0,32.0,155749.0,67.64,10.16,17.63,Financials,,,,12.6,1.17,1.75,0.87,14.53,Equity : Tax Saving (ELSS),Nil,29.0
Taurus Ethical Fund-Reg(G),Anuj Kapil,EQ-MLC,Unrated,263.2,2.36,Open Ended,2009-03-20,BSE 500 Shariah - TRI,130.86,141.6,107.86,-2.1,-8.66,0.07,19.08,24.55,14.94,20.04,12.89,114.0,57.0,142998.0,60.33,20.16,17.18,Technology,,,,11.06,1.1,1.77,0.81,13.79,Equity : Multi Cap,1% on or before 365D Nil after 365D,16.0
Taurus Flexi Cap Fund-Reg(G),Anuj Kapil,EQ-FLEX,1,370.9,2.64,Open Ended,1994-01-29,BSE 500 - TRI,233.25,245.78,193.76,-0.21,-5.91,-0.46,17.5,22.99,16.82,15.52,9.8,78.0,54.0,171906.0,69.77,11.86,16.13,Financials,,,2.9,8.95,0.89,1.28,1.02,15.82,Equity : Flexi Cap,1% on or before 365D Nil after 365D,31.0
Taurus Infrastructure Fund-Reg(G),Anuj Kapil,EQ-INFRA,Unrated,9.9,2.51,Open Ended,2007-03-05,Nifty Infrastructure - TRI,68.68,75.0,56.29,-2.34,-9.8,-4.6,18.75,30.03,21.45,22.54,14.18,110.0,32.0,62712.0,46.29,11.86,37.27,Energy,,,,9.85,0.76,1.07,1.17,20.83,Equity : Sectoral - Infrastructure,1% on or before 365D Nil after 365D,18.0
Taurus Large Cap Fund-Reg(G),Anuj Kapil,EQ-LC,Unrated,50.5,2.6,Open Ended,1995-02-28,BSE 100 - TRI,157.42,166.6,130.19,-0.61,-6.1,0.71,18.06,20.85,16.05,15.05,9.98,69.0,38.0,294678.0,83.27,4.03,8.42,Financials,,,,9.37,0.96,1.4,1.0,15.04,Equity : Large Cap,1% on or before 365D Nil after 365D,30.0
Taurus Mid Cap Fund-Reg(G),Anuj Kapil,EQ-MID,Unrated,129.6,2.57,Open Ended,1994-09-05,Nifty Midcap 150 - TRI,121.19,131.7,104.6,-1.26,-7.9,-4.13,11.3,24.59,18.61,22.51,15.48,130.0,55.0,36542.0,6.52,72.78,19.14,Financials,,,,4.28,0.48,0.67,1.04,19.8,Equity : Mid Cap,1% on or before 365D Nil after 365D,31.0
Taurus Nifty 50 Index Fund-Reg(G),Anuj Kapil,EQ-INDX,Unrated,4.8,1.04,Open Ended,2010-06-10,NIFTY 50 - TRI,45.86,49.7,40.35,-1.69,-8.0,-1.77,9.04,14.88,11.7,15.05,11.29,4.0,50.0,555814.0,98.27,1.24,15.24,Financials,,,,0.73,0.41,0.63,0.98,13.77,Equity : Index Funds,1% on or before 365D Nil after 365D,15.0
Templeton India Equity Income Fund(G),Rajasa Kakulavarapu,EQ-DIV,Unrated,2398.7,2.07,Open Ended,2006-05-18,NIFTY 500 - TRI,138.35,151.35,114.58,-1.36,-8.35,0.2,19.86,26.82,19.25,24.35,15.24,9.89,44.0,190366.0,51.53,12.31,11.02,Energy,,,,11.87,1.04,1.51,0.91,15.85,Equity : Thematic - Dividend Yield,1% on or before 1Y,19.0
Templeton India Value Fund(G),Ajay Argal,EQ-VAL,4,2199.3,2.05,Open Ended,2003-09-05,NIFTY 500 - TRI,706.32,771.65,593.52,-2.32,-9.0,-4.94,14.65,24.67,21.74,23.35,14.17,37.98,46.0,154448.0,64.28,5.64,22.57,Financials,,,,6.83,0.78,1.13,0.95,14.86,Equity : Value / Contra,1% on or before 1Y,22.0
TRUSTMF Banking & PSU Fund-Reg(G),Jalpan Shah,DT-B&PSU,2,190.3,0.71,Open Ended,2021-02-01,CRISIL Banking and PSU Debt Index,1215.75,1215.75,1132.57,0.46,1.42,3.79,7.38,6.95,5.3,,,0.0,50.0,156243.5,55.18,14.37,15.24,Not Applicable,3.18,2.61,7.36,2.82,6.22,12.22,0.17,0.54,Debt : Banking & PSU,Nil,4.0
TRUSTMF Corporate Bond Fund-Reg(G),Jalpan Shah,DT-CORP,Unrated,75.3,0.65,Open Ended,2023-01-20,CRISIL Corporate Bond Index,1143.75,1143.95,1062.76,0.51,1.36,4.03,7.62,15.99,,,,0.0,50.0,156243.5,55.18,14.37,15.24,Not Applicable,4.74,3.94,7.2,2.47,3.79,7.28,0.36,0.93,Debt : Corporate Bond,Nil,2.0
TRUSTMF Flexi Cap Fund-Reg(G),Mihir Vora,EQ-FLEX,Unrated,832.9,2.23,Open Ended,2024-04-26,NIFTY 500 - TRI,12.24,12.31,9.76,2.98,1.76,9.2,11.97,15.99,,,,18.0,62.0,99333.0,42.38,23.74,28.07,Financials,,,,4.33,1.34,2.01,0.88,12.37,Equity : Flexi Cap,1% on or before 180D Nil after 180D,1.0
TRUSTMF FMP-SR-II-Reg(G),Jalpan Shah,DT-FMP,Unrated,58.2,1.08,Closed Ended,2023-03-31,CRISIL Medium Duration Debt Index,1156.57,1156.57,1062.15,0.68,2.07,4.3,8.94,15.99,,,,18.0,50.0,156243.5,55.18,14.37,15.24,Not Applicable,,,,4.46,9.6,19.62,0.13,0.51,Debt : FTP/FMP,,2.0
TRUSTMF Liquid Fund-Reg(G),Jalpan Shah,DT-LIQ,Unrated,280.9,0.25,Open Ended,2021-04-23,CRISIL Liquid Debt Index,1227.67,1227.67,1145.51,0.58,1.71,3.48,7.19,7.06,6.29,,,0.0,50.0,156243.5,55.18,14.37,15.24,Not Applicable,0.1,0.09,7.02,0.91,8.34,7.45,0.88,0.11,Debt : Liquid,0.007% for Day 1 0.0065% on Day 2 0.0060% on Day 3 0.0055% on Day 4 0.0050% on Day 5 0.0045% on Day 6 NIL on or after 7D,4.0
TRUSTMF Money Market Fund-Reg(G),Jalpan Shah,DT-MM,Unrated,83.4,0.31,Open Ended,2022-08-17,CRISIL Money Market Index,1175.83,1175.83,1095.17,0.63,1.78,3.66,7.38,7.2,,,,0.0,50.0,156243.5,55.18,14.37,15.24,Not Applicable,0.4,0.37,7.3,3.25,10.85,22.08,0.03,0.31,Debt : Money Market,Nil,3.0
TRUSTMF Overnight Fund-Reg(G),Jalpan Shah,DT-ON,Unrated,149.5,0.12,Open Ended,2022-01-18,CRISIL Liquid Overnight Index,1188.85,1188.85,1114.8,0.55,1.65,3.28,6.66,6.64,,,,0.0,50.0,156243.5,55.18,14.37,15.24,Not Applicable,0.01,0.01,6.7,0.55,6.06,7.54,0.88,0.09,Debt : Overnight,Nil,3.0
TRUSTMF Short Duration Fund-Reg(G),Jalpan Shah,DT-SD,Unrated,137.0,0.73,Open Ended,2021-08-06,CRISIL Short Duration Debt Index,1195.9,1195.9,1116.38,0.5,1.4,3.81,7.11,6.85,5.63,,,0.0,50.0,156243.5,55.18,14.37,15.24,Not Applicable,3.2,2.57,7.28,2.09,4.34,8.35,0.33,0.71,Debt : Short Duration,Nil,4.0
TRUSTMF Small Cap Fund-Reg(G),Mihir Vora,EQ-SML,Unrated,405.2,2.31,Open Ended,2024-11-04,Nifty Smallcap 250 - TRI,10.93,10.93,9.64,5.03,-2.11,3.25,11.97,15.99,,,,18.0,52.0,19688.0,55.18,17.91,73.07,Healthcare,,,,4.33,1.34,2.01,0.88,12.37,Equity : Small Cap,1% on or before 180D Nil after 180D,1.0
Union Active Momentum Fund-Reg(G),Gaurav Chopra,EQ-THEM,Unrated,709.5,1.08,Open Ended,2024-12-19,NIFTY 500 - TRI,10.31,10.31,10.0,0.31,-2.11,3.25,11.97,15.99,,,,18.0,50.0,156243.5,55.18,14.37,15.24,,,,,4.33,1.34,2.01,0.88,12.37,Equity : Thematic,1% on or before 1Y Nil after 1Y,1.0
Union Aggressive Hybrid Fund-Reg(G),Sanjay Bembalkar,HY-EQ,Unrated,636.9,2.4,Open Ended,2020-12-18,CRISIL Hybrid 35+65 - Aggressive Index,17.74,18.32,15.19,0.57,-3.46,1.92,15.0,17.75,11.4,,,107.0,69.0,203606.0,48.95,16.75,9.27,Financials,5.45,3.81,7.11,5.64,0.97,1.38,1.73,11.11,Hybrid : Equity Oriented,1% on or before 15D Nil after 15D,5.0
Union Arbitrage Fund-Reg(G),Vishal Thakker,HY-ARB,Unrated,233.5,1.02,Open Ended,2019-02-20,Nifty 50 Arbitrage,13.61,13.61,12.66,0.66,1.86,3.41,7.54,7.29,6.08,5.27,,1308.0,95.0,203047.0,52.56,16.17,3.98,Financials,0.1,0.09,6.91,3.65,3.16,6.96,-0.1,1.06,Hybrid : Arbitrage,0.25% on or before 1M Nil after 1M,6.0
Union Balanced Advantage Fund-Reg(G),Sanjay Bembalkar,HY-DYN,4,1457.1,2.13,Open Ended,2017-12-29,NIFTY 50 Hybrid Composite Debt 50:50 Index,19.76,20.2,17.66,0.31,-2.19,0.82,10.22,13.22,9.59,11.83,,555.0,89.0,243890.0,52.9,11.35,5.18,Financials,3.0,2.06,6.75,2.07,0.73,1.04,1.46,8.64,Hybrid : Dynamic Asset Allocation,1% on or before 15D Nil after 15D,8.0
Union Business Cycle Fund-Reg(G),Harshad Patwardhan,EQ-THEM,Unrated,573.8,2.4,Open Ended,2024-03-05,NIFTY 500 - TRI,11.38,12.07,9.86,1.17,-5.85,-1.4,11.97,15.99,,,,18.0,57.0,203832.0,61.11,23.44,9.85,Financials,,,,4.33,1.34,2.01,0.88,12.37,Equity : Thematic,1% on or before 1Y Nil after 1Y,1.0
Union Childrens Fund-Reg(G),Gaurav Chopra,HY-SOL,Unrated,61.0,2.35,Open Ended,2023-12-19,BSE 500 - TRI,12.29,12.84,10.01,0.58,-4.41,3.14,20.08,15.99,,,,18.0,73.0,118413.0,52.47,22.99,22.9,Financials,,,,9.42,1.08,1.55,2.17,14.58,Hybrid : Solution Oriented,Nil,2.0
Union Corporate Bond Fund-Reg(G),Parijat Agrawal,DT-CORP,2,259.6,0.69,Open Ended,2018-05-25,CRISIL Corporate Bond Index,14.59,14.59,13.51,0.52,1.39,4.12,7.94,7.17,5.56,6.0,,0.0,50.0,156243.5,55.18,14.37,15.24,Not Applicable,4.84,3.7,7.38,2.82,5.04,9.3,0.35,0.77,Debt : Corporate Bond,1% on or before 15D Nil after 15D,7.0
Union Dynamic Bond(G),Parijat Agrawal,DT-DYN,3,79.1,1.5,Open Ended,2012-02-13,CRISIL Dynamic Bond Index,22.4,22.46,20.61,0.28,0.29,3.74,8.48,7.42,4.99,5.46,5.99,0.0,50.0,156243.5,55.18,14.37,15.24,Not Applicable,15.57,8.39,6.94,0.66,1.88,3.17,1.2,2.26,Debt : Dynamic Bond,1% on or before 15D Nil after 15D,13.0
Union ELSS Tax Saver Fund(G),Vinod Malviya,EQ-ELSS,4,935.5,2.25,Open Ended,2011-12-23,BSE 500 - TRI,64.69,68.05,53.96,-0.17,-5.14,1.64,17.44,22.28,15.1,20.11,12.04,129.0,75.0,160046.0,60.13,20.53,17.34,Financials,,,,8.69,0.94,1.35,0.93,14.28,Equity : Tax Saving (ELSS),Nil,14.0
Union Equity Savings Fund-Reg(G),Sanjay Bembalkar,HY-EQ,2,140.3,1.98,Open Ended,2018-08-09,Crisil Equity Savings Index,16.45,16.52,15.06,0.31,-0.43,1.93,8.55,10.25,7.35,8.29,,766.0,90.0,252722.0,58.05,6.87,3.86,Financials,0.23,0.2,6.67,2.09,0.93,1.35,0.79,4.74,Hybrid : Equity Oriented,1% on or before 15D Nil after 15D,7.0
Union Flexi Cap Fund-Reg(G),Sanjay Bembalkar,EQ-FLEX,4,2268.8,2.02,Open Ended,2011-06-10,BSE 500 - TRI,51.4,53.01,42.91,1.3,-3.57,2.3,17.31,22.7,14.37,19.73,12.12,175.0,72.0,163053.0,59.48,20.14,18.04,Financials,,,,8.52,0.91,1.31,0.93,14.48,Equity : Flexi Cap,1% on or before 15D Nil after 15D,14.0
Union FMP-Sr 13-Reg(G),Devesh Thacker,DT-FMP,Unrated,25.0,1.08,Closed Ended,2023-03-29,CRISIL Medium Duration Debt Index,11.29,11.29,10.53,0.54,1.47,3.58,7.23,15.99,,,,18.0,50.0,156243.5,55.18,14.37,15.24,Not Applicable,,,,2.62,6.03,13.64,0.18,0.53,Debt : FTP/FMP,,2.0
Union Focused Fund-Reg(G),Pratik Dharmshi,EQ-MLC,Unrated,423.3,2.49,Open Ended,2019-08-05,BSE 500 - TRI,26.07,26.51,21.62,1.46,-1.68,2.07,17.05,19.39,12.63,18.11,,169.0,29.0,224544.0,65.4,14.54,13.98,Financials,,,,8.04,0.84,1.22,0.96,15.3,Equity : Multi Cap,1% on or before 15D Nil after 15D,6.0
Union Gilt Fund-Reg(G),Parijat Agrawal,DT-GILT,Unrated,140.4,1.13,Open Ended,2022-08-08,CRISIL Dynamic Gilt Index,11.77,11.82,10.81,0.18,0.0,3.68,8.75,7.64,,,,0.0,50.0,156243.5,55.18,14.37,15.24,Not Applicable,22.61,10.11,6.93,0.5,1.75,2.9,1.34,2.57,Debt : Gilt,Nil,3.0
Union Innovation & Opp Fund-Reg(G),Gaurav Chopra,EQ-THEM,Unrated,894.2,2.23,Open Ended,2023-09-06,NIFTY 500 - TRI,15.04,15.21,10.48,3.62,1.78,13.39,41.77,15.99,,,,60.0,50.0,37492.0,26.77,31.59,39.84,Technology,,,,28.65,1.9,2.89,0.86,17.33,Equity : Thematic,1% on or before 1Y Nil after 1Y,2.0
Union Large & Midcap Fund-Reg(G),Vinod Malviya,EQ-L&M,Unrated,847.3,2.28,Open Ended,2019-12-06,NIFTY LargeMidcap 250 - TRI,25.98,26.81,20.93,2.47,-2.83,2.19,21.22,24.28,14.47,20.73,,211.0,77.0,139322.0,50.33,40.3,7.49,Financials,,,,11.77,1.03,1.46,1.01,16.4,Equity : Large & Mid Cap,1% on or before 15D Nil after 15D,6.0
Union Largecap Fund-Reg(G),Sanjay Bembalkar,EQ-LC,3,438.1,2.5,Open Ended,2017-05-11,BSE 100 - TRI,23.44,24.85,20.24,0.0,-5.75,-2.04,13.07,18.13,11.73,15.41,,196.0,52.0,363477.0,83.79,13.76,15.24,Financials,,,,4.41,0.64,0.91,1.01,14.91,Equity : Large Cap,1% on or before 15D Nil after 15D,8.0
Union Liquid Fund(G),Devesh Thacker,DT-LIQ,4,4336.6,0.17,Open Ended,2011-06-15,CRISIL Liquid Debt Index,2428.98,2428.98,2263.06,0.59,1.75,3.55,7.35,7.19,6.41,5.35,5.88,0.0,50.0,156243.5,55.18,14.37,15.24,Not Applicable,0.11,0.1,7.02,0.76,12.08,5.35,0.88,0.06,Debt : Liquid,0.007% for Day 1 0.0065% on Day 2 0.0060% on Day 3 0.0055% on Day 4 0.0050% on Day 5 0.0045% on Day 6 NIL on or after 7D,14.0
Union Medium Duration Fund-Reg(G),Parijat Agrawal,DT-MD,2,81.5,0.87,Open Ended,2020-09-14,CRISIL Medium Duration Debt Index,12.32,12.33,11.46,0.43,1.14,3.79,7.5,7.11,5.18,,,0.0,50.0,156243.5,55.18,14.37,15.24,Not Applicable,4.71,3.68,6.78,1.92,3.3,6.03,0.5,1.03,Debt : Medium Duration,1% on or before 15D Nil after 15D,5.0
Union Midcap Fund-Reg(G),Gaurav Chopra,EQ-MID,Unrated,1380.7,2.1,Open Ended,2020-03-23,BSE 150 MidCap - TRI,48.2,49.72,36.71,3.18,-2.65,3.69,29.09,31.04,18.91,,,215.0,74.0,60614.0,18.03,67.89,11.43,Financials,,,,18.57,1.33,1.91,0.98,17.69,Equity : Mid Cap,1% on or before 15D Nil after 15D,5.0
Union Money Market Fund-Reg(G),Parijat Agrawal,DT-MM,Unrated,193.3,0.94,Open Ended,2021-08-26,CRISIL Money Market Index,1190.24,1190.24,1116.08,0.56,1.59,3.27,6.65,6.45,5.65,,,0.0,50.0,156243.5,55.18,14.37,15.24,Not Applicable,0.32,0.29,7.19,2.55,9.49,19.28,0.03,0.28,Debt : Money Market,Nil,4.0
Union Multi Asset Allocation Fund-Reg(G),Sanjay Bembalkar,HY-MULTI,Unrated,868.5,2.17,Open Ended,2024-09-10,NIFTY 50 - TRI,10.14,10.24,9.67,1.11,-1.28,3.25,11.97,15.99,,,,0.0,77.0,211630.0,45.42,13.59,8.35,Financials,6.59,4.38,7.0,4.33,1.34,2.01,0.88,12.37,Hybrid : Multi Asset Allocation,1% on or before 15D Nil after 15D,1.0
Union Multicap Fund-Reg(G),Harshad Patwardhan,EQ-MID,Unrated,1090.3,2.2,Open Ended,2022-12-19,Nifty500 Multicap 50:25:25 - TRI,16.1,16.77,12.83,1.59,-3.8,3.57,23.26,27.81,,,,151.0,84.0,93710.0,43.22,25.44,27.91,Financials,,,,13.71,1.18,1.68,0.95,15.71,Equity : Mid Cap,1% on or before 15D Nil after 15D,3.0
Union Overnight Fund-Reg(G),Tarun Singh,DT-ON,3,169.6,0.17,Open Ended,2019-03-27,CRISIL Liquid Overnight Index,1316.2,1316.2,1234.69,0.55,1.6,3.22,6.62,6.59,5.93,4.81,,0.0,50.0,156243.5,55.18,14.37,15.24,Not Applicable,0.01,0.01,6.71,0.28,25.23,2.02,0.88,0.01,Debt : Overnight,Nil,6.0
Union Retirement Fund-Reg(G),Pratik Dharmshi,HY-SOL,Unrated,154.0,2.38,Open Ended,2022-09-22,BSE 500 - TRI,15.48,16.27,12.84,-0.07,-5.21,0.66,17.99,24.38,,,,107.0,73.0,146044.0,54.75,22.25,17.71,Financials,,,,7.31,0.94,1.34,2.25,14.79,Hybrid : Solution Oriented,Nil,3.0
Union Small Cap Fund-Reg(G),Pratik Dharmshi,EQ-SML,4,1661.9,2.1,Open Ended,2014-06-10,BSE 250 Small Cap - TRI,52.1,53.08,38.22,1.83,-0.4,7.86,24.67,33.16,20.69,29.69,15.42,146.0,73.0,13964.0,55.18,14.6,79.28,Capital Goods,,,,16.05,1.11,1.58,0.84,18.35,Equity : Small Cap,1% on or before 15D Nil after 15D,11.0
Union Value Fund-Reg(G),Vinod Malviya,EQ-VAL,3,300.5,2.47,Open Ended,2018-12-05,BSE 500 - TRI,27.77,29.27,23.42,-1.19,-5.7,-0.58,16.96,25.25,18.32,20.56,,133.0,62.0,119921.0,53.19,14.76,28.18,Financials,,,,8.44,0.85,1.2,0.98,15.73,Equity : Value / Contra,1% on or before 15D Nil after 15D,7.0
UTI Aggressive Hybrid Fund-Reg(G),V. Srivatsa,HY-EQ,4,6107.3,1.88,Open Ended,1995-01-02,CRISIL Hybrid 35+65 - Aggressive Index,399.49,414.68,327.25,-0.14,-3.97,3.28,19.8,23.02,17.1,18.6,12.26,33.0,65.0,148460.0,41.39,15.93,11.85,Financials,10.46,6.51,7.09,10.21,1.46,2.15,1.64,10.31,Hybrid : Equity Oriented,Nil for 10% of units and 1% for remaining units on or before 12M Nil after 12M,30.0
UTI Annual Interval Fund-I-(G),Sunil Patil,DT-FMP,Unrated,13.1,1.08,Interval,2007-07-18,CRISIL Low Duration Debt Index,33.33,33.33,31.18,0.53,1.47,3.23,6.86,6.73,5.91,5.79,5.94,0.0,50.0,156243.5,55.18,14.37,15.24,Not Applicable,0.56,,,2.7,8.8,18.49,0.04,0.32,Debt : FTP/FMP,Nil,18.0
UTI Annual Interval Fund-II-(G),Sunil Patil,DT-FMP,Unrated,12.7,1.08,Interval,2007-09-24,CRISIL Low Duration Debt Index,32.86,32.86,30.74,0.56,1.57,3.39,6.9,6.85,6.02,5.09,6.01,0.0,50.0,156243.5,55.18,14.37,15.24,Not Applicable,0.21,,,2.8,9.41,19.6,0.02,0.3,Debt : FTP/FMP,Nil,18.0
UTI Arbitrage Fund-Reg(G),Sharwan Kumar Goyal,HY-ARB,4,6461.7,0.74,Open Ended,2006-06-29,Nifty 50 Arbitrage,33.88,33.88,31.48,0.7,1.88,3.56,7.67,7.44,6.3,5.4,5.91,1266.0,164.0,191762.0,49.83,15.64,3.15,Financials,0.4,0.4,7.39,3.75,3.47,7.79,-0.09,1.01,Hybrid : Arbitrage,0.25% on or before 15D Nil after 15D,19.0
UTI Balanced Advantage Fund-Reg(G),Sachin Trivedi,HY-DYN,Unrated,3002.6,1.93,Open Ended,2023-08-10,NIFTY 50 Hybrid Composite Debt 50:50 Index,12.16,12.49,10.75,-0.63,-2.85,2.64,11.28,15.99,,,,0.0,64.0,368648.0,60.23,5.29,2.67,Financials,3.54,2.81,7.24,3.48,1.03,1.61,1.19,6.76,Hybrid : Dynamic Asset Allocation,Nil upto 10% of units and 1% for remaining units on or before 12M Nil after 12M,2.0
UTI Banking & PSU Fund-Reg(G),Anurag Mittal,DT-B&PSU,2,806.1,0.54,Open Ended,2014-02-03,NIFTY Banking and PSU Debt Index,20.98,20.98,19.5,0.54,1.51,3.88,7.6,7.12,8.17,7.2,6.81,0.0,50.0,156243.5,55.18,14.37,15.24,Not Applicable,2.66,2.25,7.33,2.67,5.1,10.23,0.29,0.69,Debt : Banking & PSU,Nil,11.0
UTI Banking and Financial Services Fund-Reg(G),Preethi R S,EQ-FIN,1,1170.3,2.2,Open Ended,2005-07-30,Nifty Financial Services - TRI,173.61,183.03,148.32,-1.3,-5.01,-0.55,11.41,16.02,15.83,10.58,9.49,74.0,34.0,207945.0,67.31,13.35,15.89,Financials,,,,3.23,0.51,0.74,1.06,16.87,Equity : Sectoral - Financial Services,1% on or before 30D Nil after 30D,20.0
UTI BSE Housing Index Fund-Reg(G),Sharwan Kumar Goyal,EQ-INDX,Unrated,25.6,0.99,Open Ended,2023-06-07,BSE Housing - TRI,15.38,16.16,12.17,1.62,-5.81,-4.62,20.07,15.99,,,,51.78,24.0,86876.0,38.41,58.25,3.17,Construction,,,,11.34,0.87,1.3,1.05,19.08,Equity : Index Funds,Nil,2.0
UTI BSE Low Volatility Index Fund-Reg(G),Sharwan Kumar Goyal,EQ-INDX,Unrated,540.6,0.91,Open Ended,2022-03-03,BSE Low Volatility Index - TRI,16.2,18.02,14.4,-0.34,-10.77,-4.27,10.52,20.43,,,,65.29,30.0,214410.0,74.71,19.96,5.47,FMCG,,,,3.33,0.59,1.0,0.69,11.61,Equity : Index Funds,Nil,3.0
UTI BSE Sensex ETF,Sharwan Kumar Goyal,EQ-ETF,Unrated,45792.2,0.05,Open Ended,2015-09-01,BSE SENSEX - TRI,869.01,931.62,756.67,-1.64,-6.69,-0.8,9.84,15.68,12.44,15.22,,10.62,30.0,684544.0,99.26,0.72,15.24,Financials,9.19,6.18,6.83,1.79,0.46,0.72,0.99,13.84,Equity : ETFs,,10.0
UTI BSE Sensex Index Fund-Reg(G),Sharwan Kumar Goyal,EQ-INDX,Unrated,193.7,0.3,Open Ended,2022-01-31,BSE SENSEX - TRI,14.18,15.21,12.38,-1.66,-6.76,-0.95,9.52,15.3,,,,22.72,30.0,684545.0,99.33,0.72,15.24,Financials,,,,1.11,0.44,0.68,1.0,13.9,Equity : Index Funds,Nil,3.0
UTI BSE Sensex Next 50 ETF,Sharwan Kumar Goyal,EQ-ETF,Unrated,24.6,0.22,Open Ended,2019-03-08,BSE Sensex Next 50 - TRI,88.19,94.8,68.3,-0.65,-7.83,-0.64,26.52,31.28,21.93,22.14,,24.78,51.0,122507.0,65.98,33.84,15.24,Financials,,,,16.96,1.23,1.88,0.99,17.61,Equity : ETFs,,6.0
UTI Childrens Equity Fund(G),Vishal Chopda,HY-SOL,5,1121.7,2.25,Open Ended,2004-03-08,NIFTY 500 - TRI,84.42,91.34,70.82,-1.14,-8.11,-1.16,13.82,19.34,11.14,16.61,12.12,24.0,57.0,182563.0,65.02,23.25,10.09,Financials,0.01,0.01,6.62,4.36,0.77,1.21,1.9,12.84,Hybrid : Solution Oriented,Nil,21.0
UTI Childrens Hybrid Fund,Vishal Chopda,HY-SOL,2,4562.1,1.74,Open Ended,1993-07-12,CRISIL Short Term Debt Hybrid 60+40 Index,39.17,40.22,34.94,-0.25,-2.89,1.92,10.72,12.24,9.01,10.7,8.69,28.0,59.0,183363.0,26.27,9.33,4.06,Financials,10.81,6.66,7.11,2.47,1.15,1.82,1.32,5.51,Hybrid : Solution Oriented,Nil,32.0
UTI Conservative Hybrid Fund-Reg(G),Amit Premchandani,HY-DT(CO),3,1649.4,1.81,Open Ended,2003-12-16,NIFTY 50 Hybrid Composite Debt 15:85 Index,66.75,67.55,59.45,-0.26,-1.36,3.45,11.55,11.5,8.75,9.86,8.36,31.0,63.0,181324.0,15.09,4.53,3.84,Financials,10.84,6.45,7.09,4.31,1.88,2.88,1.01,3.9,Hybrid : Debt Oriented (Conservative),NIL upto 10% of units and 1% for remaining units on or before 12M NIL after 12M,22.0
UTI Corporate Bond Fund-Reg(G),Anurag Mittal,DT-CORP,4,4699.3,0.58,Open Ended,2018-08-08,NIFTY Corporate Bond Index,15.65,15.66,14.51,0.47,1.45,4.01,7.86,7.34,6.01,6.45,,0.0,50.0,156243.5,55.18,14.37,15.24,Not Applicable,4.88,3.66,7.35,2.52,4.8,9.67,0.41,0.78,Debt : Corporate Bond,Nil,7.0
UTI Credit Risk Fund-Reg(G),Ritesh Nambiar,DT-CR,1,316.1,1.65,Open Ended,2012-11-19,CRISIL Credit Risk Debt Index,16.4,16.4,15.2,0.45,1.58,4.28,7.88,7.21,6.11,0.94,3.05,0.0,50.0,156243.5,55.18,14.37,15.24,Not Applicable,2.92,2.08,8.01,3.02,5.37,12.78,0.26,0.71,Debt : Credit Risk,Nil upto 10% of units and 1% for remaining units on or before 12M Nil after 12M,13.0
UTI CRISIL SDL Maturity April 2033 Index Fund-Reg(G),Sunil Patil,DT-LD,Unrated,337.4,0.41,Open Ended,2022-12-21,CRISIL IBX SDL Index - April 2033,11.84,11.84,10.63,1.02,1.66,4.98,10.77,8.7,,,,0.0,50.0,156243.5,55.18,14.37,15.24,Not Applicable,7.95,5.77,7.25,4.13,3.4,7.44,0.71,1.84,Debt : Long Duration,Nil,3.0
UTI CRISIL SDL Maturity June 2027 Index Fund-Reg(G),Sunil Patil,DT-M&LD,Unrated,77.1,0.4,Open Ended,2023-01-11,CRISIL IBX SDL Index - June 2027,11.51,11.52,10.65,0.54,1.48,3.88,8.24,15.99,,,,0.0,50.0,156243.5,55.18,14.37,15.24,Not Applicable,2.23,1.99,7.08,3.28,5.01,10.83,0.25,0.8,Debt : Medium to Long Duration,Nil,2.0
UTI Dividend Yield Fund-Reg(G),Amit Premchandani,EQ-DIV,Unrated,4203.2,2.0,Open Ended,2005-05-03,NIFTY 500 - TRI,176.33,189.77,137.18,-2.46,-7.97,2.33,24.58,30.67,17.56,21.64,13.48,27.0,55.0,165585.0,62.57,13.94,19.42,Financials,,,,15.12,1.4,2.12,0.89,14.04,Equity : Thematic - Dividend Yield,1% before 1Y Nil on or after 1Y,20.0
UTI Dynamic Bond Fund-Reg(G),Sudhir Agarwal,DT-DYN,2,555.0,1.53,Open Ended,2010-06-23,CRISIL Dynamic Bond Index,29.66,29.72,27.29,0.36,0.84,4.12,8.61,7.32,8.22,8.23,6.76,0.0,50.0,156243.5,55.18,14.37,15.24,Not Applicable,14.35,6.9,7.09,1.49,2.47,4.46,0.97,1.77,Debt : Dynamic Bond,Nil,15.0
UTI ELSS Tax Saver Fund-Reg(G),Vishal Chopda,EQ-ELSS,4,3871.5,1.88,Open Ended,2005-08-01,NIFTY 500 - TRI,205.4,222.01,171.76,-1.11,-8.03,-0.99,14.26,19.85,11.65,17.14,12.28,22.0,57.0,182651.0,65.1,23.25,10.08,Financials,,,,6.05,0.8,1.26,0.85,12.86,Equity : Tax Saving (ELSS),Nil,20.0
UTI Equity Savings Fund-Reg(G),V. Srivatsa,HY-EQ,2,641.9,1.66,Open Ended,2018-08-30,Crisil Equity Savings Index,17.66,17.85,16.02,0.11,-1.31,2.15,9.31,12.64,10.57,11.06,,526.0,46.0,347436.0,63.37,4.23,15.24,Financials,5.15,3.83,6.65,3.07,1.31,2.11,0.66,3.83,Hybrid : Equity Oriented,1% on or before 30D Nil after 30D,7.0
UTI Flexi Cap Fund-Reg(G),Ajay Tyagi,EQ-FLEX,4,26298.2,1.66,Open Ended,2005-08-01,NIFTY 500 - TRI,325.23,338.73,262.51,-0.08,-4.86,4.79,15.17,18.39,6.65,16.27,12.41,7.0,63.0,149893.0,59.13,24.09,12.66,Financials,,,,7.28,0.93,1.55,0.7,11.67,Equity : Flexi Cap,Nil upto 10% of units and 1% for remaining units on or before 1Y Nil after 1Y,20.0
UTI Floater Fund-Reg(G),Sudhir Agarwal,DT-FL,3,1430.1,0.81,Open Ended,2018-10-30,CRISIL Short Duration Debt Index,1439.05,1439.05,1345.43,0.56,1.6,3.41,7.0,6.89,5.85,5.62,,0.0,50.0,156243.5,55.18,14.37,15.24,Not Applicable,1.62,1.33,7.74,2.67,8.25,17.43,0.1,0.36,Debt : Floater,Nil,7.0
UTI Focused Fund-Reg(G),Vishal Chopda,EQ-FLEX,Unrated,2682.8,1.96,Open Ended,2021-08-25,NIFTY 500 - TRI,15.18,16.96,12.83,-2.41,-10.56,-2.93,13.45,21.75,13.97,,,25.0,29.0,252657.0,74.84,23.29,15.24,Financials,,,,5.19,0.73,1.14,0.86,13.13,Equity : Flexi Cap,1% upto 1Y Nil on or after 1Y,4.0
UTI FTIF-XXXV-I(1260D)(G),Sunil Patil,DT-FMP,Unrated,315.0,1.08,Closed Ended,2022-11-14,CRISIL Medium Duration Debt Index,11.61,11.61,10.8,0.62,1.56,3.75,7.46,7.07,,,,0.0,50.0,156243.5,55.18,14.37,15.24,Not Applicable,1.35,,,2.7,5.06,10.99,0.23,0.67,Debt : FTP/FMP,,3.0
UTI FTIF-XXXV-II(1223D)(G),Sunil Patil,DT-FMP,Unrated,175.6,1.08,Closed Ended,2022-12-09,CRISIL Medium Duration Debt Index,11.49,11.49,10.69,0.62,1.56,3.75,7.47,7.06,,,,0.0,50.0,156243.5,55.18,14.37,15.24,Not Applicable,1.36,,,2.7,5.04,11.02,0.23,0.67,Debt : FTP/FMP,,3.0
UTI FTIF-XXXV-III(1176D)(G),Sunil Patil,DT-FMP,Unrated,42.6,1.08,Closed Ended,2023-01-25,CRISIL Medium Duration Debt Index,11.43,11.43,10.65,0.62,1.55,3.68,7.38,15.99,,,,0.0,50.0,156243.5,55.18,14.37,15.24,Not Applicable,1.23,,,2.67,5.46,11.95,0.21,0.6,Debt : FTP/FMP,,2.0
UTI FTIF-XXXVI-I(1574D)(G),Sunil Patil,DT-FMP,Unrated,57.6,1.08,Closed Ended,2023-02-28,CRISIL Short Duration Debt Index,11.53,11.53,10.67,0.54,1.5,4.01,7.94,15.99,,,,0.0,50.0,156243.5,55.18,14.37,15.24,Not Applicable,2.53,,,2.65,3.8,8.05,0.4,1.01,Debt : FTP/FMP,,2.0
UTI Gilt Fund with 10 year Constant Duration-Reg(G),Jaydeep Bhowal,DT-GL10Y,Unrated,167.4,0.7,Open Ended,2022-08-01,Crisil 10 Yr Gilt Index,12.0,12.02,10.99,0.34,0.83,4.49,9.03,8.09,,,,0.0,50.0,156243.5,55.18,14.37,15.24,Not Applicable,9.85,6.85,6.92,1.31,2.18,3.82,1.16,2.19,Debt : Gilt (10 Yr Constant Duration),Nil,3.0
UTI Gilt Fund-Reg(G),Sudhir Agarwal,DT-GILT,2,644.7,0.92,Open Ended,2002-01-21,CRISIL Dynamic Gilt Index,60.3,60.5,55.32,0.3,0.32,3.95,8.86,7.68,6.07,6.08,7.43,0.0,50.0,156243.5,55.18,14.37,15.24,Not Applicable,23.46,10.28,7.03,0.93,1.99,3.45,1.23,2.31,Debt : Gilt,Nil,23.0
UTI Gold ETF,Niranjan Das,GOLD-ETF,Unrated,1468.0,0.5,Open Ended,2007-04-10,Gold-India,65.34,67.42,52.3,-0.55,0.59,5.76,19.2,17.28,16.03,13.35,9.81,0.0,50.0,156243.5,55.18,14.37,15.24,Not Applicable,,,,15.88,1.09,1.66,-0.32,13.66,Gold : ETFs,Nil,18.0
UTI Gold ETF FoF-Reg(G),Sharwan Kumar Goyal,GOLD-MF,Unrated,147.7,0.56,Open Ended,2022-10-28,Gold-India,14.82,15.33,11.94,-0.13,0.99,5.78,19.63,16.84,,,,18.0,50.0,156243.5,55.18,14.37,15.24,Not Applicable,,,,14.52,1.22,2.04,0.23,12.46,Gold : MFs,1% on or before 15D Nil after 15D,3.0
UTI Healthcare Fund-Reg(G),Kamal Gada,EQ-PHRM,3,1203.2,2.24,Open Ended,2005-08-01,BSE Health Care - TRI,295.3,295.3,209.03,2.15,1.0,24.04,42.19,41.11,20.3,28.07,13.29,30.0,41.0,45329.0,28.65,25.09,44.15,Healthcare,,,,30.92,2.7,4.92,0.46,12.33,Equity : Sectoral - Pharma,1% on or before 30D Nil after 30D,20.0
UTI India Consumer Fund-Reg(G),Vishal Chopda,EQ-CONS,2,715.4,2.44,Open Ended,2007-07-30,Nifty India Consumption - TRI,58.58,65.38,46.25,-1.08,-10.69,0.94,20.84,23.0,13.89,16.56,11.33,31.0,45.0,135337.0,71.02,14.42,12.47,FMCG,,,,12.37,1.26,2.24,0.69,12.61,Equity : Thematic - Consumption,1% on or before 30D Nil after 30D,18.0
UTI Infrastructure Fund-Reg(G),Sachin Trivedi,EQ-INFRA,2,2252.4,2.18,Open Ended,2004-04-19,Nifty Infrastructure - TRI,139.35,153.85,115.51,-1.54,-9.89,-6.63,18.91,28.37,21.8,20.63,12.38,15.0,55.0,147608.0,62.44,15.69,17.58,Energy,,,,9.6,0.82,1.14,1.13,18.67,Equity : Sectoral - Infrastructure,1% on or before 30D Nil after 30D,21.0
UTI Innovation Fund-Reg(G),Ankit Agarwal,EQ-THEM,Unrated,842.5,2.28,Open Ended,2023-10-13,NIFTY 500 - TRI,12.67,13.24,9.9,2.73,-3.68,7.32,19.03,15.99,,,,11.0,26.0,29955.0,15.64,32.11,45.11,Technology,,,,11.49,0.92,1.47,0.75,16.71,Equity : Thematic,1% on or before 12M Nil after 12M,2.0
UTI Large & Mid Cap Fund-Reg(G),V. Srivatsa,EQ-L&M,4,4048.3,1.95,Open Ended,2009-05-20,NIFTY LargeMidcap 250 - TRI,178.24,187.87,136.83,-0.08,-5.82,3.25,27.01,31.48,22.02,23.22,14.08,43.0,64.0,115434.0,45.43,33.93,15.02,Financials,,,,17.24,1.55,2.3,0.89,13.98,Equity : Large & Mid Cap,1% before 1Y Nil on or after 1Y,16.0
UTI Large Cap Fund-Reg(G),Karthikraj Lakshmanan,EQ-LC,4,12859.8,1.74,Open Ended,2005-08-03,BSE 100 - TRI,266.93,289.76,229.97,-1.1,-7.87,-1.31,11.83,16.87,10.43,15.5,11.61,38.0,60.0,345814.0,84.1,12.38,0.81,Financials,,,,3.63,0.64,1.0,0.86,12.38,Equity : Large Cap,Nil upto 10% of units and 1% for remaining units on or before 1Y Nil after 1Y,20.0
UTI Liquid Fund-Reg(G),Amit Sharma,DT-LIQ,3,25219.1,0.24,Open Ended,2003-12-10,Nifty Liquid Fund Index,4140.76,4140.76,3858.59,0.59,1.74,3.54,7.33,7.17,6.4,5.32,6.32,0.0,50.0,156243.5,55.18,14.37,15.24,Not Applicable,0.16,0.16,7.22,0.73,10.28,5.42,0.88,0.07,Debt : Liquid,0.007% for Day 1 0.0065% on Day 2 0.0060% on Day 3 0.0055% on Day 4 0.0050% on Day 5 0.0045% on Day 6 NIL after 7D,22.0
UTI Long Duration Fund-Reg(G),Sunil Patil,DT-LD,Unrated,118.7,1.5,Open Ended,2023-03-17,NIFTY Long Duration Debt Index,11.59,11.66,10.47,0.15,-0.4,3.21,10.31,15.99,,,,0.0,50.0,156243.5,55.18,14.37,15.24,Not Applicable,35.07,11.99,7.09,0.91,1.86,3.34,1.66,3.15,Debt : Long Duration,Nil,2.0
UTI Low Duration Fund-Reg(G),Anurag Mittal,DT-LOWD,4,3504.6,0.45,Open Ended,2007-04-23,NIFTY Low Duration Debt Index,3409.26,3409.26,3167.33,0.61,1.75,3.82,7.65,7.39,6.42,7.08,6.26,0.0,50.0,156243.5,55.18,14.37,15.24,Not Applicable,1.07,0.94,7.68,3.35,10.33,21.01,0.09,0.35,Debt : Low Duration,Nil,18.0
UTI Medium Duration Fund-Reg(G),Ritesh Nambiar,DT-MD,Unrated,40.3,1.5,Open Ended,2015-03-31,NIFTY Medium Duration Debt Index,17.53,17.53,16.28,0.51,1.27,3.99,7.62,6.99,5.46,4.48,,0.0,50.0,156243.5,55.18,14.37,15.24,Not Applicable,4.7,3.45,7.48,1.99,3.77,7.06,0.5,0.93,Debt : Medium Duration,Nil upto 10% of units and 1% for remaining units on or before 12M Nil after 12M,10.0
UTI Medium to Long Duration Fund-Reg(G),Sunil Patil,DT-M&LD,1,314.2,1.62,Open Ended,1998-06-17,CRISIL Medium to Long Term Debt Index,70.3,70.4,64.72,0.31,0.84,4.06,8.47,7.38,8.2,6.96,5.59,0.0,50.0,156243.5,55.18,14.37,15.24,Not Applicable,10.47,6.65,7.36,1.29,2.33,4.13,0.99,1.82,Debt : Medium to Long Duration,Nil,27.0
UTI MEPUS,Karthikraj Lakshmanan,EQ-ELSS,Unrated,2959.6,1.08,Closed Ended,2003-03-28,BSE 100 - TRI,223.42,243.21,192.64,-1.22,-8.15,-1.7,11.9,17.02,11.67,14.84,11.4,37.64,62.0,332176.0,83.09,12.23,2.47,Financials,14.57,,,3.73,0.65,1.01,0.85,12.35,Equity : Tax Saving (ELSS),Nil,22.0
UTI Mid Cap Fund-Reg(G),Ankit Agarwal,EQ-MID,4,12029.0,1.75,Open Ended,2005-07-30,Nifty Midcap 150 - TRI,308.63,324.49,241.37,0.06,-5.73,2.07,23.45,27.65,17.43,24.93,14.94,38.0,87.0,46491.0,7.88,64.34,24.08,Financials,,,,14.79,1.27,1.93,0.8,14.79,Equity : Mid Cap,1% on or before 1Y Nil after 1Y,20.0
UTI MNC Fund-Reg(G),Karthikraj Lakshmanan,EQ-MNC,Unrated,2981.4,2.02,Open Ended,1998-10-14,NIFTY MNC - TRI,397.29,430.65,330.98,-0.66,-8.97,-2.75,16.9,20.81,12.78,14.94,11.25,38.0,48.0,55376.0,36.18,26.26,32.7,Automobile and Ancillaries,,,,9.68,1.08,1.69,0.61,11.84,Equity : Thematic - MNC,1% on or before 1Y Nil after 1Y,27.0
UTI Money Market Fund-Reg(G),Amit Sharma,DT-MM,3,16371.6,0.23,Open Ended,2009-07-09,CRISIL Money Market Index,2965.92,2965.92,2754.44,0.64,1.81,3.72,7.7,7.57,6.69,5.96,6.82,0.0,50.0,156243.5,55.18,14.37,15.24,Not Applicable,0.41,0.41,7.41,3.58,11.1,23.01,0.03,0.33,Debt : Money Market,Nil,16.0
UTI Multi Asset Allocation Fund-Reg(G),Sharwan Kumar Goyal,HY-MULTI,Unrated,4682.3,1.78,Open Ended,2008-12-17,CRISIL Composite Bond Index,72.6,74.75,59.34,0.62,-3.28,3.76,21.05,25.55,18.12,15.71,9.94,293.0,89.0,269441.0,54.31,13.41,0.15,Technology,5.01,3.57,6.9,12.02,1.87,2.85,1.27,8.43,Hybrid : Multi Asset Allocation,1% on or before 30D Nil after 30D,17.0
UTI Nifty 10 yr Benchmark G-Sec ETF,Jaydeep Bhowal,DT-ETF,Unrated,21.9,0.25,Open Ended,2024-01-29,Nifty 10 yr Benchmark G-Sec,24.48,24.55,22.44,0.4,1.03,4.68,11.97,15.99,,,,536.79,50.0,156243.5,55.18,14.37,15.24,Not Applicable,,,,4.33,1.34,2.01,0.88,12.37,Debt : ETFs,,1.0
UTI Nifty 5 yr Benchmark G-Sec ETF,Jaydeep Bhowal,DT-ETF,Unrated,21.5,0.2,Open Ended,2024-01-29,Nifty 5 yr Benchmark G-Sec Index TRI,59.24,59.24,54.88,0.49,1.22,4.53,11.97,15.99,,,,549.07,50.0,156243.5,55.18,14.37,15.24,Not Applicable,,,,4.33,1.34,2.01,0.88,12.37,Debt : ETFs,,1.0
UTI Nifty 50 ETF,Sharwan Kumar Goyal,EQ-ETF,Unrated,59666.8,0.05,Open Ended,2015-09-01,NIFTY 50 - TRI,262.84,284.46,228.39,-1.61,-7.82,-1.24,10.39,16.49,12.91,15.68,,13.44,50.0,555827.0,98.74,1.25,15.24,Financials,,,,2.32,0.5,0.76,0.99,13.91,Equity : ETFs,,10.0
UTI Nifty 50 Index Fund-Reg(G),Sharwan Kumar Goyal,EQ-INDX,5,20082.9,0.25,Open Ended,2000-03-04,NIFTY 50 - TRI,164.97,178.65,143.77,-1.63,-7.88,-1.36,10.05,16.12,12.58,15.38,12.04,7.0,50.0,555827.0,98.8,1.25,15.24,Financials,,,,1.61,0.48,0.73,1.0,13.97,Equity : Index Funds,Nil,25.0
UTI Nifty 500 Value 50 Index Fund-Reg(G),Sharwan Kumar Goyal,EQ-INDX,Unrated,510.4,1.03,Open Ended,2023-05-10,NIFTY500 Value 50 - TRI,18.64,21.22,15.34,-5.24,-13.19,-8.73,18.66,15.99,,,,69.96,51.0,111993.0,63.71,19.91,15.66,Energy,,,,10.46,0.69,0.97,1.37,25.15,Equity : Index Funds,Nil,2.0
UTI Nifty Alpha Low-Volatility 30 Index Fund-Reg(G),Sharwan Kumar Goyal,EQ-INDX,Unrated,709.5,1.08,Open Ended,2024-11-28,NIFTY Alpha Low-Volatility 30 - TRI,10.06,10.3,9.88,-0.94,-2.11,3.25,11.97,15.99,,,,18.0,50.0,156243.5,55.18,14.37,15.24,,,,,4.33,1.34,2.01,0.88,12.37,Equity : Index Funds,Nil,1.0
UTI Nifty Bank ETF,Sharwan Kumar Goyal,EQ-ETF,Unrated,3529.7,0.16,Open Ended,2020-09-03,NIFTY BANK,52.84,55.7,45.59,-1.93,-3.54,-2.67,6.66,10.1,14.1,,,27.78,12.0,538946.0,86.42,13.58,15.24,Financials,1.0,,,-1.21,0.22,0.32,1.08,17.43,Equity : ETFs,,5.0
UTI Nifty IT ETF,Sharwan Kumar Goyal,EQ-ETF,Unrated,6.0,0.19,Open Ended,2024-01-25,NIFTY IT - TRI,450.01,466.75,325.98,0.51,2.73,18.36,11.97,15.99,,,,27.49,10.0,429406.0,83.83,16.16,15.24,Technology,,,,4.33,1.34,2.01,0.88,12.37,Equity : ETFs,,1.0
UTI Nifty Midcap 150 ETF,Sharwan Kumar Goyal,EQ-ETF,Unrated,7.5,0.25,Open Ended,2023-08-30,Nifty Midcap 150 - TRI,215.43,225.65,169.57,1.62,-5.03,1.2,24.15,15.99,,,,63.45,151.0,58766.0,6.44,86.67,6.78,Financials,,,,15.52,1.14,1.64,0.96,17.54,Equity : ETFs,,2.0
UTI Nifty Midcap 150 Index Fund-Reg(G),Sharwan Kumar Goyal,EQ-INDX,Unrated,709.5,1.08,Open Ended,2024-11-28,Nifty Midcap 150 - TRI,10.28,10.49,10.0,1.72,-2.11,3.25,11.97,15.99,,,,18.0,50.0,156243.5,55.18,14.37,15.24,,,,,4.33,1.34,2.01,0.88,12.37,Equity : Index Funds,Nil,1.0
UTI Nifty Midcap 150 Quality 50 Index Fund-Reg(G),Sharwan Kumar Goyal,EQ-INDX,Unrated,250.6,0.88,Open Ended,2022-04-11,NIFTY Midcap150 Quality 50 - TRI,14.34,15.2,11.51,-0.23,-6.25,-0.86,19.21,23.72,,,,41.81,50.0,51216.0,6.94,75.04,17.97,Technology,,,,11.24,1.02,1.6,0.8,14.9,Equity : Index Funds,Nil,3.0
UTI Nifty Next 50 Index Fund-Reg(G),Sharwan Kumar Goyal,EQ-INDX,4,4872.9,0.8,Open Ended,2018-06-28,NIFTY NEXT 50 - TRI,24.56,27.64,18.95,-3.43,-11.64,-5.45,27.66,27.67,17.75,19.26,,44.0,50.0,143043.0,88.29,11.77,15.24,Financials,,,,17.19,1.14,1.65,1.14,20.18,Equity : Index Funds,Nil,7.0
UTI Nifty Private Bank Index Fund-Reg(G),Sharwan Kumar Goyal,EQ-INDX,Unrated,155.4,1.04,Open Ended,2024-09-20,Nifty Private Bank - TRI,9.35,10.12,9.1,-1.81,-6.18,3.25,11.97,15.99,,,,19.3,10.0,417376.0,83.44,13.62,3.09,Financials,,,,4.33,1.34,2.01,0.88,12.37,Equity : Index Funds,Nil,1.0
UTI Nifty SDL Plus AAA PSU Bond Apr 2026 75:25 Index Fund-Reg(G),Sunil Patil,DT-MD,Unrated,177.8,0.41,Open Ended,2023-02-10,Nifty SDL Plus AAA PSU Bond Apr 2026 75:25 Index,11.43,11.43,10.62,0.55,1.59,3.71,7.6,15.99,,,,0.0,50.0,156243.5,55.18,14.37,15.24,Not Applicable,1.16,1.06,7.23,3.05,6.41,15.32,0.15,0.55,Debt : Medium Duration,Nil,2.0
UTI Nifty SDL Plus AAA PSU Bond Apr 2028 75:25 Index Fund-Reg(G),Sunil Patil,DT-M&LD,Unrated,40.1,0.4,Open Ended,2023-03-03,Nifty SDL Plus AAA PSU Bond Apr 2028 75:25 Index,11.51,11.51,10.62,0.44,1.41,4.11,8.24,15.99,,,,0.0,50.0,156243.5,55.18,14.37,15.24,Not Applicable,3.17,2.69,7.23,2.97,3.97,8.34,0.36,1.02,Debt : Medium to Long Duration,Nil,2.0
UTI Nifty200 Momentum 30 Index Fund-Reg(G),Sharwan Kumar Goyal,EQ-INDX,Unrated,8333.8,0.92,Open Ended,2021-03-10,Nifty200 Momentum 30 - TRI,22.74,25.81,18.54,-3.66,-12.61,-7.42,20.67,31.38,17.64,,,84.0,30.0,199220.0,87.17,12.92,15.24,Automobile and Ancillaries,,,,11.52,0.8,1.18,1.24,22.1,Equity : Index Funds,Nil,4.0
UTI Nifty200 Quality 30 Index Fund-Reg(G),Sharwan Kumar Goyal,EQ-INDX,Unrated,366.4,1.04,Open Ended,2024-09-20,NIFTY200 Quality 30 - TRI,9.12,10.12,8.88,-2.18,-10.89,3.25,11.97,15.99,,,,18.0,30.0,210990.0,75.71,23.89,0.94,Technology,,,,4.33,1.34,2.01,0.88,12.37,Equity : Index Funds,Nil,1.0
UTI NIFTY50 Equal Weight Index Fund-Reg(G),Sharwan Kumar Goyal,EQ-INDX,Unrated,90.5,1.04,Open Ended,2023-06-07,NIFTY50 Equal Weight - TRI,13.71,15.35,12.01,-1.61,-11.76,-3.18,9.74,15.99,,,,33.27,50.0,290185.0,96.57,3.67,15.24,Financials,,,,1.64,0.45,0.7,0.96,14.33,Equity : Index Funds,Nil,2.0
UTI Overnight Fund-Reg(G),Ritesh Nambiar,DT-ON,4,6024.9,0.11,Open Ended,2003-12-09,CRISIL Liquid Overnight Index,3405.74,3405.74,3193.39,0.55,1.62,3.26,6.67,6.65,5.98,4.87,5.78,0.0,50.0,156243.5,55.18,14.37,15.24,Not Applicable,,,6.48,0.3,35.75,2.23,0.88,0.01,Debt : Overnight,Nil,22.0
UTI Quant Fund-Reg(G),Sharwan Kumar Goyal,EQ-THEM,Unrated,709.5,1.08,Open Ended,,BSE 200 - TRI,26.17,27.64,22.01,0.31,-2.11,3.25,11.97,15.99,,,,18.0,50.0,156243.5,55.18,14.37,15.24,,,,,4.33,1.34,2.01,0.88,12.37,Equity : Thematic,1% on or before 90D Nil after 90D,
UTI Quarterly Interval Fund-I-(G),Sunil Patil,DT-FMP,Unrated,9.7,1.08,Interval,2007-06-15,CRISIL Liquid Debt Index,32.91,32.91,30.81,0.55,1.55,3.18,6.84,6.66,5.97,4.75,5.84,0.0,50.0,156243.5,55.18,14.37,15.24,Not Applicable,0.05,,,2.77,10.02,20.41,0.01,0.28,Debt : FTP/FMP,Nil,18.0
UTI Quarterly Interval Fund-II-(G),Sunil Patil,DT-FMP,Unrated,2.2,1.08,Interval,2008-07-31,CRISIL Liquid Debt Index,29.56,29.56,27.77,0.53,1.5,3.07,6.47,6.47,5.82,4.66,5.87,0.0,50.0,156243.5,55.18,14.37,15.24,Not Applicable,0.01,,,2.39,9.1,18.97,0.01,0.27,Debt : FTP/FMP,Nil,17.0
UTI Quarterly Interval Fund-III-(G),Sunil Patil,DT-FMP,Unrated,8.8,1.08,Interval,2008-08-27,CRISIL Liquid Debt Index,30.06,30.06,28.15,0.57,1.58,3.23,6.82,6.78,6.03,4.8,5.98,0.0,50.0,156243.5,55.18,14.37,15.24,Not Applicable,0.04,,,2.75,9.26,21.58,0.02,0.3,Debt : FTP/FMP,Nil,17.0
UTI Retirement Fund,V. Srivatsa,HY-SOL,2,4646.5,1.66,Open Ended,1994-12-27,CRISIL Short Term Debt Hybrid 60+40 Index,48.36,49.19,41.88,0.05,-1.9,3.6,14.52,15.79,12.26,13.37,9.54,35.0,65.0,157743.0,22.94,8.71,6.39,Financials,10.72,6.61,7.12,6.1,1.68,2.48,1.31,5.92,Hybrid : Solution Oriented,1% upto 1Y Nil on or after 1Y,31.0
UTI Short Duration Fund-Reg(G),Sudhir Agarwal,DT-SD,4,2639.7,0.84,Open Ended,2007-09-18,CRISIL Short Duration Debt Index,30.38,30.39,28.18,0.55,1.54,3.99,7.89,7.38,6.17,7.44,6.32,0.0,50.0,156243.5,55.18,14.37,15.24,Not Applicable,3.24,2.38,7.51,2.97,6.09,12.52,0.27,0.62,Debt : Short Duration,Nil,18.0
UTI Silver ETF,Niranjan Das,GOLD-ETF,Unrated,151.8,0.53,Open Ended,2023-04-17,Silver,85.64,97.65,69.09,-4.33,-5.68,-3.93,13.76,15.99,,,,99.27,50.0,156243.5,55.18,14.37,15.24,Not Applicable,,,,10.46,0.52,0.89,0.63,23.71,Gold : ETFs,,2.0
UTI Silver ETF FoF-Reg(G),Sharwan Kumar Goyal,FOF-DOM,Unrated,40.3,0.5,Open Ended,2023-04-21,Silver,11.39,12.88,9.15,-3.34,-4.36,-3.62,15.81,15.99,,,,18.0,50.0,156243.5,55.18,14.37,15.24,Not Applicable,,,,12.02,0.6,1.05,0.52,22.75,FoFs : Domestic,1% on or before 15D Nil after 15D,2.0
UTI Small Cap Fund-Reg(G),Ankit Agarwal,EQ-SML,Unrated,4650.6,1.85,Open Ended,2020-12-22,Nifty Smallcap 250 - TRI,27.22,27.66,19.41,1.62,-0.59,8.78,27.38,31.68,20.08,,,40.0,91.0,15797.0,55.18,14.62,82.15,Financials,,,,18.22,1.34,2.02,0.8,16.57,Equity : Small Cap,1% on or before 1Y Nil after 1Y,5.0
UTI Transportation & Logistics Fund-Reg(G),Sachin Trivedi,EQ-AUTO,Unrated,3471.9,1.95,Open Ended,2004-04-16,Nifty Transportation & Logistics - TRI,257.2,292.85,206.29,-1.27,-13.32,-8.31,19.98,31.08,25.55,22.14,11.63,16.0,37.0,131115.0,73.84,10.07,12.7,Automobile and Ancillaries,,,,11.21,0.96,1.51,0.9,16.45,Equity : Sectoral - Auto,1% on or before 30D Nil after 30D,21.0
UTI ULIP(G),Sunil Patil,HY-DT(BA),Unrated,5463.2,1.64,Open Ended,,NIFTY 50 Hybrid Composite Debt 50:50 Index,40.73,41.05,35.68,0.26,-1.19,4.83,11.76,12.17,7.09,9.86,8.09,6.0,69.0,153981.0,23.61,9.81,4.6,Financials,10.72,6.63,7.12,3.83,1.46,2.48,1.15,4.95,Hybrid : Debt Oriented (Balanced),2% on or before maturityNil after maturity,
UTI Ultra Short Duration Fund-Reg(G),Ritesh Nambiar,DT-USD,3,3038.7,0.94,Open Ended,2003-08-29,NIFTY Ultra Short Duration Debt Index,4092.54,4092.54,3819.17,0.59,1.69,3.49,7.17,6.96,6.05,5.89,6.36,0.0,50.0,156243.5,55.18,14.37,15.24,Not Applicable,0.46,0.43,7.59,3.05,10.7,21.71,0.03,0.29,Debt : Ultra Short Duration,Nil,22.0
UTI Value Fund-Reg(G),Amit Premchandani,EQ-VAL,3,10159.1,1.82,Open Ended,2005-07-20,NIFTY 500 - TRI,165.82,177.8,129.26,-2.08,-7.44,1.72,23.41,25.65,18.27,20.55,12.99,34.0,63.0,173579.0,63.36,19.04,15.97,Financials,,,,13.78,1.33,2.01,0.91,13.83,Equity : Value / Contra,Nil upto 10% of units and 1% for remaining units on or before 1Y Nil after 1Y,20.0
UTI-Nifty Next 50 ETF,Sharwan Kumar Goyal,EQ-ETF,Unrated,2467.3,0.15,Open Ended,2017-08-04,NIFTY NEXT 50,73.5,82.59,56.34,-3.39,-11.5,-5.12,28.57,28.56,18.58,20.14,,39.24,50.0,143043.0,88.21,11.76,15.24,Financials,,,,18.27,1.17,1.7,1.14,20.15,Equity : ETFs,,8.0
WOC Arbitrage Fund-Reg(G),Ramesh Mantri,HY-ARB,Unrated,133.9,1.14,Open Ended,2024-09-09,Nifty 50 Arbitrage - TRI,10.2,10.2,10.0,0.69,1.69,3.25,11.97,15.99,,,,0.0,51.0,283413.0,61.46,10.75,1.87,Financials,0.29,0.27,6.97,4.33,1.34,2.01,0.88,12.37,Hybrid : Arbitrage,0.25% on or before 7D Nil after 7D,1.0
WOC Balanced Advantage Fund-Reg(G),Ramesh Mantri,HY-DYN,Unrated,1272.6,2.11,Open Ended,2023-02-10,CRISIL Hybrid 50+50 - Moderate Index,13.89,13.98,11.68,0.31,-0.84,5.12,17.18,15.99,,,,332.0,89.0,209477.0,50.5,6.42,9.4,Financials,4.07,2.92,7.33,7.89,1.52,2.26,1.55,8.17,Hybrid : Dynamic Asset Allocation,1% on or before 1M Nil after 1M,2.0
WOC Balanced Hybrid Fund-Reg(G),Ramesh Mantri,HY-DYN,Unrated,154.1,2.14,Open Ended,2023-10-27,CRISIL Hybrid 50+50 - Moderate Index,12.58,12.78,10.71,0.09,-1.77,4.33,15.75,15.99,,,,103.0,96.0,148596.0,35.67,6.93,11.4,Financials,4.83,3.49,7.15,6.98,1.4,2.07,1.52,8.23,Hybrid : Dynamic Asset Allocation,1% on or before 1M Nil after 1M,2.0
WOC Banking & Financial Services Fund-Reg(G),Trupti Agrawal,EQ-FIN,Unrated,301.9,2.39,Open Ended,2024-02-06,Nifty Financial Services - TRI,11.67,11.94,9.53,1.17,-2.15,3.93,11.97,15.99,,,,18.0,37.0,175786.0,53.1,8.79,24.28,Financials,,,,4.33,1.34,2.01,0.88,12.37,Equity : Sectoral - Financial Services,1% on or before 1M Nil after 1M,1.0
WOC Digital Bharat Fund-Reg(G),Ramesh Mantri,EQ-TECH,Unrated,278.2,2.37,Open Ended,2024-10-11,BSE TECk Index - TRI,10.93,10.93,9.48,6.67,-2.11,3.25,11.97,15.99,,,,18.0,27.0,91141.0,42.85,18.42,33.4,Technology,,,,4.33,1.34,2.01,0.88,12.37,Equity : Sectoral - Technology,1% on or before 1M Nil after 1M,1.0
WOC ELSS Tax Saver Fund-Reg(G),Ramesh Mantri,EQ-ELSS,Unrated,308.5,2.34,Open Ended,2022-10-14,BSE 500 - TRI,17.57,17.85,13.25,0.89,-0.23,8.77,29.16,31.32,,,,42.0,138.0,77265.0,47.81,14.14,35.66,Financials,,,,18.62,1.58,2.33,0.9,14.66,Equity : Tax Saving (ELSS),Nil,3.0
WOC ESG Best-In-Class Strategy Fund-Reg(G),Ramesh Mantri,EQ-THEM,Unrated,59.3,2.36,Open Ended,2024-10-30,NIFTY100 ESG - TRI,10.33,10.5,9.73,0.25,-2.11,3.25,11.97,15.99,,,,18.0,58.0,177220.0,61.88,14.14,15.05,Financials,,,,4.33,1.34,2.01,0.88,12.37,Equity : Thematic,1% on or before 1M Nil after 1M,1.0
WOC Flexi Cap Fund-Reg(G),Ramesh Mantri,EQ-FLEX,Unrated,4326.0,1.84,Open Ended,2022-08-02,BSE 500 - TRI,17.31,17.55,13.51,0.78,-1.99,6.74,24.47,28.43,,,,143.0,120.0,112125.0,53.38,11.58,26.44,Financials,,,,14.77,1.35,1.98,0.91,14.33,Equity : Flexi Cap,1% on or before 1M Nil after 1M,3.0
WOC Large & Mid Cap Fund-Reg(G),Ramesh Mantri,EQ-L&M,Unrated,1537.5,2.04,Open Ended,2023-12-22,BSE 250 LargeMidCap Index - TRI,13.0,13.23,10.08,1.16,-2.19,5.2,26.24,15.99,,,,18.0,114.0,147707.0,54.02,33.42,7.34,Financials,,,,16.0,1.38,2.04,0.95,15.04,Equity : Large & Mid Cap,1% on or before 1M Nil after 1M,2.0
WOC Large Cap Fund-Reg(G),Ramesh Mantri,EQ-LC,Unrated,661.4,2.32,Open Ended,2022-12-01,BSE 100 - TRI,14.56,15.26,11.64,-0.8,-4.63,2.68,21.36,23.09,,,,131.0,66.0,289129.0,80.49,7.21,5.39,Financials,,,,11.82,1.15,1.72,0.98,14.56,Equity : Large Cap,1% on or before 1M Nil after 1M,3.0
WOC Liquid Fund-Reg(G),Piyush Baranwal,DT-LIQ,Unrated,273.2,0.29,Open Ended,2019-01-17,CRISIL Liquid Debt Index,1358.47,1358.47,1266.81,0.58,1.72,3.49,7.25,7.04,6.18,5.0,,0.0,50.0,156243.5,55.18,14.37,15.24,Not Applicable,0.14,0.13,7.06,1.66,10.62,13.06,0.88,0.16,Debt : Liquid,0.007% for Day 1 0.0065% on Day 2 0.0060% on Day 3 0.0055% on Day 4 0.0050% on Day 5 0.0045% on Day 6 NIL on or after 7D,6.0
WOC Mid Cap Fund-Reg(G),Ramesh Mantri,EQ-MID,Unrated,2676.2,1.92,Open Ended,2022-09-07,BSE 150 MidCap - TRI,19.48,19.57,14.17,3.01,1.14,10.65,34.49,38.57,,,,183.0,117.0,49147.0,15.52,61.44,17.52,Financials,,,,22.96,1.72,2.55,0.88,15.95,Equity : Mid Cap,1% on or before 1M Nil after 1M,3.0
WOC Multi Asset Allocation Fund-Reg(G),Ramesh Mantri,HY-MULTI,Unrated,1053.4,1.91,Open Ended,2023-05-19,CRISIL Short Term Bond Index,13.01,13.11,10.99,0.4,0.88,6.16,17.8,15.99,,,,303.0,92.0,284558.0,27.64,2.92,4.22,Financials,2.91,2.13,7.18,10.68,2.41,3.77,0.84,5.46,Hybrid : Multi Asset Allocation,1% on or before 1M Nil after 1M,2.0
WOC Multi Cap Fund-Reg(G),Ramesh Mantri,EQ-MLC,Unrated,1397.9,2.07,Open Ended,2023-09-22,Nifty500 Multicap 50:25:25 - TRI,14.93,15.15,11.32,1.14,-0.43,8.65,29.52,15.99,,,,128.0,165.0,68890.0,38.64,23.86,31.42,Financials,,,,19.03,1.58,2.3,0.89,14.88,Equity : Multi Cap,1% on or before 1M Nil after 1M,2.0
WOC Pharma and Healthcare Fund-Reg(G),Ramesh Mantri,EQ-PHRM,Unrated,254.1,2.39,Open Ended,2024-02-06,BSE Health Care - TRI,13.88,13.88,9.51,4.43,5.88,29.52,11.97,15.99,,,,18.0,41.0,46957.0,21.22,28.81,36.66,Healthcare,,,,4.33,1.34,2.01,0.88,12.37,Equity : Sectoral - Pharma,1% on or before 1M Nil after 1M,1.0
WOC Quality Equity Fund-Reg(G),Ramesh Mantri,EQ-THEM,Unrated,709.5,1.08,Open Ended,,BSE Quality Index - TRI,26.17,27.64,22.01,0.31,-2.11,3.25,11.97,15.99,,,,18.0,50.0,156243.5,55.18,14.37,15.24,,,,,4.33,1.34,2.01,0.88,12.37,Equity : Thematic,1% on or before 1M Nil after 1M,
WOC Special Opp Fund-Reg(G),Dheeresh Pathak,EQ-THEM,Unrated,672.1,2.31,Open Ended,2024-06-04,BSE 500 - TRI,12.69,12.89,10.0,2.16,-0.71,10.57,11.97,15.99,,,,18.0,60.0,62264.0,32.69,13.99,36.93,Financials,,,,4.33,1.34,2.01,0.88,12.37,Equity : Thematic,1% on or before 1M Nil after 1M,1.0
WOC Ultra Short Duration Fund-Reg(G),Piyush Baranwal,DT-USD,Unrated,319.1,1.03,Open Ended,2019-06-06,CRISIL Ultra Short Term Debt Index,1316.18,1316.18,1231.92,0.6,1.66,3.33,6.86,6.62,5.72,4.93,,0.0,50.0,156243.5,55.18,14.37,15.24,Not Applicable,0.44,0.4,7.49,2.75,9.7,20.41,0.03,0.29,Debt : Ultra Short Duration,Nil,6.0
Zerodha Gold ETF,Shyam Agarwal,GOLD-ETF,Unrated,126.2,0.31,Open Ended,2024-02-26,Gold-India,12.26,12.68,10.0,-0.15,1.33,6.35,11.97,15.99,,,,18.0,50.0,156243.5,55.18,14.37,15.24,Not Applicable,,,,4.33,1.34,2.01,0.88,12.37,Gold : ETFs,,1.0
Zerodha Nifty 100 ETF,Kedarnath Mirajkar,EQ-ETF,Unrated,30.0,0.22,Open Ended,2024-06-12,NIFTY 100 - TRI,10.32,11.22,9.95,-1.83,-8.4,-1.86,11.97,15.99,,,,2.0,100.0,437220.0,96.85,3.08,15.24,Financials,,,,4.33,1.34,2.01,0.88,12.37,Equity : ETFs,,1.0
Zerodha Nifty 1D Rate Liquid ETF,Apurv Parikh,DT-ETF,Unrated,3249.5,0.26,Open Ended,2024-01-17,Nifty 1D Rate Index,106.25,106.25,100.0,0.53,1.56,3.14,11.97,15.99,,,,0.0,50.0,156243.5,55.18,14.37,15.24,Not Applicable,0.01,,,4.33,1.34,2.01,0.88,12.37,Debt : ETFs,,1.0
Zerodha Nifty Midcap 150 ETF,Kedarnath Mirajkar,EQ-ETF,Unrated,35.2,0.18,Open Ended,2024-06-12,Nifty Midcap 150 - TRI,10.61,11.1,9.88,1.66,-4.91,1.44,11.97,15.99,,,,14.0,151.0,58766.0,6.44,86.73,6.76,Financials,,,,4.33,1.34,2.01,0.88,12.37,Equity : ETFs,,1.0
